2019-03-29 23:56:36,901 [Worker-2: Loading available Gradle versions] INFO  o.e.b.c.i.u.g.PublishedGradleVersions - Gradle version information cache is out-of-date. Trying to update.
2019-03-30 00:01:34,695 [Worker-11: Creating maven-archetype-quickstart] INFO  o.e.m.c.i.p.ProjectConfigurationManager - Collecting project info '/pom.xml' D:\Java\Eclipse\DatConverter\converter.dat\pom.xml
2019-03-30 00:01:36,482 [Worker-11: Creating maven-archetype-quickstart] INFO  o.e.m.c.i.l.LifecycleMappingFactory - Using org.eclipse.m2e.jdt.JarLifecycleMapping lifecycle mapping for MavenProject: info.aaemu:converter.dat:0.0.1-SNAPSHOT @ D:\Java\Eclipse\DatConverter\converter.dat\pom.xml.
2019-03-30 00:01:37,675 [Worker-11: Creating maven-archetype-quickstart] INFO  o.e.m.j.i.AbstractJavaProjectConfigurator - Adding source folder /converter.dat/src/main/java
2019-03-30 00:01:37,681 [Worker-11: Creating maven-archetype-quickstart] INFO  o.e.m.j.i.AbstractJavaProjectConfigurator - Adding source folder /converter.dat/src/test/java
2019-03-30 00:01:38,637 [Worker-11: Creating maven-archetype-quickstart] INFO  o.e.m.c.i.p.ProjectConfigurationManager - Imported and configured 1 project(s) in 3 sec
2019-03-30 00:01:39,702 [Worker-11: Building workspace] INFO  o.e.m.c.i.embedder.EclipseLogger - Using 'UTF-8' encoding to copy filtered resources.
2019-03-30 00:01:39,702 [Worker-11: Building workspace] INFO  o.e.m.c.i.embedder.EclipseLogger - skip non existing resourceDirectory D:\Java\Eclipse\DatConverter\converter.dat\src\main\resources
2019-03-30 00:01:39,706 [Worker-11: Building workspace] INFO  o.e.m.c.i.embedder.EclipseLogger - Using 'UTF-8' encoding to copy filtered resources.
2019-03-30 00:01:39,706 [Worker-11: Building workspace] INFO  o.e.m.c.i.embedder.EclipseLogger - skip non existing resourceDirectory D:\Java\Eclipse\DatConverter\converter.dat\src\test\resources
2019-03-30 00:02:15,419 [Worker-19: Building workspace] INFO  o.e.m.c.i.l.LifecycleMappingFactory - Using org.eclipse.m2e.jdt.JarLifecycleMapping lifecycle mapping for MavenProject: info.aaemu:converter.dat:0.0.1-SNAPSHOT @ D:\Java\Eclipse\DatConverter\converter.dat\pom.xml.
2019-03-30 00:02:16,053 [Worker-19: Building workspace] INFO  o.e.m.c.i.embedder.EclipseLogger - Using 'UTF-8' encoding to copy filtered resources.
2019-03-30 00:02:16,053 [Worker-19: Building workspace] INFO  o.e.m.c.i.embedder.EclipseLogger - skip non existing resourceDirectory D:\Java\Eclipse\DatConverter\converter.dat\src\main\resources
2019-03-30 00:02:16,058 [Worker-19: Building workspace] INFO  o.e.m.c.i.embedder.EclipseLogger - Using 'UTF-8' encoding to copy filtered resources.
2019-03-30 00:02:16,059 [Worker-19: Building workspace] INFO  o.e.m.c.i.embedder.EclipseLogger - skip non existing resourceDirectory D:\Java\Eclipse\DatConverter\converter.dat\src\test\resources
2019-03-30 00:02:17,828 [Worker-18: Building workspace] INFO  o.e.m.c.i.embedder.EclipseLogger - Using 'UTF-8' encoding to copy filtered resources.
2019-03-30 00:02:17,829 [Worker-18: Building workspace] INFO  o.e.m.c.i.embedder.EclipseLogger - skip non existing resourceDirectory D:\Java\Eclipse\DatConverter\converter.dat\src\main\resources
2019-03-30 00:02:17,832 [Worker-18: Building workspace] INFO  o.e.m.c.i.embedder.EclipseLogger - Using 'UTF-8' encoding to copy filtered resources.
2019-03-30 00:02:17,832 [Worker-18: Building workspace] INFO  o.e.m.c.i.embedder.EclipseLogger - skip non existing resourceDirectory D:\Java\Eclipse\DatConverter\converter.dat\src\test\resources
2019-03-30 00:02:21,462 [Worker-19: Building workspace] INFO  o.e.m.c.i.embedder.EclipseLogger - Using 'UTF-8' encoding to copy filtered resources.
2019-03-30 00:02:21,463 [Worker-19: Building workspace] INFO  o.e.m.c.i.embedder.EclipseLogger - skip non existing resourceDirectory D:\Java\Eclipse\DatConverter\converter.dat\src\main\resources
2019-03-30 00:02:21,490 [Worker-19: Building workspace] INFO  o.e.m.c.i.embedder.EclipseLogger - Using 'UTF-8' encoding to copy filtered resources.
2019-03-30 00:02:21,491 [Worker-19: Building workspace] INFO  o.e.m.c.i.embedder.EclipseLogger - skip non existing resourceDirectory D:\Java\Eclipse\DatConverter\converter.dat\src\test\resources
2019-03-30 00:02:43,288 [Worker-19: Building workspace] INFO  o.e.m.c.i.embedder.EclipseLogger - Using 'UTF-8' encoding to copy filtered resources.
2019-03-30 00:02:43,289 [Worker-19: Building workspace] INFO  o.e.m.c.i.embedder.EclipseLogger - skip non existing resourceDirectory D:\Java\Eclipse\DatConverter\converter.dat\src\main\resources
2019-03-30 00:02:43,291 [Worker-19: Building workspace] INFO  o.e.m.c.i.embedder.EclipseLogger - Using 'UTF-8' encoding to copy filtered resources.
2019-03-30 00:02:43,291 [Worker-19: Building workspace] INFO  o.e.m.c.i.embedder.EclipseLogger - skip non existing resourceDirectory D:\Java\Eclipse\DatConverter\converter.dat\src\test\resources
2019-03-30 00:02:48,743 [Worker-8: Building workspace] INFO  o.e.m.c.i.embedder.EclipseLogger - Using 'UTF-8' encoding to copy filtered resources.
2019-03-30 00:02:48,743 [Worker-8: Building workspace] INFO  o.e.m.c.i.embedder.EclipseLogger - skip non existing resourceDirectory D:\Java\Eclipse\DatConverter\converter.dat\src\main\resources
2019-03-30 00:02:48,748 [Worker-8: Building workspace] INFO  o.e.m.c.i.embedder.EclipseLogger - Using 'UTF-8' encoding to copy filtered resources.
2019-03-30 00:02:48,749 [Worker-8: Building workspace] INFO  o.e.m.c.i.embedder.EclipseLogger - skip non existing resourceDirectory D:\Java\Eclipse\DatConverter\converter.dat\src\test\resources
2019-03-30 00:03:02,472 [Worker-19: Building workspace] INFO  o.e.m.c.i.embedder.EclipseLogger - Using 'UTF-8' encoding to copy filtered resources.
2019-03-30 00:03:02,472 [Worker-19: Building workspace] INFO  o.e.m.c.i.embedder.EclipseLogger - skip non existing resourceDirectory D:\Java\Eclipse\DatConverter\converter.dat\src\main\resources
2019-03-30 00:03:02,475 [Worker-19: Building workspace] INFO  o.e.m.c.i.embedder.EclipseLogger - Using 'UTF-8' encoding to copy filtered resources.
2019-03-30 00:03:02,475 [Worker-19: Building workspace] INFO  o.e.m.c.i.embedder.EclipseLogger - skip non existing resourceDirectory D:\Java\Eclipse\DatConverter\converter.dat\src\test\resources
2019-03-30 00:03:09,123 [Worker-11: Building workspace] INFO  o.e.m.c.i.embedder.EclipseLogger - Using 'UTF-8' encoding to copy filtered resources.
2019-03-30 00:03:09,124 [Worker-11: Building workspace] INFO  o.e.m.c.i.embedder.EclipseLogger - skip non existing resourceDirectory D:\Java\Eclipse\DatConverter\converter.dat\src\main\resources
2019-03-30 00:03:09,127 [Worker-11: Building workspace] INFO  o.e.m.c.i.embedder.EclipseLogger - Using 'UTF-8' encoding to copy filtered resources.
2019-03-30 00:03:09,128 [Worker-11: Building workspace] INFO  o.e.m.c.i.embedder.EclipseLogger - skip non existing resourceDirectory D:\Java\Eclipse\DatConverter\converter.dat\src\test\resources
2019-03-30 00:03:15,068 [Worker-20: Building workspace] INFO  o.e.m.c.i.embedder.EclipseLogger - Using 'UTF-8' encoding to copy filtered resources.
2019-03-30 00:03:15,068 [Worker-20: Building workspace] INFO  o.e.m.c.i.embedder.EclipseLogger - skip non existing resourceDirectory D:\Java\Eclipse\DatConverter\converter.dat\src\main\resources
2019-03-30 00:03:15,075 [Worker-20: Building workspace] INFO  o.e.m.c.i.embedder.EclipseLogger - Using 'UTF-8' encoding to copy filtered resources.
2019-03-30 00:03:15,076 [Worker-20: Building workspace] INFO  o.e.m.c.i.embedder.EclipseLogger - skip non existing resourceDirectory D:\Java\Eclipse\DatConverter\converter.dat\src\test\resources
2019-03-30 00:03:19,358 [Worker-11: Building workspace] INFO  o.e.m.c.i.embedder.EclipseLogger - Using 'UTF-8' encoding to copy filtered resources.
2019-03-30 00:03:19,358 [Worker-11: Building workspace] INFO  o.e.m.c.i.embedder.EclipseLogger - skip non existing resourceDirectory D:\Java\Eclipse\DatConverter\converter.dat\src\main\resources
2019-03-30 00:03:19,361 [Worker-11: Building workspace] INFO  o.e.m.c.i.embedder.EclipseLogger - Using 'UTF-8' encoding to copy filtered resources.
2019-03-30 00:03:19,361 [Worker-11: Building workspace] INFO  o.e.m.c.i.embedder.EclipseLogger - skip non existing resourceDirectory D:\Java\Eclipse\DatConverter\converter.dat\src\test\resources
2019-03-30 00:03:50,814 [Worker-11: Building workspace] INFO  o.e.m.c.i.embedder.EclipseLogger - Using 'UTF-8' encoding to copy filtered resources.
2019-03-30 00:03:50,814 [Worker-11: Building workspace] INFO  o.e.m.c.i.embedder.EclipseLogger - skip non existing resourceDirectory D:\Java\Eclipse\DatConverter\converter.dat\src\main\resources
2019-03-30 00:03:50,817 [Worker-11: Building workspace] INFO  o.e.m.c.i.embedder.EclipseLogger - Using 'UTF-8' encoding to copy filtered resources.
2019-03-30 00:03:50,817 [Worker-11: Building workspace] INFO  o.e.m.c.i.embedder.EclipseLogger - skip non existing resourceDirectory D:\Java\Eclipse\DatConverter\converter.dat\src\test\resources
2019-03-30 00:03:57,454 [Worker-8: Building workspace] INFO  o.e.m.c.i.embedder.EclipseLogger - Using 'UTF-8' encoding to copy filtered resources.
2019-03-30 00:03:57,455 [Worker-8: Building workspace] INFO  o.e.m.c.i.embedder.EclipseLogger - skip non existing resourceDirectory D:\Java\Eclipse\DatConverter\converter.dat\src\main\resources
2019-03-30 00:03:57,457 [Worker-8: Building workspace] INFO  o.e.m.c.i.embedder.EclipseLogger - Using 'UTF-8' encoding to copy filtered resources.
2019-03-30 00:03:57,457 [Worker-8: Building workspace] INFO  o.e.m.c.i.embedder.EclipseLogger - skip non existing resourceDirectory D:\Java\Eclipse\DatConverter\converter.dat\src\test\resources
2019-03-30 00:04:16,873 [Worker-18: Building workspace] INFO  o.e.m.c.i.embedder.EclipseLogger - Using 'UTF-8' encoding to copy filtered resources.
2019-03-30 00:04:16,874 [Worker-18: Building workspace] INFO  o.e.m.c.i.embedder.EclipseLogger - skip non existing resourceDirectory D:\Java\Eclipse\DatConverter\converter.dat\src\main\resources
2019-03-30 00:04:16,875 [Worker-18: Building workspace] INFO  o.e.m.c.i.embedder.EclipseLogger - Using 'UTF-8' encoding to copy filtered resources.
2019-03-30 00:04:16,876 [Worker-18: Building workspace] INFO  o.e.m.c.i.embedder.EclipseLogger - skip non existing resourceDirectory D:\Java\Eclipse\DatConverter\converter.dat\src\test\resources
2019-03-30 00:04:40,787 [Worker-19: Building workspace] INFO  o.e.m.c.i.embedder.EclipseLogger - Using 'UTF-8' encoding to copy filtered resources.
2019-03-30 00:04:40,787 [Worker-19: Building workspace] INFO  o.e.m.c.i.embedder.EclipseLogger - skip non existing resourceDirectory D:\Java\Eclipse\DatConverter\converter.dat\src\main\resources
2019-03-30 00:04:40,793 [Worker-19: Building workspace] INFO  o.e.m.c.i.embedder.EclipseLogger - Using 'UTF-8' encoding to copy filtered resources.
2019-03-30 00:04:40,793 [Worker-19: Building workspace] INFO  o.e.m.c.i.embedder.EclipseLogger - skip non existing resourceDirectory D:\Java\Eclipse\DatConverter\converter.dat\src\test\resources
2019-03-30 00:04:50,565 [Worker-20: Building workspace] INFO  o.e.m.c.i.embedder.EclipseLogger - Using 'UTF-8' encoding to copy filtered resources.
2019-03-30 00:04:50,566 [Worker-20: Building workspace] INFO  o.e.m.c.i.embedder.EclipseLogger - skip non existing resourceDirectory D:\Java\Eclipse\DatConverter\converter.dat\src\main\resources
2019-03-30 00:04:50,568 [Worker-20: Building workspace] INFO  o.e.m.c.i.embedder.EclipseLogger - Using 'UTF-8' encoding to copy filtered resources.
2019-03-30 00:04:50,568 [Worker-20: Building workspace] INFO  o.e.m.c.i.embedder.EclipseLogger - skip non existing resourceDirectory D:\Java\Eclipse\DatConverter\converter.dat\src\test\resources
2019-03-30 00:05:36,910 [Worker-8: Building workspace] INFO  o.e.m.c.i.embedder.EclipseLogger - Using 'UTF-8' encoding to copy filtered resources.
2019-03-30 00:05:36,910 [Worker-8: Building workspace] INFO  o.e.m.c.i.embedder.EclipseLogger - skip non existing resourceDirectory D:\Java\Eclipse\DatConverter\converter.dat\src\main\resources
2019-03-30 00:05:36,913 [Worker-8: Building workspace] INFO  o.e.m.c.i.embedder.EclipseLogger - Using 'UTF-8' encoding to copy filtered resources.
2019-03-30 00:05:36,914 [Worker-8: Building workspace] INFO  o.e.m.c.i.embedder.EclipseLogger - skip non existing resourceDirectory D:\Java\Eclipse\DatConverter\converter.dat\src\test\resources
2019-03-30 00:05:43,014 [Worker-11: Building workspace] INFO  o.e.m.c.i.embedder.EclipseLogger - Using 'UTF-8' encoding to copy filtered resources.
2019-03-30 00:05:43,014 [Worker-11: Building workspace] INFO  o.e.m.c.i.embedder.EclipseLogger - skip non existing resourceDirectory D:\Java\Eclipse\DatConverter\converter.dat\src\main\resources
2019-03-30 00:05:43,023 [Worker-11: Building workspace] INFO  o.e.m.c.i.embedder.EclipseLogger - Using 'UTF-8' encoding to copy filtered resources.
2019-03-30 00:05:43,023 [Worker-11: Building workspace] INFO  o.e.m.c.i.embedder.EclipseLogger - skip non existing resourceDirectory D:\Java\Eclipse\DatConverter\converter.dat\src\test\resources
2019-03-30 00:05:44,213 [Worker-19: Building workspace] INFO  o.e.m.c.i.embedder.EclipseLogger - Using 'UTF-8' encoding to copy filtered resources.
2019-03-30 00:05:44,213 [Worker-19: Building workspace] INFO  o.e.m.c.i.embedder.EclipseLogger - skip non existing resourceDirectory D:\Java\Eclipse\DatConverter\converter.dat\src\main\resources
2019-03-30 00:05:44,215 [Worker-19: Building workspace] INFO  o.e.m.c.i.embedder.EclipseLogger - Using 'UTF-8' encoding to copy filtered resources.
2019-03-30 00:05:44,215 [Worker-19: Building workspace] INFO  o.e.m.c.i.embedder.EclipseLogger - skip non existing resourceDirectory D:\Java\Eclipse\DatConverter\converter.dat\src\test\resources
2019-03-30 00:06:25,680 [Worker-17: Building workspace] INFO  o.e.m.c.i.embedder.EclipseLogger - Using 'UTF-8' encoding to copy filtered resources.
2019-03-30 00:06:25,681 [Worker-17: Building workspace] INFO  o.e.m.c.i.embedder.EclipseLogger - skip non existing resourceDirectory D:\Java\Eclipse\DatConverter\converter.dat\src\main\resources
2019-03-30 00:06:25,683 [Worker-17: Building workspace] INFO  o.e.m.c.i.embedder.EclipseLogger - Using 'UTF-8' encoding to copy filtered resources.
2019-03-30 00:06:25,683 [Worker-17: Building workspace] INFO  o.e.m.c.i.embedder.EclipseLogger - skip non existing resourceDirectory D:\Java\Eclipse\DatConverter\converter.dat\src\test\resources
2019-03-30 00:06:33,715 [Worker-20: Building workspace] INFO  o.e.m.c.i.embedder.EclipseLogger - Using 'UTF-8' encoding to copy filtered resources.
2019-03-30 00:06:33,716 [Worker-20: Building workspace] INFO  o.e.m.c.i.embedder.EclipseLogger - skip non existing resourceDirectory D:\Java\Eclipse\DatConverter\converter.dat\src\main\resources
2019-03-30 00:06:33,718 [Worker-20: Building workspace] INFO  o.e.m.c.i.embedder.EclipseLogger - Using 'UTF-8' encoding to copy filtered resources.
2019-03-30 00:06:33,718 [Worker-20: Building workspace] INFO  o.e.m.c.i.embedder.EclipseLogger - skip non existing resourceDirectory D:\Java\Eclipse\DatConverter\converter.dat\src\test\resources
2019-03-30 00:06:49,605 [Worker-21: Building workspace] INFO  o.e.m.c.i.embedder.EclipseLogger - Using 'UTF-8' encoding to copy filtered resources.
2019-03-30 00:06:49,606 [Worker-21: Building workspace] INFO  o.e.m.c.i.embedder.EclipseLogger - skip non existing resourceDirectory D:\Java\Eclipse\DatConverter\converter.dat\src\main\resources
2019-03-30 00:06:49,607 [Worker-21: Building workspace] INFO  o.e.m.c.i.embedder.EclipseLogger - Using 'UTF-8' encoding to copy filtered resources.
2019-03-30 00:06:49,608 [Worker-21: Building workspace] INFO  o.e.m.c.i.embedder.EclipseLogger - skip non existing resourceDirectory D:\Java\Eclipse\DatConverter\converter.dat\src\test\resources
2019-03-30 00:07:17,990 [Worker-21: Building workspace] INFO  o.e.m.c.i.embedder.EclipseLogger - Using 'UTF-8' encoding to copy filtered resources.
2019-03-30 00:07:17,990 [Worker-21: Building workspace] INFO  o.e.m.c.i.embedder.EclipseLogger - skip non existing resourceDirectory D:\Java\Eclipse\DatConverter\converter.dat\src\main\resources
2019-03-30 00:07:17,992 [Worker-21: Building workspace] INFO  o.e.m.c.i.embedder.EclipseLogger - Using 'UTF-8' encoding to copy filtered resources.
2019-03-30 00:07:17,993 [Worker-21: Building workspace] INFO  o.e.m.c.i.embedder.EclipseLogger - skip non existing resourceDirectory D:\Java\Eclipse\DatConverter\converter.dat\src\test\resources
2019-03-30 00:14:39,230 [Worker-21: Building workspace] INFO  o.e.m.c.i.embedder.EclipseLogger - Using 'UTF-8' encoding to copy filtered resources.
2019-03-30 00:14:39,231 [Worker-21: Building workspace] INFO  o.e.m.c.i.embedder.EclipseLogger - skip non existing resourceDirectory D:\Java\Eclipse\DatConverter\converter.dat\src\main\resources
2019-03-30 00:14:39,233 [Worker-21: Building workspace] INFO  o.e.m.c.i.embedder.EclipseLogger - Using 'UTF-8' encoding to copy filtered resources.
2019-03-30 00:14:39,233 [Worker-21: Building workspace] INFO  o.e.m.c.i.embedder.EclipseLogger - skip non existing resourceDirectory D:\Java\Eclipse\DatConverter\converter.dat\src\test\resources
2019-03-30 00:14:48,102 [Worker-19: Building workspace] INFO  o.e.m.c.i.embedder.EclipseLogger - Using 'UTF-8' encoding to copy filtered resources.
2019-03-30 00:14:48,104 [Worker-19: Building workspace] INFO  o.e.m.c.i.embedder.EclipseLogger - skip non existing resourceDirectory D:\Java\Eclipse\DatConverter\converter.dat\src\main\resources
2019-03-30 00:14:48,106 [Worker-19: Building workspace] INFO  o.e.m.c.i.embedder.EclipseLogger - Using 'UTF-8' encoding to copy filtered resources.
2019-03-30 00:14:48,107 [Worker-19: Building workspace] INFO  o.e.m.c.i.embedder.EclipseLogger - skip non existing resourceDirectory D:\Java\Eclipse\DatConverter\converter.dat\src\test\resources
2019-03-30 00:15:09,256 [Worker-20: Building workspace] INFO  o.e.m.c.i.embedder.EclipseLogger - Using 'UTF-8' encoding to copy filtered resources.
2019-03-30 00:15:09,257 [Worker-20: Building workspace] INFO  o.e.m.c.i.embedder.EclipseLogger - skip non existing resourceDirectory D:\Java\Eclipse\DatConverter\converter.dat\src\main\resources
2019-03-30 00:15:09,259 [Worker-20: Building workspace] INFO  o.e.m.c.i.embedder.EclipseLogger - Using 'UTF-8' encoding to copy filtered resources.
2019-03-30 00:15:09,259 [Worker-20: Building workspace] INFO  o.e.m.c.i.embedder.EclipseLogger - skip non existing resourceDirectory D:\Java\Eclipse\DatConverter\converter.dat\src\test\resources
2019-03-30 00:15:45,405 [Worker-17: Building workspace] INFO  o.e.m.c.i.embedder.EclipseLogger - Using 'UTF-8' encoding to copy filtered resources.
2019-03-30 00:15:45,406 [Worker-17: Building workspace] INFO  o.e.m.c.i.embedder.EclipseLogger - skip non existing resourceDirectory D:\Java\Eclipse\DatConverter\converter.dat\src\main\resources
2019-03-30 00:15:45,408 [Worker-17: Building workspace] INFO  o.e.m.c.i.embedder.EclipseLogger - Using 'UTF-8' encoding to copy filtered resources.
2019-03-30 00:15:45,409 [Worker-17: Building workspace] INFO  o.e.m.c.i.embedder.EclipseLogger - skip non existing resourceDirectory D:\Java\Eclipse\DatConverter\converter.dat\src\test\resources
2019-03-30 00:17:37,923 [Worker-20: Building workspace] INFO  o.e.m.c.i.embedder.EclipseLogger - Using 'UTF-8' encoding to copy filtered resources.
2019-03-30 00:17:37,923 [Worker-20: Building workspace] INFO  o.e.m.c.i.embedder.EclipseLogger - skip non existing resourceDirectory D:\Java\Eclipse\DatConverter\converter.dat\src\main\resources
2019-03-30 00:17:37,933 [Worker-20: Building workspace] INFO  o.e.m.c.i.embedder.EclipseLogger - Using 'UTF-8' encoding to copy filtered resources.
2019-03-30 00:17:37,934 [Worker-20: Building workspace] INFO  o.e.m.c.i.embedder.EclipseLogger - skip non existing resourceDirectory D:\Java\Eclipse\DatConverter\converter.dat\src\test\resources
2019-03-30 00:18:00,102 [Worker-21: Building workspace] INFO  o.e.m.c.i.embedder.EclipseLogger - Using 'UTF-8' encoding to copy filtered resources.
2019-03-30 00:18:00,103 [Worker-21: Building workspace] INFO  o.e.m.c.i.embedder.EclipseLogger - skip non existing resourceDirectory D:\Java\Eclipse\DatConverter\converter.dat\src\main\resources
2019-03-30 00:18:00,106 [Worker-21: Building workspace] INFO  o.e.m.c.i.embedder.EclipseLogger - Using 'UTF-8' encoding to copy filtered resources.
2019-03-30 00:18:00,106 [Worker-21: Building workspace] INFO  o.e.m.c.i.embedder.EclipseLogger - skip non existing resourceDirectory D:\Java\Eclipse\DatConverter\converter.dat\src\test\resources
2019-03-30 00:18:43,360 [Worker-8: Building workspace] INFO  o.e.m.c.i.embedder.EclipseLogger - Using 'UTF-8' encoding to copy filtered resources.
2019-03-30 00:18:43,360 [Worker-8: Building workspace] INFO  o.e.m.c.i.embedder.EclipseLogger - skip non existing resourceDirectory D:\Java\Eclipse\DatConverter\converter.dat\src\main\resources
2019-03-30 00:18:43,362 [Worker-8: Building workspace] INFO  o.e.m.c.i.embedder.EclipseLogger - Using 'UTF-8' encoding to copy filtered resources.
2019-03-30 00:18:43,362 [Worker-8: Building workspace] INFO  o.e.m.c.i.embedder.EclipseLogger - skip non existing resourceDirectory D:\Java\Eclipse\DatConverter\converter.dat\src\test\resources
2019-03-30 00:18:56,919 [Worker-17: Building workspace] INFO  o.e.m.c.i.embedder.EclipseLogger - Using 'UTF-8' encoding to copy filtered resources.
2019-03-30 00:18:56,919 [Worker-17: Building workspace] INFO  o.e.m.c.i.embedder.EclipseLogger - skip non existing resourceDirectory D:\Java\Eclipse\DatConverter\converter.dat\src\main\resources
2019-03-30 00:18:56,921 [Worker-17: Building workspace] INFO  o.e.m.c.i.embedder.EclipseLogger - Using 'UTF-8' encoding to copy filtered resources.
2019-03-30 00:18:56,922 [Worker-17: Building workspace] INFO  o.e.m.c.i.embedder.EclipseLogger - skip non existing resourceDirectory D:\Java\Eclipse\DatConverter\converter.dat\src\test\resources
2019-03-30 00:19:07,412 [Worker-22: Building workspace] INFO  o.e.m.c.i.embedder.EclipseLogger - Using 'UTF-8' encoding to copy filtered resources.
2019-03-30 00:19:07,413 [Worker-22: Building workspace] INFO  o.e.m.c.i.embedder.EclipseLogger - skip non existing resourceDirectory D:\Java\Eclipse\DatConverter\converter.dat\src\main\resources
2019-03-30 00:19:07,415 [Worker-22: Building workspace] INFO  o.e.m.c.i.embedder.EclipseLogger - Using 'UTF-8' encoding to copy filtered resources.
2019-03-30 00:19:07,416 [Worker-22: Building workspace] INFO  o.e.m.c.i.embedder.EclipseLogger - skip non existing resourceDirectory D:\Java\Eclipse\DatConverter\converter.dat\src\test\resources
2019-03-30 00:19:11,848 [Worker-20: Building workspace] INFO  o.e.m.c.i.embedder.EclipseLogger - Using 'UTF-8' encoding to copy filtered resources.
2019-03-30 00:19:11,849 [Worker-20: Building workspace] INFO  o.e.m.c.i.embedder.EclipseLogger - skip non existing resourceDirectory D:\Java\Eclipse\DatConverter\converter.dat\src\main\resources
2019-03-30 00:19:11,851 [Worker-20: Building workspace] INFO  o.e.m.c.i.embedder.EclipseLogger - Using 'UTF-8' encoding to copy filtered resources.
2019-03-30 00:19:11,852 [Worker-20: Building workspace] INFO  o.e.m.c.i.embedder.EclipseLogger - skip non existing resourceDirectory D:\Java\Eclipse\DatConverter\converter.dat\src\test\resources
2019-03-30 00:19:52,867 [Worker-22: Building workspace] INFO  o.e.m.c.i.embedder.EclipseLogger - Using 'UTF-8' encoding to copy filtered resources.
2019-03-30 00:19:52,867 [Worker-22: Building workspace] INFO  o.e.m.c.i.embedder.EclipseLogger - skip non existing resourceDirectory D:\Java\Eclipse\DatConverter\converter.dat\src\main\resources
2019-03-30 00:19:52,869 [Worker-22: Building workspace] INFO  o.e.m.c.i.embedder.EclipseLogger - Using 'UTF-8' encoding to copy filtered resources.
2019-03-30 00:19:52,869 [Worker-22: Building workspace] INFO  o.e.m.c.i.embedder.EclipseLogger - skip non existing resourceDirectory D:\Java\Eclipse\DatConverter\converter.dat\src\test\resources
2019-03-30 00:20:07,019 [Worker-20: Building workspace] INFO  o.e.m.c.i.embedder.EclipseLogger - Using 'UTF-8' encoding to copy filtered resources.
2019-03-30 00:20:07,020 [Worker-20: Building workspace] INFO  o.e.m.c.i.embedder.EclipseLogger - skip non existing resourceDirectory D:\Java\Eclipse\DatConverter\converter.dat\src\main\resources
2019-03-30 00:20:07,022 [Worker-20: Building workspace] INFO  o.e.m.c.i.embedder.EclipseLogger - Using 'UTF-8' encoding to copy filtered resources.
2019-03-30 00:20:07,023 [Worker-20: Building workspace] INFO  o.e.m.c.i.embedder.EclipseLogger - skip non existing resourceDirectory D:\Java\Eclipse\DatConverter\converter.dat\src\test\resources
2019-03-30 00:20:12,288 [Worker-17: Building workspace] INFO  o.e.m.c.i.embedder.EclipseLogger - Using 'UTF-8' encoding to copy filtered resources.
2019-03-30 00:20:12,289 [Worker-17: Building workspace] INFO  o.e.m.c.i.embedder.EclipseLogger - skip non existing resourceDirectory D:\Java\Eclipse\DatConverter\converter.dat\src\main\resources
2019-03-30 00:20:12,291 [Worker-17: Building workspace] INFO  o.e.m.c.i.embedder.EclipseLogger - Using 'UTF-8' encoding to copy filtered resources.
2019-03-30 00:20:12,292 [Worker-17: Building workspace] INFO  o.e.m.c.i.embedder.EclipseLogger - skip non existing resourceDirectory D:\Java\Eclipse\DatConverter\converter.dat\src\test\resources
2019-03-30 00:20:18,421 [Worker-17: Building workspace] INFO  o.e.m.c.i.embedder.EclipseLogger - Using 'UTF-8' encoding to copy filtered resources.
2019-03-30 00:20:18,422 [Worker-17: Building workspace] INFO  o.e.m.c.i.embedder.EclipseLogger - skip non existing resourceDirectory D:\Java\Eclipse\DatConverter\converter.dat\src\main\resources
2019-03-30 00:20:18,425 [Worker-17: Building workspace] INFO  o.e.m.c.i.embedder.EclipseLogger - Using 'UTF-8' encoding to copy filtered resources.
2019-03-30 00:20:18,425 [Worker-17: Building workspace] INFO  o.e.m.c.i.embedder.EclipseLogger - skip non existing resourceDirectory D:\Java\Eclipse\DatConverter\converter.dat\src\test\resources
2019-03-30 00:20:30,467 [Worker-23: Building workspace] INFO  o.e.m.c.i.embedder.EclipseLogger - Using 'UTF-8' encoding to copy filtered resources.
2019-03-30 00:20:30,469 [Worker-23: Building workspace] INFO  o.e.m.c.i.embedder.EclipseLogger - skip non existing resourceDirectory D:\Java\Eclipse\DatConverter\converter.dat\src\main\resources
2019-03-30 00:20:30,470 [Worker-23: Building workspace] INFO  o.e.m.c.i.embedder.EclipseLogger - Using 'UTF-8' encoding to copy filtered resources.
2019-03-30 00:20:30,471 [Worker-23: Building workspace] INFO  o.e.m.c.i.embedder.EclipseLogger - skip non existing resourceDirectory D:\Java\Eclipse\DatConverter\converter.dat\src\test\resources
2019-03-30 00:21:35,015 [Worker-22: Building workspace] INFO  o.e.m.c.i.embedder.EclipseLogger - Using 'UTF-8' encoding to copy filtered resources.
2019-03-30 00:21:35,016 [Worker-22: Building workspace] INFO  o.e.m.c.i.embedder.EclipseLogger - skip non existing resourceDirectory D:\Java\Eclipse\DatConverter\converter.dat\src\main\resources
2019-03-30 00:21:35,018 [Worker-22: Building workspace] INFO  o.e.m.c.i.embedder.EclipseLogger - Using 'UTF-8' encoding to copy filtered resources.
2019-03-30 00:21:35,018 [Worker-22: Building workspace] INFO  o.e.m.c.i.embedder.EclipseLogger - skip non existing resourceDirectory D:\Java\Eclipse\DatConverter\converter.dat\src\test\resources
2019-03-30 00:21:47,552 [Worker-17: Building workspace] INFO  o.e.m.c.i.embedder.EclipseLogger - Using 'UTF-8' encoding to copy filtered resources.
2019-03-30 00:21:47,552 [Worker-17: Building workspace] INFO  o.e.m.c.i.embedder.EclipseLogger - skip non existing resourceDirectory D:\Java\Eclipse\DatConverter\converter.dat\src\main\resources
2019-03-30 00:21:47,554 [Worker-17: Building workspace] INFO  o.e.m.c.i.embedder.EclipseLogger - Using 'UTF-8' encoding to copy filtered resources.
2019-03-30 00:21:47,554 [Worker-17: Building workspace] INFO  o.e.m.c.i.embedder.EclipseLogger - skip non existing resourceDirectory D:\Java\Eclipse\DatConverter\converter.dat\src\test\resources
2019-03-30 00:21:53,341 [Worker-17: Building workspace] INFO  o.e.m.c.i.embedder.EclipseLogger - Using 'UTF-8' encoding to copy filtered resources.
2019-03-30 00:21:53,342 [Worker-17: Building workspace] INFO  o.e.m.c.i.embedder.EclipseLogger - skip non existing resourceDirectory D:\Java\Eclipse\DatConverter\converter.dat\src\main\resources
2019-03-30 00:21:53,344 [Worker-17: Building workspace] INFO  o.e.m.c.i.embedder.EclipseLogger - Using 'UTF-8' encoding to copy filtered resources.
2019-03-30 00:21:53,344 [Worker-17: Building workspace] INFO  o.e.m.c.i.embedder.EclipseLogger - skip non existing resourceDirectory D:\Java\Eclipse\DatConverter\converter.dat\src\test\resources
2019-03-30 00:23:41,311 [Worker-8: Building workspace] INFO  o.e.m.c.i.embedder.EclipseLogger - Using 'UTF-8' encoding to copy filtered resources.
2019-03-30 00:23:41,312 [Worker-8: Building workspace] INFO  o.e.m.c.i.embedder.EclipseLogger - skip non existing resourceDirectory D:\Java\Eclipse\DatConverter\converter.dat\src\main\resources
2019-03-30 00:23:41,315 [Worker-8: Building workspace] INFO  o.e.m.c.i.embedder.EclipseLogger - Using 'UTF-8' encoding to copy filtered resources.
2019-03-30 00:23:41,316 [Worker-8: Building workspace] INFO  o.e.m.c.i.embedder.EclipseLogger - skip non existing resourceDirectory D:\Java\Eclipse\DatConverter\converter.dat\src\test\resources
2019-03-30 00:24:26,549 [Worker-11: Building workspace] INFO  o.e.m.c.i.l.LifecycleMappingFactory - Using org.eclipse.m2e.jdt.JarLifecycleMapping lifecycle mapping for MavenProject: info.aaemu:converter.dat:0.0.1-SNAPSHOT @ D:\Java\Eclipse\DatConverter\converter.dat\pom.xml.
2019-03-30 00:24:28,062 [Worker-11: Building workspace] INFO  o.e.m.c.i.e.AbstractTransferListenerAdapter - Downloading https://repo.maven.apache.org/maven2/nu/zoom/desktop/filechooser/1.2/filechooser-1.2.pom
2019-03-30 00:24:28,230 [Worker-11: Building workspace] INFO  o.e.m.c.i.e.AbstractTransferListenerAdapter - Downloaded https://repo.maven.apache.org/maven2/nu/zoom/desktop/filechooser/1.2/filechooser-1.2.pom
2019-03-30 00:24:28,435 [Worker-11: Building workspace] INFO  o.e.m.c.i.e.AbstractTransferListenerAdapter - Downloading https://repo.maven.apache.org/maven2/nu/zoom/desktop/desktop-aggregator/3/desktop-aggregator-3.pom
2019-03-30 00:24:28,597 [Worker-11: Building workspace] INFO  o.e.m.c.i.e.AbstractTransferListenerAdapter - Downloaded https://repo.maven.apache.org/maven2/nu/zoom/desktop/desktop-aggregator/3/desktop-aggregator-3.pom
2019-03-30 00:24:28,947 [Worker-11: Building workspace] INFO  o.e.m.c.i.e.AbstractTransferListenerAdapter - Downloading https://repo.maven.apache.org/maven2/nu/zoom/desktop/desktop/3.0/desktop-3.0.pom
2019-03-30 00:24:29,110 [Worker-11: Building workspace] INFO  o.e.m.c.i.e.AbstractTransferListenerAdapter - Downloaded https://repo.maven.apache.org/maven2/nu/zoom/desktop/desktop/3.0/desktop-3.0.pom
2019-03-30 00:24:29,268 [Worker-11: Building workspace] INFO  o.e.m.c.i.e.AbstractTransferListenerAdapter - Downloading https://repo.maven.apache.org/maven2/org/ops4j/gaderian/gaderian/1.0/gaderian-1.0.pom
2019-03-30 00:24:29,431 [Worker-11: Building workspace] INFO  o.e.m.c.i.e.AbstractTransferListenerAdapter - Downloaded https://repo.maven.apache.org/maven2/org/ops4j/gaderian/gaderian/1.0/gaderian-1.0.pom
2019-03-30 00:24:29,906 [Worker-11: Building workspace] INFO  o.e.m.c.i.e.AbstractTransferListenerAdapter - Downloading https://repo.maven.apache.org/maven2/org/ops4j/gaderian/gaderian-project/1.0/gaderian-project-1.0.pom
2019-03-30 00:24:30,229 [Worker-11: Building workspace] INFO  o.e.m.c.i.e.AbstractTransferListenerAdapter - Downloaded https://repo.maven.apache.org/maven2/org/ops4j/gaderian/gaderian-project/1.0/gaderian-project-1.0.pom
2019-03-30 00:24:30,332 [Worker-11: Building workspace] INFO  o.e.m.c.i.e.AbstractTransferListenerAdapter - Downloading https://repo.maven.apache.org/maven2/commons-logging/commons-logging/1.0.4/commons-logging-1.0.4.pom
2019-03-30 00:24:30,440 [Worker-11: Building workspace] INFO  o.e.m.c.i.e.AbstractTransferListenerAdapter - Downloaded https://repo.maven.apache.org/maven2/commons-logging/commons-logging/1.0.4/commons-logging-1.0.4.pom
2019-03-30 00:24:30,563 [Worker-11: Building workspace] INFO  o.e.m.c.i.e.AbstractTransferListenerAdapter - Downloading https://repo.maven.apache.org/maven2/jboss/javassist/3.7.ga/javassist-3.7.ga.pom
2019-03-30 00:24:30,653 [Worker-11: Building workspace] INFO  o.e.m.c.i.e.AbstractTransferListenerAdapter - Downloaded https://repo.maven.apache.org/maven2/jboss/javassist/3.7.ga/javassist-3.7.ga.pom
2019-03-30 00:24:30,833 [Worker-11: Building workspace] INFO  o.e.m.c.i.e.AbstractTransferListenerAdapter - Downloading https://repo.maven.apache.org/maven2/nu/zoom/desktop/base/1.2/base-1.2.pom
2019-03-30 00:24:30,997 [Worker-11: Building workspace] INFO  o.e.m.c.i.e.AbstractTransferListenerAdapter - Downloaded https://repo.maven.apache.org/maven2/nu/zoom/desktop/base/1.2/base-1.2.pom
2019-03-30 00:24:31,235 [Worker-11: Building workspace] INFO  o.e.m.c.i.e.AbstractTransferListenerAdapter - Downloading https://repo.maven.apache.org/maven2/nu/zoom/desktop/filechooser/1.2/filechooser-1.2.jar
2019-03-30 00:24:31,456 [Worker-11: Building workspace] INFO  o.e.m.c.i.e.AbstractTransferListenerAdapter - Downloaded https://repo.maven.apache.org/maven2/nu/zoom/desktop/filechooser/1.2/filechooser-1.2.jar
2019-03-30 00:24:31,828 [Worker-11: Building workspace] INFO  o.e.m.c.i.e.AbstractTransferListenerAdapter - Downloading https://repo.maven.apache.org/maven2/nu/zoom/desktop/desktop/3.0/desktop-3.0.jar
2019-03-30 00:24:32,228 [Worker-11: Building workspace] INFO  o.e.m.c.i.e.AbstractTransferListenerAdapter - Downloaded https://repo.maven.apache.org/maven2/nu/zoom/desktop/desktop/3.0/desktop-3.0.jar
2019-03-30 00:24:32,421 [Worker-11: Building workspace] INFO  o.e.m.c.i.e.AbstractTransferListenerAdapter - Downloading https://repo.maven.apache.org/maven2/nu/zoom/desktop/base/1.2/base-1.2.jar
2019-03-30 00:24:32,611 [Worker-11: Building workspace] INFO  o.e.m.c.i.e.AbstractTransferListenerAdapter - Downloaded https://repo.maven.apache.org/maven2/nu/zoom/desktop/base/1.2/base-1.2.jar
2019-03-30 00:24:33,160 [Worker-11: Building workspace] INFO  o.e.m.c.i.e.AbstractTransferListenerAdapter - Downloading https://repo.maven.apache.org/maven2/org/ops4j/gaderian/gaderian/1.0/gaderian-1.0.jar
2019-03-30 00:24:33,912 [Worker-11: Building workspace] INFO  o.e.m.c.i.e.AbstractTransferListenerAdapter - Downloaded https://repo.maven.apache.org/maven2/org/ops4j/gaderian/gaderian/1.0/gaderian-1.0.jar
2019-03-30 00:24:34,078 [Worker-11: Building workspace] INFO  o.e.m.c.i.e.AbstractTransferListenerAdapter - Downloading https://repo.maven.apache.org/maven2/jboss/javassist/3.7.ga/javassist-3.7.ga.jar
2019-03-30 00:24:34,907 [Worker-11: Building workspace] INFO  o.e.m.c.i.e.AbstractTransferListenerAdapter - Downloaded https://repo.maven.apache.org/maven2/jboss/javassist/3.7.ga/javassist-3.7.ga.jar
2019-03-30 00:24:35,007 [Worker-11: Building workspace] INFO  o.e.m.c.i.e.AbstractTransferListenerAdapter - Downloading https://repo.maven.apache.org/maven2/commons-logging/commons-logging/1.0.4/commons-logging-1.0.4.jar
2019-03-30 00:24:35,119 [Worker-11: Building workspace] INFO  o.e.m.c.i.e.AbstractTransferListenerAdapter - Downloaded https://repo.maven.apache.org/maven2/commons-logging/commons-logging/1.0.4/commons-logging-1.0.4.jar
2019-03-30 00:24:35,658 [Worker-11: Building workspace] INFO  o.e.m.c.i.embedder.EclipseLogger - Using 'UTF-8' encoding to copy filtered resources.
2019-03-30 00:24:35,658 [Worker-11: Building workspace] INFO  o.e.m.c.i.embedder.EclipseLogger - skip non existing resourceDirectory D:\Java\Eclipse\DatConverter\converter.dat\src\main\resources
2019-03-30 00:24:35,662 [Worker-11: Building workspace] INFO  o.e.m.c.i.embedder.EclipseLogger - Using 'UTF-8' encoding to copy filtered resources.
2019-03-30 00:24:35,663 [Worker-11: Building workspace] INFO  o.e.m.c.i.embedder.EclipseLogger - skip non existing resourceDirectory D:\Java\Eclipse\DatConverter\converter.dat\src\test\resources
2019-03-30 00:24:37,203 [Worker-23: Download sources and javadoc] INFO  o.e.m.c.i.e.AbstractTransferListenerAdapter - Downloading https://repo.maven.apache.org/maven2/nu/zoom/desktop/filechooser/1.2/filechooser-1.2-sources.jar
2019-03-30 00:24:37,470 [Worker-23: Download sources and javadoc] INFO  o.e.m.c.i.e.AbstractTransferListenerAdapter - Downloaded https://repo.maven.apache.org/maven2/nu/zoom/desktop/filechooser/1.2/filechooser-1.2-sources.jar
2019-03-30 00:24:37,518 [Worker-23: Download sources and javadoc] INFO  o.e.m.j.internal.DownloadSourcesJob - Downloaded sources for nu.zoom.desktop:filechooser:1.2
2019-03-30 00:24:37,617 [Worker-20: Building workspace] INFO  o.e.m.c.i.embedder.EclipseLogger - Using 'UTF-8' encoding to copy filtered resources.
2019-03-30 00:24:37,618 [Worker-20: Building workspace] INFO  o.e.m.c.i.embedder.EclipseLogger - skip non existing resourceDirectory D:\Java\Eclipse\DatConverter\converter.dat\src\main\resources
2019-03-30 00:24:37,621 [Worker-20: Building workspace] INFO  o.e.m.c.i.embedder.EclipseLogger - Using 'UTF-8' encoding to copy filtered resources.
2019-03-30 00:24:37,624 [Worker-20: Building workspace] INFO  o.e.m.c.i.embedder.EclipseLogger - skip non existing resourceDirectory D:\Java\Eclipse\DatConverter\converter.dat\src\test\resources
2019-03-30 00:24:37,814 [Worker-23: Download sources and javadoc] INFO  o.e.m.c.i.e.AbstractTransferListenerAdapter - Downloading https://repo.maven.apache.org/maven2/nu/zoom/desktop/desktop/3.0/desktop-3.0-sources.jar
2019-03-30 00:24:38,226 [Worker-23: Download sources and javadoc] INFO  o.e.m.c.i.e.AbstractTransferListenerAdapter - Downloaded https://repo.maven.apache.org/maven2/nu/zoom/desktop/desktop/3.0/desktop-3.0-sources.jar
2019-03-30 00:24:38,267 [Worker-23: Download sources and javadoc] INFO  o.e.m.j.internal.DownloadSourcesJob - Downloaded sources for nu.zoom.desktop:desktop:3.0
2019-03-30 00:24:38,539 [Worker-23: Download sources and javadoc] INFO  o.e.m.c.i.e.AbstractTransferListenerAdapter - Downloading https://repo.maven.apache.org/maven2/nu/zoom/desktop/base/1.2/base-1.2-sources.jar
2019-03-30 00:24:38,882 [Worker-23: Download sources and javadoc] INFO  o.e.m.c.i.e.AbstractTransferListenerAdapter - Downloaded https://repo.maven.apache.org/maven2/nu/zoom/desktop/base/1.2/base-1.2-sources.jar
2019-03-30 00:24:38,916 [Worker-23: Download sources and javadoc] INFO  o.e.m.j.internal.DownloadSourcesJob - Downloaded sources for nu.zoom.desktop:base:1.2
2019-03-30 00:24:39,098 [Worker-23: Download sources and javadoc] INFO  o.e.m.c.i.e.AbstractTransferListenerAdapter - Downloaded https://repo.maven.apache.org/maven2/org/ops4j/gaderian/gaderian/1.0/gaderian-1.0-sources.jar
2019-03-30 00:24:39,117 [Worker-23: Download sources and javadoc] ERROR o.e.m.j.internal.DownloadSourcesJob - Could not download sources for org.ops4j.gaderian:gaderian:1.0
org.eclipse.core.runtime.CoreException: Could not resolve artifact org.ops4j.gaderian:gaderian:jar:sources:1.0
	at org.eclipse.m2e.core.internal.embedder.MavenImpl.lambda$4(MavenImpl.java:763) [org.eclipse.m2e.core_1.11.0.20190220-2119.jar:na]
	at org.eclipse.m2e.core.internal.embedder.MavenExecutionContext.executeBare(MavenExecutionContext.java:177) [org.eclipse.m2e.core_1.11.0.20190220-2119.jar:na]
	at org.eclipse.m2e.core.internal.embedder.MavenExecutionContext.execute(MavenExecutionContext.java:112) [org.eclipse.m2e.core_1.11.0.20190220-2119.jar:na]
	at org.eclipse.m2e.core.internal.embedder.MavenExecutionContext.execute(MavenExecutionContext.java:99) [org.eclipse.m2e.core_1.11.0.20190220-2119.jar:na]
	at org.eclipse.m2e.core.internal.embedder.MavenImpl.resolve(MavenImpl.java:731) [org.eclipse.m2e.core_1.11.0.20190220-2119.jar:na]
	at org.eclipse.m2e.core.internal.embedder.MavenImpl.resolve(MavenImpl.java:708) [org.eclipse.m2e.core_1.11.0.20190220-2119.jar:na]
	at org.eclipse.m2e.jdt.internal.DownloadSourcesJob.download(DownloadSourcesJob.java:279) [org.eclipse.m2e.jdt_1.11.0.20190220-2119.jar:na]
	at org.eclipse.m2e.jdt.internal.DownloadSourcesJob.downloadAttachments(DownloadSourcesJob.java:254) [org.eclipse.m2e.jdt_1.11.0.20190220-2119.jar:na]
	at org.eclipse.m2e.jdt.internal.DownloadSourcesJob.downloadMaven(DownloadSourcesJob.java:221) [org.eclipse.m2e.jdt_1.11.0.20190220-2119.jar:na]
	at org.eclipse.m2e.jdt.internal.DownloadSourcesJob.run(DownloadSourcesJob.java:161) [org.eclipse.m2e.jdt_1.11.0.20190220-2119.jar:na]
	at org.eclipse.m2e.jdt.internal.DownloadSourcesJob$1.call(DownloadSourcesJob.java:137) [org.eclipse.m2e.jdt_1.11.0.20190220-2119.jar:na]
	at org.eclipse.m2e.jdt.internal.DownloadSourcesJob$1.call(DownloadSourcesJob.java:1) [org.eclipse.m2e.jdt_1.11.0.20190220-2119.jar:na]
	at org.eclipse.m2e.core.internal.embedder.MavenExecutionContext.executeBare(MavenExecutionContext.java:177) [org.eclipse.m2e.core_1.11.0.20190220-2119.jar:na]
	at org.eclipse.m2e.core.internal.embedder.MavenExecutionContext.execute(MavenExecutionContext.java:151) [org.eclipse.m2e.core_1.11.0.20190220-2119.jar:na]
	at org.eclipse.m2e.core.internal.embedder.MavenExecutionContext.execute(MavenExecutionContext.java:99) [org.eclipse.m2e.core_1.11.0.20190220-2119.jar:na]
	at org.eclipse.m2e.core.internal.embedder.MavenImpl.execute(MavenImpl.java:1336) [org.eclipse.m2e.core_1.11.0.20190220-2119.jar:na]
	at org.eclipse.m2e.jdt.internal.DownloadSourcesJob.run(DownloadSourcesJob.java:135) [org.eclipse.m2e.jdt_1.11.0.20190220-2119.jar:na]
	at org.eclipse.core.internal.jobs.Worker.run(Worker.java:63) [org.eclipse.core.jobs_3.10.300.v20190215-2048.jar:na]
2019-03-30 00:24:39,203 [Worker-23: Download sources and javadoc] INFO  o.e.m.c.i.e.AbstractTransferListenerAdapter - Downloading https://repo.maven.apache.org/maven2/jboss/javassist/3.7.ga/javassist-3.7.ga-sources.jar
2019-03-30 00:24:39,887 [Worker-23: Download sources and javadoc] INFO  o.e.m.c.i.e.AbstractTransferListenerAdapter - Downloaded https://repo.maven.apache.org/maven2/jboss/javassist/3.7.ga/javassist-3.7.ga-sources.jar
2019-03-30 00:24:39,923 [Worker-23: Download sources and javadoc] INFO  o.e.m.j.internal.DownloadSourcesJob - Downloaded sources for jboss:javassist:3.7.ga
2019-03-30 00:24:40,022 [Worker-23: Download sources and javadoc] INFO  o.e.m.c.i.e.AbstractTransferListenerAdapter - Downloading https://repo.maven.apache.org/maven2/commons-logging/commons-logging/1.0.4/commons-logging-1.0.4-sources.jar
2019-03-30 00:24:40,087 [Worker-23: Download sources and javadoc] INFO  o.e.m.c.i.e.AbstractTransferListenerAdapter - Downloaded https://repo.maven.apache.org/maven2/commons-logging/commons-logging/1.0.4/commons-logging-1.0.4-sources.jar
2019-03-30 00:24:40,122 [Worker-23: Download sources and javadoc] INFO  o.e.m.j.internal.DownloadSourcesJob - Downloaded sources for commons-logging:commons-logging:1.0.4
2019-03-30 00:24:40,365 [Worker-20: Building workspace] INFO  o.e.m.c.i.embedder.EclipseLogger - Using 'UTF-8' encoding to copy filtered resources.
2019-03-30 00:24:40,367 [Worker-20: Building workspace] INFO  o.e.m.c.i.embedder.EclipseLogger - skip non existing resourceDirectory D:\Java\Eclipse\DatConverter\converter.dat\src\main\resources
2019-03-30 00:24:40,370 [Worker-20: Building workspace] INFO  o.e.m.c.i.embedder.EclipseLogger - Using 'UTF-8' encoding to copy filtered resources.
2019-03-30 00:24:40,370 [Worker-20: Building workspace] INFO  o.e.m.c.i.embedder.EclipseLogger - skip non existing resourceDirectory D:\Java\Eclipse\DatConverter\converter.dat\src\test\resources
2019-03-30 00:24:41,658 [Worker-8: Download sources and javadoc] INFO  o.e.m.c.i.e.AbstractTransferListenerAdapter - Downloaded https://repo.maven.apache.org/maven2/org/ops4j/gaderian/gaderian/1.0/gaderian-1.0-javadoc.jar
2019-03-30 00:24:41,661 [Worker-8: Download sources and javadoc] ERROR o.e.m.j.internal.DownloadSourcesJob - Could not download javadoc for org.ops4j.gaderian:gaderian:1.0
org.eclipse.core.runtime.CoreException: Could not resolve artifact org.ops4j.gaderian:gaderian:jar:javadoc:1.0
	at org.eclipse.m2e.core.internal.embedder.MavenImpl.lambda$4(MavenImpl.java:763) [org.eclipse.m2e.core_1.11.0.20190220-2119.jar:na]
	at org.eclipse.m2e.core.internal.embedder.MavenExecutionContext.executeBare(MavenExecutionContext.java:177) [org.eclipse.m2e.core_1.11.0.20190220-2119.jar:na]
	at org.eclipse.m2e.core.internal.embedder.MavenExecutionContext.execute(MavenExecutionContext.java:112) [org.eclipse.m2e.core_1.11.0.20190220-2119.jar:na]
	at org.eclipse.m2e.core.internal.embedder.MavenExecutionContext.execute(MavenExecutionContext.java:99) [org.eclipse.m2e.core_1.11.0.20190220-2119.jar:na]
	at org.eclipse.m2e.core.internal.embedder.MavenImpl.resolve(MavenImpl.java:731) [org.eclipse.m2e.core_1.11.0.20190220-2119.jar:na]
	at org.eclipse.m2e.core.internal.embedder.MavenImpl.resolve(MavenImpl.java:708) [org.eclipse.m2e.core_1.11.0.20190220-2119.jar:na]
	at org.eclipse.m2e.jdt.internal.DownloadSourcesJob.download(DownloadSourcesJob.java:279) [org.eclipse.m2e.jdt_1.11.0.20190220-2119.jar:na]
	at org.eclipse.m2e.jdt.internal.DownloadSourcesJob.downloadAttachments(DownloadSourcesJob.java:265) [org.eclipse.m2e.jdt_1.11.0.20190220-2119.jar:na]
	at org.eclipse.m2e.jdt.internal.DownloadSourcesJob.downloadMaven(DownloadSourcesJob.java:221) [org.eclipse.m2e.jdt_1.11.0.20190220-2119.jar:na]
	at org.eclipse.m2e.jdt.internal.DownloadSourcesJob.run(DownloadSourcesJob.java:161) [org.eclipse.m2e.jdt_1.11.0.20190220-2119.jar:na]
	at org.eclipse.m2e.jdt.internal.DownloadSourcesJob$1.call(DownloadSourcesJob.java:137) [org.eclipse.m2e.jdt_1.11.0.20190220-2119.jar:na]
	at org.eclipse.m2e.jdt.internal.DownloadSourcesJob$1.call(DownloadSourcesJob.java:1) [org.eclipse.m2e.jdt_1.11.0.20190220-2119.jar:na]
	at org.eclipse.m2e.core.internal.embedder.MavenExecutionContext.executeBare(MavenExecutionContext.java:177) [org.eclipse.m2e.core_1.11.0.20190220-2119.jar:na]
	at org.eclipse.m2e.core.internal.embedder.MavenExecutionContext.execute(MavenExecutionContext.java:151) [org.eclipse.m2e.core_1.11.0.20190220-2119.jar:na]
	at org.eclipse.m2e.core.internal.embedder.MavenExecutionContext.execute(MavenExecutionContext.java:99) [org.eclipse.m2e.core_1.11.0.20190220-2119.jar:na]
	at org.eclipse.m2e.core.internal.embedder.MavenImpl.execute(MavenImpl.java:1336) [org.eclipse.m2e.core_1.11.0.20190220-2119.jar:na]
	at org.eclipse.m2e.jdt.internal.DownloadSourcesJob.run(DownloadSourcesJob.java:135) [org.eclipse.m2e.jdt_1.11.0.20190220-2119.jar:na]
	at org.eclipse.core.internal.jobs.Worker.run(Worker.java:63) [org.eclipse.core.jobs_3.10.300.v20190215-2048.jar:na]
2019-03-30 00:25:03,914 [Worker-22: Building workspace] INFO  o.e.m.c.i.embedder.EclipseLogger - Using 'UTF-8' encoding to copy filtered resources.
2019-03-30 00:25:03,915 [Worker-22: Building workspace] INFO  o.e.m.c.i.embedder.EclipseLogger - skip non existing resourceDirectory D:\Java\Eclipse\DatConverter\converter.dat\src\main\resources
2019-03-30 00:25:03,918 [Worker-22: Building workspace] INFO  o.e.m.c.i.embedder.EclipseLogger - Using 'UTF-8' encoding to copy filtered resources.
2019-03-30 00:25:03,918 [Worker-22: Building workspace] INFO  o.e.m.c.i.embedder.EclipseLogger - skip non existing resourceDirectory D:\Java\Eclipse\DatConverter\converter.dat\src\test\resources
2019-03-30 00:25:30,061 [Worker-11: Building workspace] INFO  o.e.m.c.i.embedder.EclipseLogger - Using 'UTF-8' encoding to copy filtered resources.
2019-03-30 00:25:30,062 [Worker-11: Building workspace] INFO  o.e.m.c.i.embedder.EclipseLogger - skip non existing resourceDirectory D:\Java\Eclipse\DatConverter\converter.dat\src\main\resources
2019-03-30 00:25:30,063 [Worker-11: Building workspace] INFO  o.e.m.c.i.embedder.EclipseLogger - Using 'UTF-8' encoding to copy filtered resources.
2019-03-30 00:25:30,064 [Worker-11: Building workspace] INFO  o.e.m.c.i.embedder.EclipseLogger - skip non existing resourceDirectory D:\Java\Eclipse\DatConverter\converter.dat\src\test\resources
2019-03-30 00:26:37,548 [Worker-23: Building workspace] INFO  o.e.m.c.i.l.LifecycleMappingFactory - Using org.eclipse.m2e.jdt.JarLifecycleMapping lifecycle mapping for MavenProject: info.aaemu:converter.dat:0.0.1-SNAPSHOT @ D:\Java\Eclipse\DatConverter\converter.dat\pom.xml.
2019-03-30 00:26:37,827 [Worker-23: Building workspace] INFO  o.e.m.c.i.embedder.EclipseLogger - Using 'UTF-8' encoding to copy filtered resources.
2019-03-30 00:26:37,827 [Worker-23: Building workspace] INFO  o.e.m.c.i.embedder.EclipseLogger - skip non existing resourceDirectory D:\Java\Eclipse\DatConverter\converter.dat\src\main\resources
2019-03-30 00:26:37,830 [Worker-23: Building workspace] INFO  o.e.m.c.i.embedder.EclipseLogger - Using 'UTF-8' encoding to copy filtered resources.
2019-03-30 00:26:37,831 [Worker-23: Building workspace] INFO  o.e.m.c.i.embedder.EclipseLogger - skip non existing resourceDirectory D:\Java\Eclipse\DatConverter\converter.dat\src\test\resources
2019-03-30 00:26:39,489 [Worker-21: Building workspace] INFO  o.e.m.c.i.embedder.EclipseLogger - Using 'UTF-8' encoding to copy filtered resources.
2019-03-30 00:26:39,489 [Worker-21: Building workspace] INFO  o.e.m.c.i.embedder.EclipseLogger - skip non existing resourceDirectory D:\Java\Eclipse\DatConverter\converter.dat\src\main\resources
2019-03-30 00:26:39,491 [Worker-21: Building workspace] INFO  o.e.m.c.i.embedder.EclipseLogger - Using 'UTF-8' encoding to copy filtered resources.
2019-03-30 00:26:39,492 [Worker-21: Building workspace] INFO  o.e.m.c.i.embedder.EclipseLogger - skip non existing resourceDirectory D:\Java\Eclipse\DatConverter\converter.dat\src\test\resources
2019-03-30 00:26:44,322 [Worker-11: Building workspace] INFO  o.e.m.c.i.embedder.EclipseLogger - Using 'UTF-8' encoding to copy filtered resources.
2019-03-30 00:26:44,322 [Worker-11: Building workspace] INFO  o.e.m.c.i.embedder.EclipseLogger - skip non existing resourceDirectory D:\Java\Eclipse\DatConverter\converter.dat\src\main\resources
2019-03-30 00:26:44,323 [Worker-11: Building workspace] INFO  o.e.m.c.i.embedder.EclipseLogger - Using 'UTF-8' encoding to copy filtered resources.
2019-03-30 00:26:44,324 [Worker-11: Building workspace] INFO  o.e.m.c.i.embedder.EclipseLogger - skip non existing resourceDirectory D:\Java\Eclipse\DatConverter\converter.dat\src\test\resources
2019-03-30 00:26:47,022 [Worker-22: Building workspace] INFO  o.e.m.c.i.embedder.EclipseLogger - Using 'UTF-8' encoding to copy filtered resources.
2019-03-30 00:26:47,023 [Worker-22: Building workspace] INFO  o.e.m.c.i.embedder.EclipseLogger - skip non existing resourceDirectory D:\Java\Eclipse\DatConverter\converter.dat\src\main\resources
2019-03-30 00:26:47,025 [Worker-22: Building workspace] INFO  o.e.m.c.i.embedder.EclipseLogger - Using 'UTF-8' encoding to copy filtered resources.
2019-03-30 00:26:47,026 [Worker-22: Building workspace] INFO  o.e.m.c.i.embedder.EclipseLogger - skip non existing resourceDirectory D:\Java\Eclipse\DatConverter\converter.dat\src\test\resources
2019-03-30 00:27:05,144 [Worker-17: Building workspace] INFO  o.e.m.c.i.embedder.EclipseLogger - Using 'UTF-8' encoding to copy filtered resources.
2019-03-30 00:27:05,147 [Worker-17: Building workspace] INFO  o.e.m.c.i.embedder.EclipseLogger - skip non existing resourceDirectory D:\Java\Eclipse\DatConverter\converter.dat\src\main\resources
2019-03-30 00:27:05,149 [Worker-17: Building workspace] INFO  o.e.m.c.i.embedder.EclipseLogger - Using 'UTF-8' encoding to copy filtered resources.
2019-03-30 00:27:05,150 [Worker-17: Building workspace] INFO  o.e.m.c.i.embedder.EclipseLogger - skip non existing resourceDirectory D:\Java\Eclipse\DatConverter\converter.dat\src\test\resources
2019-03-30 00:28:00,308 [Worker-8: Building workspace] INFO  o.e.m.c.i.embedder.EclipseLogger - Using 'UTF-8' encoding to copy filtered resources.
2019-03-30 00:28:00,309 [Worker-8: Building workspace] INFO  o.e.m.c.i.embedder.EclipseLogger - skip non existing resourceDirectory D:\Java\Eclipse\DatConverter\converter.dat\src\main\resources
2019-03-30 00:28:00,311 [Worker-8: Building workspace] INFO  o.e.m.c.i.embedder.EclipseLogger - Using 'UTF-8' encoding to copy filtered resources.
2019-03-30 00:28:00,311 [Worker-8: Building workspace] INFO  o.e.m.c.i.embedder.EclipseLogger - skip non existing resourceDirectory D:\Java\Eclipse\DatConverter\converter.dat\src\test\resources
2019-03-30 00:29:56,168 [Worker-8: Building workspace] INFO  o.e.m.c.i.embedder.EclipseLogger - Using 'UTF-8' encoding to copy filtered resources.
2019-03-30 00:29:56,170 [Worker-8: Building workspace] INFO  o.e.m.c.i.embedder.EclipseLogger - skip non existing resourceDirectory D:\Java\Eclipse\DatConverter\converter.dat\src\main\resources
2019-03-30 00:29:56,171 [Worker-8: Building workspace] INFO  o.e.m.c.i.embedder.EclipseLogger - Using 'UTF-8' encoding to copy filtered resources.
2019-03-30 00:29:56,172 [Worker-8: Building workspace] INFO  o.e.m.c.i.embedder.EclipseLogger - skip non existing resourceDirectory D:\Java\Eclipse\DatConverter\converter.dat\src\test\resources
2019-03-30 00:31:29,239 [Worker-20: Building workspace] INFO  o.e.m.c.i.embedder.EclipseLogger - Using 'UTF-8' encoding to copy filtered resources.
2019-03-30 00:31:29,239 [Worker-20: Building workspace] INFO  o.e.m.c.i.embedder.EclipseLogger - skip non existing resourceDirectory D:\Java\Eclipse\DatConverter\converter.dat\src\main\resources
2019-03-30 00:31:29,242 [Worker-20: Building workspace] INFO  o.e.m.c.i.embedder.EclipseLogger - Using 'UTF-8' encoding to copy filtered resources.
2019-03-30 00:31:29,243 [Worker-20: Building workspace] INFO  o.e.m.c.i.embedder.EclipseLogger - skip non existing resourceDirectory D:\Java\Eclipse\DatConverter\converter.dat\src\test\resources
2019-03-30 00:31:50,585 [Worker-11: Building workspace] INFO  o.e.m.c.i.embedder.EclipseLogger - Using 'UTF-8' encoding to copy filtered resources.
2019-03-30 00:31:50,586 [Worker-11: Building workspace] INFO  o.e.m.c.i.embedder.EclipseLogger - skip non existing resourceDirectory D:\Java\Eclipse\DatConverter\converter.dat\src\main\resources
2019-03-30 00:31:50,588 [Worker-11: Building workspace] INFO  o.e.m.c.i.embedder.EclipseLogger - Using 'UTF-8' encoding to copy filtered resources.
2019-03-30 00:31:50,588 [Worker-11: Building workspace] INFO  o.e.m.c.i.embedder.EclipseLogger - skip non existing resourceDirectory D:\Java\Eclipse\DatConverter\converter.dat\src\test\resources
2019-03-30 00:31:59,104 [Worker-21: Building workspace] INFO  o.e.m.c.i.embedder.EclipseLogger - Using 'UTF-8' encoding to copy filtered resources.
2019-03-30 00:31:59,104 [Worker-21: Building workspace] INFO  o.e.m.c.i.embedder.EclipseLogger - skip non existing resourceDirectory D:\Java\Eclipse\DatConverter\converter.dat\src\main\resources
2019-03-30 00:31:59,106 [Worker-21: Building workspace] INFO  o.e.m.c.i.embedder.EclipseLogger - Using 'UTF-8' encoding to copy filtered resources.
2019-03-30 00:31:59,106 [Worker-21: Building workspace] INFO  o.e.m.c.i.embedder.EclipseLogger - skip non existing resourceDirectory D:\Java\Eclipse\DatConverter\converter.dat\src\test\resources
2019-03-30 00:32:52,883 [Worker-8: Building workspace] INFO  o.e.m.c.i.embedder.EclipseLogger - Using 'UTF-8' encoding to copy filtered resources.
2019-03-30 00:32:52,884 [Worker-8: Building workspace] INFO  o.e.m.c.i.embedder.EclipseLogger - skip non existing resourceDirectory D:\Java\Eclipse\DatConverter\converter.dat\src\main\resources
2019-03-30 00:32:52,886 [Worker-8: Building workspace] INFO  o.e.m.c.i.embedder.EclipseLogger - Using 'UTF-8' encoding to copy filtered resources.
2019-03-30 00:32:52,887 [Worker-8: Building workspace] INFO  o.e.m.c.i.embedder.EclipseLogger - skip non existing resourceDirectory D:\Java\Eclipse\DatConverter\converter.dat\src\test\resources
2019-03-30 00:32:55,607 [Worker-23: Building workspace] INFO  o.e.m.c.i.embedder.EclipseLogger - Using 'UTF-8' encoding to copy filtered resources.
2019-03-30 00:32:55,607 [Worker-23: Building workspace] INFO  o.e.m.c.i.embedder.EclipseLogger - skip non existing resourceDirectory D:\Java\Eclipse\DatConverter\converter.dat\src\main\resources
2019-03-30 00:32:55,609 [Worker-23: Building workspace] INFO  o.e.m.c.i.embedder.EclipseLogger - Using 'UTF-8' encoding to copy filtered resources.
2019-03-30 00:32:55,609 [Worker-23: Building workspace] INFO  o.e.m.c.i.embedder.EclipseLogger - skip non existing resourceDirectory D:\Java\Eclipse\DatConverter\converter.dat\src\test\resources
2019-03-30 00:33:02,873 [Worker-17: Building workspace] INFO  o.e.m.c.i.embedder.EclipseLogger - Using 'UTF-8' encoding to copy filtered resources.
2019-03-30 00:33:02,874 [Worker-17: Building workspace] INFO  o.e.m.c.i.embedder.EclipseLogger - skip non existing resourceDirectory D:\Java\Eclipse\DatConverter\converter.dat\src\main\resources
2019-03-30 00:33:02,878 [Worker-17: Building workspace] INFO  o.e.m.c.i.embedder.EclipseLogger - Using 'UTF-8' encoding to copy filtered resources.
2019-03-30 00:33:02,878 [Worker-17: Building workspace] INFO  o.e.m.c.i.embedder.EclipseLogger - skip non existing resourceDirectory D:\Java\Eclipse\DatConverter\converter.dat\src\test\resources
2019-03-30 00:33:08,260 [Worker-22: Building workspace] INFO  o.e.m.c.i.embedder.EclipseLogger - Using 'UTF-8' encoding to copy filtered resources.
2019-03-30 00:33:08,260 [Worker-22: Building workspace] INFO  o.e.m.c.i.embedder.EclipseLogger - skip non existing resourceDirectory D:\Java\Eclipse\DatConverter\converter.dat\src\main\resources
2019-03-30 00:33:08,263 [Worker-22: Building workspace] INFO  o.e.m.c.i.embedder.EclipseLogger - Using 'UTF-8' encoding to copy filtered resources.
2019-03-30 00:33:08,263 [Worker-22: Building workspace] INFO  o.e.m.c.i.embedder.EclipseLogger - skip non existing resourceDirectory D:\Java\Eclipse\DatConverter\converter.dat\src\test\resources
2019-03-30 00:33:11,369 [Worker-21: Building workspace] INFO  o.e.m.c.i.embedder.EclipseLogger - Using 'UTF-8' encoding to copy filtered resources.
2019-03-30 00:33:11,370 [Worker-21: Building workspace] INFO  o.e.m.c.i.embedder.EclipseLogger - skip non existing resourceDirectory D:\Java\Eclipse\DatConverter\converter.dat\src\main\resources
2019-03-30 00:33:11,371 [Worker-21: Building workspace] INFO  o.e.m.c.i.embedder.EclipseLogger - Using 'UTF-8' encoding to copy filtered resources.
2019-03-30 00:33:11,372 [Worker-21: Building workspace] INFO  o.e.m.c.i.embedder.EclipseLogger - skip non existing resourceDirectory D:\Java\Eclipse\DatConverter\converter.dat\src\test\resources
2019-03-30 00:33:33,197 [Worker-17: Building workspace] INFO  o.e.m.c.i.embedder.EclipseLogger - Using 'UTF-8' encoding to copy filtered resources.
2019-03-30 00:33:33,198 [Worker-17: Building workspace] INFO  o.e.m.c.i.embedder.EclipseLogger - skip non existing resourceDirectory D:\Java\Eclipse\DatConverter\converter.dat\src\main\resources
2019-03-30 00:33:33,201 [Worker-17: Building workspace] INFO  o.e.m.c.i.embedder.EclipseLogger - Using 'UTF-8' encoding to copy filtered resources.
2019-03-30 00:33:33,201 [Worker-17: Building workspace] INFO  o.e.m.c.i.embedder.EclipseLogger - skip non existing resourceDirectory D:\Java\Eclipse\DatConverter\converter.dat\src\test\resources
2019-03-30 00:34:18,410 [Worker-21: Building workspace] INFO  o.e.m.c.i.embedder.EclipseLogger - Using 'UTF-8' encoding to copy filtered resources.
2019-03-30 00:34:18,411 [Worker-21: Building workspace] INFO  o.e.m.c.i.embedder.EclipseLogger - skip non existing resourceDirectory D:\Java\Eclipse\DatConverter\converter.dat\src\main\resources
2019-03-30 00:34:18,412 [Worker-21: Building workspace] INFO  o.e.m.c.i.embedder.EclipseLogger - Using 'UTF-8' encoding to copy filtered resources.
2019-03-30 00:34:18,413 [Worker-21: Building workspace] INFO  o.e.m.c.i.embedder.EclipseLogger - skip non existing resourceDirectory D:\Java\Eclipse\DatConverter\converter.dat\src\test\resources
2019-03-30 00:37:09,626 [Worker-11: Building workspace] INFO  o.e.m.c.i.embedder.EclipseLogger - Using 'UTF-8' encoding to copy filtered resources.
2019-03-30 00:37:09,626 [Worker-11: Building workspace] INFO  o.e.m.c.i.embedder.EclipseLogger - skip non existing resourceDirectory D:\Java\Eclipse\DatConverter\converter.dat\src\main\resources
2019-03-30 00:37:09,628 [Worker-11: Building workspace] INFO  o.e.m.c.i.embedder.EclipseLogger - Using 'UTF-8' encoding to copy filtered resources.
2019-03-30 00:37:09,628 [Worker-11: Building workspace] INFO  o.e.m.c.i.embedder.EclipseLogger - skip non existing resourceDirectory D:\Java\Eclipse\DatConverter\converter.dat\src\test\resources
2019-03-30 00:37:15,162 [Worker-22: Building workspace] INFO  o.e.m.c.i.embedder.EclipseLogger - Using 'UTF-8' encoding to copy filtered resources.
2019-03-30 00:37:15,163 [Worker-22: Building workspace] INFO  o.e.m.c.i.embedder.EclipseLogger - skip non existing resourceDirectory D:\Java\Eclipse\DatConverter\converter.dat\src\main\resources
2019-03-30 00:37:15,165 [Worker-22: Building workspace] INFO  o.e.m.c.i.embedder.EclipseLogger - Using 'UTF-8' encoding to copy filtered resources.
2019-03-30 00:37:15,165 [Worker-22: Building workspace] INFO  o.e.m.c.i.embedder.EclipseLogger - skip non existing resourceDirectory D:\Java\Eclipse\DatConverter\converter.dat\src\test\resources
2019-03-30 00:37:32,050 [Worker-17: Building workspace] INFO  o.e.m.c.i.embedder.EclipseLogger - Using 'UTF-8' encoding to copy filtered resources.
2019-03-30 00:37:32,051 [Worker-17: Building workspace] INFO  o.e.m.c.i.embedder.EclipseLogger - skip non existing resourceDirectory D:\Java\Eclipse\DatConverter\converter.dat\src\main\resources
2019-03-30 00:37:32,052 [Worker-17: Building workspace] INFO  o.e.m.c.i.embedder.EclipseLogger - Using 'UTF-8' encoding to copy filtered resources.
2019-03-30 00:37:32,053 [Worker-17: Building workspace] INFO  o.e.m.c.i.embedder.EclipseLogger - skip non existing resourceDirectory D:\Java\Eclipse\DatConverter\converter.dat\src\test\resources
2019-03-30 00:39:22,488 [Worker-11: Building workspace] INFO  o.e.m.c.i.embedder.EclipseLogger - Using 'UTF-8' encoding to copy filtered resources.
2019-03-30 00:39:22,489 [Worker-11: Building workspace] INFO  o.e.m.c.i.embedder.EclipseLogger - skip non existing resourceDirectory D:\Java\Eclipse\DatConverter\converter.dat\src\main\resources
2019-03-30 00:39:22,491 [Worker-11: Building workspace] INFO  o.e.m.c.i.embedder.EclipseLogger - Using 'UTF-8' encoding to copy filtered resources.
2019-03-30 00:39:22,492 [Worker-11: Building workspace] INFO  o.e.m.c.i.embedder.EclipseLogger - skip non existing resourceDirectory D:\Java\Eclipse\DatConverter\converter.dat\src\test\resources
2019-03-30 00:40:04,414 [Worker-11: Building workspace] INFO  o.e.m.c.i.embedder.EclipseLogger - Using 'UTF-8' encoding to copy filtered resources.
2019-03-30 00:40:04,415 [Worker-11: Building workspace] INFO  o.e.m.c.i.embedder.EclipseLogger - skip non existing resourceDirectory D:\Java\Eclipse\DatConverter\converter.dat\src\main\resources
2019-03-30 00:40:04,417 [Worker-11: Building workspace] INFO  o.e.m.c.i.embedder.EclipseLogger - Using 'UTF-8' encoding to copy filtered resources.
2019-03-30 00:40:04,417 [Worker-11: Building workspace] INFO  o.e.m.c.i.embedder.EclipseLogger - skip non existing resourceDirectory D:\Java\Eclipse\DatConverter\converter.dat\src\test\resources
2019-03-30 00:40:30,135 [Worker-22: Building workspace] INFO  o.e.m.c.i.embedder.EclipseLogger - Using 'UTF-8' encoding to copy filtered resources.
2019-03-30 00:40:30,136 [Worker-22: Building workspace] INFO  o.e.m.c.i.embedder.EclipseLogger - skip non existing resourceDirectory D:\Java\Eclipse\DatConverter\converter.dat\src\main\resources
2019-03-30 00:40:30,137 [Worker-22: Building workspace] INFO  o.e.m.c.i.embedder.EclipseLogger - Using 'UTF-8' encoding to copy filtered resources.
2019-03-30 00:40:30,138 [Worker-22: Building workspace] INFO  o.e.m.c.i.embedder.EclipseLogger - skip non existing resourceDirectory D:\Java\Eclipse\DatConverter\converter.dat\src\test\resources
2019-03-30 00:42:45,398 [Worker-17: Building workspace] INFO  o.e.m.c.i.embedder.EclipseLogger - Using 'UTF-8' encoding to copy filtered resources.
2019-03-30 00:42:45,398 [Worker-17: Building workspace] INFO  o.e.m.c.i.embedder.EclipseLogger - skip non existing resourceDirectory D:\Java\Eclipse\DatConverter\converter.dat\src\main\resources
2019-03-30 00:42:45,399 [Worker-17: Building workspace] INFO  o.e.m.c.i.embedder.EclipseLogger - Using 'UTF-8' encoding to copy filtered resources.
2019-03-30 00:42:45,400 [Worker-17: Building workspace] INFO  o.e.m.c.i.embedder.EclipseLogger - skip non existing resourceDirectory D:\Java\Eclipse\DatConverter\converter.dat\src\test\resources
2019-03-30 00:43:44,856 [Worker-21: Building workspace] INFO  o.e.m.c.i.embedder.EclipseLogger - Using 'UTF-8' encoding to copy filtered resources.
2019-03-30 00:43:44,857 [Worker-21: Building workspace] INFO  o.e.m.c.i.embedder.EclipseLogger - skip non existing resourceDirectory D:\Java\Eclipse\DatConverter\converter.dat\src\main\resources
2019-03-30 00:43:44,859 [Worker-21: Building workspace] INFO  o.e.m.c.i.embedder.EclipseLogger - Using 'UTF-8' encoding to copy filtered resources.
2019-03-30 00:43:44,859 [Worker-21: Building workspace] INFO  o.e.m.c.i.embedder.EclipseLogger - skip non existing resourceDirectory D:\Java\Eclipse\DatConverter\converter.dat\src\test\resources
2019-03-30 00:43:46,227 [Worker-24: Building workspace] INFO  o.e.m.c.i.embedder.EclipseLogger - Using 'UTF-8' encoding to copy filtered resources.
2019-03-30 00:43:46,227 [Worker-24: Building workspace] INFO  o.e.m.c.i.embedder.EclipseLogger - skip non existing resourceDirectory D:\Java\Eclipse\DatConverter\converter.dat\src\main\resources
2019-03-30 00:43:46,229 [Worker-24: Building workspace] INFO  o.e.m.c.i.embedder.EclipseLogger - Using 'UTF-8' encoding to copy filtered resources.
2019-03-30 00:43:46,230 [Worker-24: Building workspace] INFO  o.e.m.c.i.embedder.EclipseLogger - skip non existing resourceDirectory D:\Java\Eclipse\DatConverter\converter.dat\src\test\resources
2019-03-30 00:45:59,924 [Worker-21: Building workspace] INFO  o.e.m.c.i.embedder.EclipseLogger - Using 'UTF-8' encoding to copy filtered resources.
2019-03-30 00:45:59,924 [Worker-21: Building workspace] INFO  o.e.m.c.i.embedder.EclipseLogger - skip non existing resourceDirectory D:\Java\Eclipse\DatConverter\converter.dat\src\main\resources
2019-03-30 00:45:59,926 [Worker-21: Building workspace] INFO  o.e.m.c.i.embedder.EclipseLogger - Using 'UTF-8' encoding to copy filtered resources.
2019-03-30 00:45:59,927 [Worker-21: Building workspace] INFO  o.e.m.c.i.embedder.EclipseLogger - skip non existing resourceDirectory D:\Java\Eclipse\DatConverter\converter.dat\src\test\resources
2019-03-30 00:46:43,289 [Worker-21: Building workspace] INFO  o.e.m.c.i.embedder.EclipseLogger - Using 'UTF-8' encoding to copy filtered resources.
2019-03-30 00:46:43,289 [Worker-21: Building workspace] INFO  o.e.m.c.i.embedder.EclipseLogger - skip non existing resourceDirectory D:\Java\Eclipse\DatConverter\converter.dat\src\main\resources
2019-03-30 00:46:43,291 [Worker-21: Building workspace] INFO  o.e.m.c.i.embedder.EclipseLogger - Using 'UTF-8' encoding to copy filtered resources.
2019-03-30 00:46:43,292 [Worker-21: Building workspace] INFO  o.e.m.c.i.embedder.EclipseLogger - skip non existing resourceDirectory D:\Java\Eclipse\DatConverter\converter.dat\src\test\resources
2019-03-30 00:47:03,217 [Worker-27: Building workspace] INFO  o.e.m.c.i.embedder.EclipseLogger - Using 'UTF-8' encoding to copy filtered resources.
2019-03-30 00:47:03,218 [Worker-27: Building workspace] INFO  o.e.m.c.i.embedder.EclipseLogger - skip non existing resourceDirectory D:\Java\Eclipse\DatConverter\converter.dat\src\main\resources
2019-03-30 00:47:03,220 [Worker-27: Building workspace] INFO  o.e.m.c.i.embedder.EclipseLogger - Using 'UTF-8' encoding to copy filtered resources.
2019-03-30 00:47:03,221 [Worker-27: Building workspace] INFO  o.e.m.c.i.embedder.EclipseLogger - skip non existing resourceDirectory D:\Java\Eclipse\DatConverter\converter.dat\src\test\resources
2019-03-30 00:47:50,748 [Worker-27: Building workspace] INFO  o.e.m.c.i.embedder.EclipseLogger - Using 'UTF-8' encoding to copy filtered resources.
2019-03-30 00:47:50,749 [Worker-27: Building workspace] INFO  o.e.m.c.i.embedder.EclipseLogger - skip non existing resourceDirectory D:\Java\Eclipse\DatConverter\converter.dat\src\main\resources
2019-03-30 00:47:50,750 [Worker-27: Building workspace] INFO  o.e.m.c.i.embedder.EclipseLogger - Using 'UTF-8' encoding to copy filtered resources.
2019-03-30 00:47:50,751 [Worker-27: Building workspace] INFO  o.e.m.c.i.embedder.EclipseLogger - skip non existing resourceDirectory D:\Java\Eclipse\DatConverter\converter.dat\src\test\resources
2019-03-30 00:48:23,216 [Worker-24: Launching App] INFO  o.e.m.c.i.embedder.EclipseLogger - Using 'UTF-8' encoding to copy filtered resources.
2019-03-30 00:48:23,217 [Worker-24: Launching App] INFO  o.e.m.c.i.embedder.EclipseLogger - skip non existing resourceDirectory D:\Java\Eclipse\DatConverter\converter.dat\src\main\resources
2019-03-30 00:48:23,218 [Worker-24: Launching App] INFO  o.e.m.c.i.embedder.EclipseLogger - Using 'UTF-8' encoding to copy filtered resources.
2019-03-30 00:48:23,219 [Worker-24: Launching App] INFO  o.e.m.c.i.embedder.EclipseLogger - skip non existing resourceDirectory D:\Java\Eclipse\DatConverter\converter.dat\src\test\resources
2019-03-30 00:48:50,580 [Worker-17: Building workspace] INFO  o.e.m.c.i.embedder.EclipseLogger - Using 'UTF-8' encoding to copy filtered resources.
2019-03-30 00:48:50,580 [Worker-17: Building workspace] INFO  o.e.m.c.i.embedder.EclipseLogger - skip non existing resourceDirectory D:\Java\Eclipse\DatConverter\converter.dat\src\main\resources
2019-03-30 00:48:50,583 [Worker-17: Building workspace] INFO  o.e.m.c.i.embedder.EclipseLogger - Using 'UTF-8' encoding to copy filtered resources.
2019-03-30 00:48:50,583 [Worker-17: Building workspace] INFO  o.e.m.c.i.embedder.EclipseLogger - skip non existing resourceDirectory D:\Java\Eclipse\DatConverter\converter.dat\src\test\resources
2019-03-30 00:49:27,186 [Worker-24: Building workspace] INFO  o.e.m.c.i.embedder.EclipseLogger - Using 'UTF-8' encoding to copy filtered resources.
2019-03-30 00:49:27,187 [Worker-24: Building workspace] INFO  o.e.m.c.i.embedder.EclipseLogger - skip non existing resourceDirectory D:\Java\Eclipse\DatConverter\converter.dat\src\main\resources
2019-03-30 00:49:27,188 [Worker-24: Building workspace] INFO  o.e.m.c.i.embedder.EclipseLogger - Using 'UTF-8' encoding to copy filtered resources.
2019-03-30 00:49:27,188 [Worker-24: Building workspace] INFO  o.e.m.c.i.embedder.EclipseLogger - skip non existing resourceDirectory D:\Java\Eclipse\DatConverter\converter.dat\src\test\resources
2019-03-30 00:49:48,943 [Worker-25: Building workspace] INFO  o.e.m.c.i.embedder.EclipseLogger - Using 'UTF-8' encoding to copy filtered resources.
2019-03-30 00:49:48,944 [Worker-25: Building workspace] INFO  o.e.m.c.i.embedder.EclipseLogger - skip non existing resourceDirectory D:\Java\Eclipse\DatConverter\converter.dat\src\main\resources
2019-03-30 00:49:48,945 [Worker-25: Building workspace] INFO  o.e.m.c.i.embedder.EclipseLogger - Using 'UTF-8' encoding to copy filtered resources.
2019-03-30 00:49:48,945 [Worker-25: Building workspace] INFO  o.e.m.c.i.embedder.EclipseLogger - skip non existing resourceDirectory D:\Java\Eclipse\DatConverter\converter.dat\src\test\resources
2019-03-30 00:49:52,855 [Worker-21: Building workspace] INFO  o.e.m.c.i.embedder.EclipseLogger - Using 'UTF-8' encoding to copy filtered resources.
2019-03-30 00:49:52,855 [Worker-21: Building workspace] INFO  o.e.m.c.i.embedder.EclipseLogger - skip non existing resourceDirectory D:\Java\Eclipse\DatConverter\converter.dat\src\main\resources
2019-03-30 00:49:52,857 [Worker-21: Building workspace] INFO  o.e.m.c.i.embedder.EclipseLogger - Using 'UTF-8' encoding to copy filtered resources.
2019-03-30 00:49:52,858 [Worker-21: Building workspace] INFO  o.e.m.c.i.embedder.EclipseLogger - skip non existing resourceDirectory D:\Java\Eclipse\DatConverter\converter.dat\src\test\resources
2019-03-30 00:50:39,205 [Worker-21: Building workspace] INFO  o.e.m.c.i.embedder.EclipseLogger - Using 'UTF-8' encoding to copy filtered resources.
2019-03-30 00:50:39,205 [Worker-21: Building workspace] INFO  o.e.m.c.i.embedder.EclipseLogger - skip non existing resourceDirectory D:\Java\Eclipse\DatConverter\converter.dat\src\main\resources
2019-03-30 00:50:39,207 [Worker-21: Building workspace] INFO  o.e.m.c.i.embedder.EclipseLogger - Using 'UTF-8' encoding to copy filtered resources.
2019-03-30 00:50:39,208 [Worker-21: Building workspace] INFO  o.e.m.c.i.embedder.EclipseLogger - skip non existing resourceDirectory D:\Java\Eclipse\DatConverter\converter.dat\src\test\resources
2019-03-30 00:50:54,681 [Worker-17: Building workspace] INFO  o.e.m.c.i.embedder.EclipseLogger - Using 'UTF-8' encoding to copy filtered resources.
2019-03-30 00:50:54,682 [Worker-17: Building workspace] INFO  o.e.m.c.i.embedder.EclipseLogger - skip non existing resourceDirectory D:\Java\Eclipse\DatConverter\converter.dat\src\main\resources
2019-03-30 00:50:54,684 [Worker-17: Building workspace] INFO  o.e.m.c.i.embedder.EclipseLogger - Using 'UTF-8' encoding to copy filtered resources.
2019-03-30 00:50:54,685 [Worker-17: Building workspace] INFO  o.e.m.c.i.embedder.EclipseLogger - skip non existing resourceDirectory D:\Java\Eclipse\DatConverter\converter.dat\src\test\resources
2019-03-30 00:51:28,669 [Worker-26: Building workspace] INFO  o.e.m.c.i.embedder.EclipseLogger - Using 'UTF-8' encoding to copy filtered resources.
2019-03-30 00:51:28,669 [Worker-26: Building workspace] INFO  o.e.m.c.i.embedder.EclipseLogger - skip non existing resourceDirectory D:\Java\Eclipse\DatConverter\converter.dat\src\main\resources
2019-03-30 00:51:28,671 [Worker-26: Building workspace] INFO  o.e.m.c.i.embedder.EclipseLogger - Using 'UTF-8' encoding to copy filtered resources.
2019-03-30 00:51:28,671 [Worker-26: Building workspace] INFO  o.e.m.c.i.embedder.EclipseLogger - skip non existing resourceDirectory D:\Java\Eclipse\DatConverter\converter.dat\src\test\resources
2019-03-30 00:52:15,812 [Worker-26: Building workspace] INFO  o.e.m.c.i.embedder.EclipseLogger - Using 'UTF-8' encoding to copy filtered resources.
2019-03-30 00:52:15,813 [Worker-26: Building workspace] INFO  o.e.m.c.i.embedder.EclipseLogger - skip non existing resourceDirectory D:\Java\Eclipse\DatConverter\converter.dat\src\main\resources
2019-03-30 00:52:15,814 [Worker-26: Building workspace] INFO  o.e.m.c.i.embedder.EclipseLogger - Using 'UTF-8' encoding to copy filtered resources.
2019-03-30 00:52:15,815 [Worker-26: Building workspace] INFO  o.e.m.c.i.embedder.EclipseLogger - skip non existing resourceDirectory D:\Java\Eclipse\DatConverter\converter.dat\src\test\resources
2019-03-30 00:53:02,063 [Worker-21: Building workspace] INFO  o.e.m.c.i.embedder.EclipseLogger - Using 'UTF-8' encoding to copy filtered resources.
2019-03-30 00:53:02,064 [Worker-21: Building workspace] INFO  o.e.m.c.i.embedder.EclipseLogger - skip non existing resourceDirectory D:\Java\Eclipse\DatConverter\converter.dat\src\main\resources
2019-03-30 00:53:02,069 [Worker-21: Building workspace] INFO  o.e.m.c.i.embedder.EclipseLogger - Using 'UTF-8' encoding to copy filtered resources.
2019-03-30 00:53:02,069 [Worker-21: Building workspace] INFO  o.e.m.c.i.embedder.EclipseLogger - skip non existing resourceDirectory D:\Java\Eclipse\DatConverter\converter.dat\src\test\resources
2019-03-30 00:53:04,638 [Worker-26: Building workspace] INFO  o.e.m.c.i.embedder.EclipseLogger - Using 'UTF-8' encoding to copy filtered resources.
2019-03-30 00:53:04,639 [Worker-26: Building workspace] INFO  o.e.m.c.i.embedder.EclipseLogger - skip non existing resourceDirectory D:\Java\Eclipse\DatConverter\converter.dat\src\main\resources
2019-03-30 00:53:04,641 [Worker-26: Building workspace] INFO  o.e.m.c.i.embedder.EclipseLogger - Using 'UTF-8' encoding to copy filtered resources.
2019-03-30 00:53:04,641 [Worker-26: Building workspace] INFO  o.e.m.c.i.embedder.EclipseLogger - skip non existing resourceDirectory D:\Java\Eclipse\DatConverter\converter.dat\src\test\resources
2019-03-30 00:53:46,156 [Worker-27: Building workspace] INFO  o.e.m.c.i.embedder.EclipseLogger - Using 'UTF-8' encoding to copy filtered resources.
2019-03-30 00:53:46,157 [Worker-27: Building workspace] INFO  o.e.m.c.i.embedder.EclipseLogger - skip non existing resourceDirectory D:\Java\Eclipse\DatConverter\converter.dat\src\main\resources
2019-03-30 00:53:46,158 [Worker-27: Building workspace] INFO  o.e.m.c.i.embedder.EclipseLogger - Using 'UTF-8' encoding to copy filtered resources.
2019-03-30 00:53:46,158 [Worker-27: Building workspace] INFO  o.e.m.c.i.embedder.EclipseLogger - skip non existing resourceDirectory D:\Java\Eclipse\DatConverter\converter.dat\src\test\resources
2019-03-30 00:54:05,217 [Worker-27: Building workspace] INFO  o.e.m.c.i.embedder.EclipseLogger - Using 'UTF-8' encoding to copy filtered resources.
2019-03-30 00:54:05,218 [Worker-27: Building workspace] INFO  o.e.m.c.i.embedder.EclipseLogger - skip non existing resourceDirectory D:\Java\Eclipse\DatConverter\converter.dat\src\main\resources
2019-03-30 00:54:05,219 [Worker-27: Building workspace] INFO  o.e.m.c.i.embedder.EclipseLogger - Using 'UTF-8' encoding to copy filtered resources.
2019-03-30 00:54:05,219 [Worker-27: Building workspace] INFO  o.e.m.c.i.embedder.EclipseLogger - skip non existing resourceDirectory D:\Java\Eclipse\DatConverter\converter.dat\src\test\resources
2019-03-30 00:54:18,593 [Worker-27: Building workspace] INFO  o.e.m.c.i.embedder.EclipseLogger - Using 'UTF-8' encoding to copy filtered resources.
2019-03-30 00:54:18,594 [Worker-27: Building workspace] INFO  o.e.m.c.i.embedder.EclipseLogger - skip non existing resourceDirectory D:\Java\Eclipse\DatConverter\converter.dat\src\main\resources
2019-03-30 00:54:18,595 [Worker-27: Building workspace] INFO  o.e.m.c.i.embedder.EclipseLogger - Using 'UTF-8' encoding to copy filtered resources.
2019-03-30 00:54:18,596 [Worker-27: Building workspace] INFO  o.e.m.c.i.embedder.EclipseLogger - skip non existing resourceDirectory D:\Java\Eclipse\DatConverter\converter.dat\src\test\resources
2019-03-30 00:54:20,796 [Worker-29: Building workspace] INFO  o.e.m.c.i.embedder.EclipseLogger - Using 'UTF-8' encoding to copy filtered resources.
2019-03-30 00:54:20,797 [Worker-29: Building workspace] INFO  o.e.m.c.i.embedder.EclipseLogger - skip non existing resourceDirectory D:\Java\Eclipse\DatConverter\converter.dat\src\main\resources
2019-03-30 00:54:20,798 [Worker-29: Building workspace] INFO  o.e.m.c.i.embedder.EclipseLogger - Using 'UTF-8' encoding to copy filtered resources.
2019-03-30 00:54:20,799 [Worker-29: Building workspace] INFO  o.e.m.c.i.embedder.EclipseLogger - skip non existing resourceDirectory D:\Java\Eclipse\DatConverter\converter.dat\src\test\resources
2019-03-30 00:54:47,707 [Worker-22: Building workspace] INFO  o.e.m.c.i.embedder.EclipseLogger - Using 'UTF-8' encoding to copy filtered resources.
2019-03-30 00:54:47,708 [Worker-22: Building workspace] INFO  o.e.m.c.i.embedder.EclipseLogger - skip non existing resourceDirectory D:\Java\Eclipse\DatConverter\converter.dat\src\main\resources
2019-03-30 00:54:47,709 [Worker-22: Building workspace] INFO  o.e.m.c.i.embedder.EclipseLogger - Using 'UTF-8' encoding to copy filtered resources.
2019-03-30 00:54:47,710 [Worker-22: Building workspace] INFO  o.e.m.c.i.embedder.EclipseLogger - skip non existing resourceDirectory D:\Java\Eclipse\DatConverter\converter.dat\src\test\resources
2019-03-30 00:54:48,921 [Worker-29: Building workspace] INFO  o.e.m.c.i.embedder.EclipseLogger - Using 'UTF-8' encoding to copy filtered resources.
2019-03-30 00:54:48,921 [Worker-29: Building workspace] INFO  o.e.m.c.i.embedder.EclipseLogger - skip non existing resourceDirectory D:\Java\Eclipse\DatConverter\converter.dat\src\main\resources
2019-03-30 00:54:48,923 [Worker-29: Building workspace] INFO  o.e.m.c.i.embedder.EclipseLogger - Using 'UTF-8' encoding to copy filtered resources.
2019-03-30 00:54:48,923 [Worker-29: Building workspace] INFO  o.e.m.c.i.embedder.EclipseLogger - skip non existing resourceDirectory D:\Java\Eclipse\DatConverter\converter.dat\src\test\resources
2019-03-30 00:54:55,924 [Worker-24: Building workspace] INFO  o.e.m.c.i.embedder.EclipseLogger - Using 'UTF-8' encoding to copy filtered resources.
2019-03-30 00:54:55,924 [Worker-24: Building workspace] INFO  o.e.m.c.i.embedder.EclipseLogger - skip non existing resourceDirectory D:\Java\Eclipse\DatConverter\converter.dat\src\main\resources
2019-03-30 00:54:55,926 [Worker-24: Building workspace] INFO  o.e.m.c.i.embedder.EclipseLogger - Using 'UTF-8' encoding to copy filtered resources.
2019-03-30 00:54:55,926 [Worker-24: Building workspace] INFO  o.e.m.c.i.embedder.EclipseLogger - skip non existing resourceDirectory D:\Java\Eclipse\DatConverter\converter.dat\src\test\resources
2019-03-30 00:54:57,124 [Worker-28: Building workspace] INFO  o.e.m.c.i.embedder.EclipseLogger - Using 'UTF-8' encoding to copy filtered resources.
2019-03-30 00:54:57,124 [Worker-28: Building workspace] INFO  o.e.m.c.i.embedder.EclipseLogger - skip non existing resourceDirectory D:\Java\Eclipse\DatConverter\converter.dat\src\main\resources
2019-03-30 00:54:57,126 [Worker-28: Building workspace] INFO  o.e.m.c.i.embedder.EclipseLogger - Using 'UTF-8' encoding to copy filtered resources.
2019-03-30 00:54:57,126 [Worker-28: Building workspace] INFO  o.e.m.c.i.embedder.EclipseLogger - skip non existing resourceDirectory D:\Java\Eclipse\DatConverter\converter.dat\src\test\resources
2019-03-30 00:55:22,018 [Worker-17: Building workspace] INFO  o.e.m.c.i.embedder.EclipseLogger - Using 'UTF-8' encoding to copy filtered resources.
2019-03-30 00:55:22,018 [Worker-17: Building workspace] INFO  o.e.m.c.i.embedder.EclipseLogger - skip non existing resourceDirectory D:\Java\Eclipse\DatConverter\converter.dat\src\main\resources
2019-03-30 00:55:22,020 [Worker-17: Building workspace] INFO  o.e.m.c.i.embedder.EclipseLogger - Using 'UTF-8' encoding to copy filtered resources.
2019-03-30 00:55:22,020 [Worker-17: Building workspace] INFO  o.e.m.c.i.embedder.EclipseLogger - skip non existing resourceDirectory D:\Java\Eclipse\DatConverter\converter.dat\src\test\resources
2019-03-30 00:55:24,517 [Worker-27: Building workspace] INFO  o.e.m.c.i.embedder.EclipseLogger - Using 'UTF-8' encoding to copy filtered resources.
2019-03-30 00:55:24,517 [Worker-27: Building workspace] INFO  o.e.m.c.i.embedder.EclipseLogger - skip non existing resourceDirectory D:\Java\Eclipse\DatConverter\converter.dat\src\main\resources
2019-03-30 00:55:24,519 [Worker-27: Building workspace] INFO  o.e.m.c.i.embedder.EclipseLogger - Using 'UTF-8' encoding to copy filtered resources.
2019-03-30 00:55:24,519 [Worker-27: Building workspace] INFO  o.e.m.c.i.embedder.EclipseLogger - skip non existing resourceDirectory D:\Java\Eclipse\DatConverter\converter.dat\src\test\resources
2019-03-30 00:56:01,070 [Worker-24: Building workspace] INFO  o.e.m.c.i.embedder.EclipseLogger - Using 'UTF-8' encoding to copy filtered resources.
2019-03-30 00:56:01,070 [Worker-24: Building workspace] INFO  o.e.m.c.i.embedder.EclipseLogger - skip non existing resourceDirectory D:\Java\Eclipse\DatConverter\converter.dat\src\main\resources
2019-03-30 00:56:01,072 [Worker-24: Building workspace] INFO  o.e.m.c.i.embedder.EclipseLogger - Using 'UTF-8' encoding to copy filtered resources.
2019-03-30 00:56:01,073 [Worker-24: Building workspace] INFO  o.e.m.c.i.embedder.EclipseLogger - skip non existing resourceDirectory D:\Java\Eclipse\DatConverter\converter.dat\src\test\resources
2019-03-30 00:56:26,935 [Worker-28: Building workspace] INFO  o.e.m.c.i.embedder.EclipseLogger - Using 'UTF-8' encoding to copy filtered resources.
2019-03-30 00:56:26,936 [Worker-28: Building workspace] INFO  o.e.m.c.i.embedder.EclipseLogger - skip non existing resourceDirectory D:\Java\Eclipse\DatConverter\converter.dat\src\main\resources
2019-03-30 00:56:26,938 [Worker-28: Building workspace] INFO  o.e.m.c.i.embedder.EclipseLogger - Using 'UTF-8' encoding to copy filtered resources.
2019-03-30 00:56:26,939 [Worker-28: Building workspace] INFO  o.e.m.c.i.embedder.EclipseLogger - skip non existing resourceDirectory D:\Java\Eclipse\DatConverter\converter.dat\src\test\resources
2019-03-30 00:56:41,788 [Worker-17: Building workspace] INFO  o.e.m.c.i.embedder.EclipseLogger - Using 'UTF-8' encoding to copy filtered resources.
2019-03-30 00:56:41,788 [Worker-17: Building workspace] INFO  o.e.m.c.i.embedder.EclipseLogger - skip non existing resourceDirectory D:\Java\Eclipse\DatConverter\converter.dat\src\main\resources
2019-03-30 00:56:41,790 [Worker-17: Building workspace] INFO  o.e.m.c.i.embedder.EclipseLogger - Using 'UTF-8' encoding to copy filtered resources.
2019-03-30 00:56:41,790 [Worker-17: Building workspace] INFO  o.e.m.c.i.embedder.EclipseLogger - skip non existing resourceDirectory D:\Java\Eclipse\DatConverter\converter.dat\src\test\resources
2019-03-30 00:56:57,117 [Worker-30: Building workspace] INFO  o.e.m.c.i.embedder.EclipseLogger - Using 'UTF-8' encoding to copy filtered resources.
2019-03-30 00:56:57,118 [Worker-30: Building workspace] INFO  o.e.m.c.i.embedder.EclipseLogger - skip non existing resourceDirectory D:\Java\Eclipse\DatConverter\converter.dat\src\main\resources
2019-03-30 00:56:57,120 [Worker-30: Building workspace] INFO  o.e.m.c.i.embedder.EclipseLogger - Using 'UTF-8' encoding to copy filtered resources.
2019-03-30 00:56:57,120 [Worker-30: Building workspace] INFO  o.e.m.c.i.embedder.EclipseLogger - skip non existing resourceDirectory D:\Java\Eclipse\DatConverter\converter.dat\src\test\resources
2019-03-30 00:59:07,883 [Worker-25: Launching App] INFO  o.e.m.c.i.embedder.EclipseLogger - Using 'UTF-8' encoding to copy filtered resources.
2019-03-30 00:59:07,884 [Worker-25: Launching App] INFO  o.e.m.c.i.embedder.EclipseLogger - skip non existing resourceDirectory D:\Java\Eclipse\DatConverter\converter.dat\src\main\resources
2019-03-30 00:59:07,887 [Worker-25: Launching App] INFO  o.e.m.c.i.embedder.EclipseLogger - Using 'UTF-8' encoding to copy filtered resources.
2019-03-30 00:59:07,887 [Worker-25: Launching App] INFO  o.e.m.c.i.embedder.EclipseLogger - skip non existing resourceDirectory D:\Java\Eclipse\DatConverter\converter.dat\src\test\resources
2019-03-30 00:59:49,040 [Worker-28: Building workspace] INFO  o.e.m.c.i.embedder.EclipseLogger - Using 'UTF-8' encoding to copy filtered resources.
2019-03-30 00:59:49,040 [Worker-28: Building workspace] INFO  o.e.m.c.i.embedder.EclipseLogger - skip non existing resourceDirectory D:\Java\Eclipse\DatConverter\converter.dat\src\main\resources
2019-03-30 00:59:49,042 [Worker-28: Building workspace] INFO  o.e.m.c.i.embedder.EclipseLogger - Using 'UTF-8' encoding to copy filtered resources.
2019-03-30 00:59:49,042 [Worker-28: Building workspace] INFO  o.e.m.c.i.embedder.EclipseLogger - skip non existing resourceDirectory D:\Java\Eclipse\DatConverter\converter.dat\src\test\resources
2019-03-30 01:00:21,928 [Worker-25: Building workspace] INFO  o.e.m.c.i.embedder.EclipseLogger - Using 'UTF-8' encoding to copy filtered resources.
2019-03-30 01:00:21,929 [Worker-25: Building workspace] INFO  o.e.m.c.i.embedder.EclipseLogger - skip non existing resourceDirectory D:\Java\Eclipse\DatConverter\converter.dat\src\main\resources
2019-03-30 01:00:21,930 [Worker-25: Building workspace] INFO  o.e.m.c.i.embedder.EclipseLogger - Using 'UTF-8' encoding to copy filtered resources.
2019-03-30 01:00:21,930 [Worker-25: Building workspace] INFO  o.e.m.c.i.embedder.EclipseLogger - skip non existing resourceDirectory D:\Java\Eclipse\DatConverter\converter.dat\src\test\resources
2019-03-30 01:01:34,804 [Worker-25: Building workspace] INFO  o.e.m.c.i.embedder.EclipseLogger - Using 'UTF-8' encoding to copy filtered resources.
2019-03-30 01:01:34,805 [Worker-25: Building workspace] INFO  o.e.m.c.i.embedder.EclipseLogger - skip non existing resourceDirectory D:\Java\Eclipse\DatConverter\converter.dat\src\main\resources
2019-03-30 01:01:34,806 [Worker-25: Building workspace] INFO  o.e.m.c.i.embedder.EclipseLogger - Using 'UTF-8' encoding to copy filtered resources.
2019-03-30 01:01:34,807 [Worker-25: Building workspace] INFO  o.e.m.c.i.embedder.EclipseLogger - skip non existing resourceDirectory D:\Java\Eclipse\DatConverter\converter.dat\src\test\resources
2019-03-30 01:02:34,837 [Worker-25: Building workspace] INFO  o.e.m.c.i.embedder.EclipseLogger - Using 'UTF-8' encoding to copy filtered resources.
2019-03-30 01:02:34,837 [Worker-25: Building workspace] INFO  o.e.m.c.i.embedder.EclipseLogger - skip non existing resourceDirectory D:\Java\Eclipse\DatConverter\converter.dat\src\main\resources
2019-03-30 01:02:34,839 [Worker-25: Building workspace] INFO  o.e.m.c.i.embedder.EclipseLogger - Using 'UTF-8' encoding to copy filtered resources.
2019-03-30 01:02:34,839 [Worker-25: Building workspace] INFO  o.e.m.c.i.embedder.EclipseLogger - skip non existing resourceDirectory D:\Java\Eclipse\DatConverter\converter.dat\src\test\resources
2019-03-30 01:02:50,520 [Worker-17: Building workspace] INFO  o.e.m.c.i.embedder.EclipseLogger - Using 'UTF-8' encoding to copy filtered resources.
2019-03-30 01:02:50,521 [Worker-17: Building workspace] INFO  o.e.m.c.i.embedder.EclipseLogger - skip non existing resourceDirectory D:\Java\Eclipse\DatConverter\converter.dat\src\main\resources
2019-03-30 01:02:50,523 [Worker-17: Building workspace] INFO  o.e.m.c.i.embedder.EclipseLogger - Using 'UTF-8' encoding to copy filtered resources.
2019-03-30 01:02:50,523 [Worker-17: Building workspace] INFO  o.e.m.c.i.embedder.EclipseLogger - skip non existing resourceDirectory D:\Java\Eclipse\DatConverter\converter.dat\src\test\resources
2019-03-30 01:03:14,913 [Worker-29: Building workspace] INFO  o.e.m.c.i.embedder.EclipseLogger - Using 'UTF-8' encoding to copy filtered resources.
2019-03-30 01:03:14,913 [Worker-29: Building workspace] INFO  o.e.m.c.i.embedder.EclipseLogger - skip non existing resourceDirectory D:\Java\Eclipse\DatConverter\converter.dat\src\main\resources
2019-03-30 01:03:14,915 [Worker-29: Building workspace] INFO  o.e.m.c.i.embedder.EclipseLogger - Using 'UTF-8' encoding to copy filtered resources.
2019-03-30 01:03:14,916 [Worker-29: Building workspace] INFO  o.e.m.c.i.embedder.EclipseLogger - skip non existing resourceDirectory D:\Java\Eclipse\DatConverter\converter.dat\src\test\resources
2019-03-30 01:04:10,689 [Worker-31: Building workspace] INFO  o.e.m.c.i.embedder.EclipseLogger - Using 'UTF-8' encoding to copy filtered resources.
2019-03-30 01:04:10,690 [Worker-31: Building workspace] INFO  o.e.m.c.i.embedder.EclipseLogger - skip non existing resourceDirectory D:\Java\Eclipse\DatConverter\converter.dat\src\main\resources
2019-03-30 01:04:10,692 [Worker-31: Building workspace] INFO  o.e.m.c.i.embedder.EclipseLogger - Using 'UTF-8' encoding to copy filtered resources.
2019-03-30 01:04:10,692 [Worker-31: Building workspace] INFO  o.e.m.c.i.embedder.EclipseLogger - skip non existing resourceDirectory D:\Java\Eclipse\DatConverter\converter.dat\src\test\resources
2019-03-30 01:04:14,754 [Worker-27: Building workspace] INFO  o.e.m.c.i.embedder.EclipseLogger - Using 'UTF-8' encoding to copy filtered resources.
2019-03-30 01:04:14,755 [Worker-27: Building workspace] INFO  o.e.m.c.i.embedder.EclipseLogger - skip non existing resourceDirectory D:\Java\Eclipse\DatConverter\converter.dat\src\main\resources
2019-03-30 01:04:14,756 [Worker-27: Building workspace] INFO  o.e.m.c.i.embedder.EclipseLogger - Using 'UTF-8' encoding to copy filtered resources.
2019-03-30 01:04:14,756 [Worker-27: Building workspace] INFO  o.e.m.c.i.embedder.EclipseLogger - skip non existing resourceDirectory D:\Java\Eclipse\DatConverter\converter.dat\src\test\resources
2019-03-30 01:04:23,466 [Worker-31: Building workspace] INFO  o.e.m.c.i.embedder.EclipseLogger - Using 'UTF-8' encoding to copy filtered resources.
2019-03-30 01:04:23,466 [Worker-31: Building workspace] INFO  o.e.m.c.i.embedder.EclipseLogger - skip non existing resourceDirectory D:\Java\Eclipse\DatConverter\converter.dat\src\main\resources
2019-03-30 01:04:23,468 [Worker-31: Building workspace] INFO  o.e.m.c.i.embedder.EclipseLogger - Using 'UTF-8' encoding to copy filtered resources.
2019-03-30 01:04:23,468 [Worker-31: Building workspace] INFO  o.e.m.c.i.embedder.EclipseLogger - skip non existing resourceDirectory D:\Java\Eclipse\DatConverter\converter.dat\src\test\resources
2019-03-30 01:04:25,409 [Worker-17: Building workspace] INFO  o.e.m.c.i.embedder.EclipseLogger - Using 'UTF-8' encoding to copy filtered resources.
2019-03-30 01:04:25,409 [Worker-17: Building workspace] INFO  o.e.m.c.i.embedder.EclipseLogger - skip non existing resourceDirectory D:\Java\Eclipse\DatConverter\converter.dat\src\main\resources
2019-03-30 01:04:25,411 [Worker-17: Building workspace] INFO  o.e.m.c.i.embedder.EclipseLogger - Using 'UTF-8' encoding to copy filtered resources.
2019-03-30 01:04:25,411 [Worker-17: Building workspace] INFO  o.e.m.c.i.embedder.EclipseLogger - skip non existing resourceDirectory D:\Java\Eclipse\DatConverter\converter.dat\src\test\resources
2019-03-30 01:06:02,766 [Worker-30: Building workspace] INFO  o.e.m.c.i.embedder.EclipseLogger - Using 'UTF-8' encoding to copy filtered resources.
2019-03-30 01:06:02,766 [Worker-30: Building workspace] INFO  o.e.m.c.i.embedder.EclipseLogger - skip non existing resourceDirectory D:\Java\Eclipse\DatConverter\converter.dat\src\main\resources
2019-03-30 01:06:02,768 [Worker-30: Building workspace] INFO  o.e.m.c.i.embedder.EclipseLogger - Using 'UTF-8' encoding to copy filtered resources.
2019-03-30 01:06:02,768 [Worker-30: Building workspace] INFO  o.e.m.c.i.embedder.EclipseLogger - skip non existing resourceDirectory D:\Java\Eclipse\DatConverter\converter.dat\src\test\resources
2019-03-30 01:06:12,419 [Worker-25: Building workspace] INFO  o.e.m.c.i.embedder.EclipseLogger - Using 'UTF-8' encoding to copy filtered resources.
2019-03-30 01:06:12,420 [Worker-25: Building workspace] INFO  o.e.m.c.i.embedder.EclipseLogger - skip non existing resourceDirectory D:\Java\Eclipse\DatConverter\converter.dat\src\main\resources
2019-03-30 01:06:12,421 [Worker-25: Building workspace] INFO  o.e.m.c.i.embedder.EclipseLogger - Using 'UTF-8' encoding to copy filtered resources.
2019-03-30 01:06:12,421 [Worker-25: Building workspace] INFO  o.e.m.c.i.embedder.EclipseLogger - skip non existing resourceDirectory D:\Java\Eclipse\DatConverter\converter.dat\src\test\resources
2019-03-30 01:06:24,238 [Worker-32: Building workspace] INFO  o.e.m.c.i.embedder.EclipseLogger - Using 'UTF-8' encoding to copy filtered resources.
2019-03-30 01:06:24,239 [Worker-32: Building workspace] INFO  o.e.m.c.i.embedder.EclipseLogger - skip non existing resourceDirectory D:\Java\Eclipse\DatConverter\converter.dat\src\main\resources
2019-03-30 01:06:24,240 [Worker-32: Building workspace] INFO  o.e.m.c.i.embedder.EclipseLogger - Using 'UTF-8' encoding to copy filtered resources.
2019-03-30 01:06:24,240 [Worker-32: Building workspace] INFO  o.e.m.c.i.embedder.EclipseLogger - skip non existing resourceDirectory D:\Java\Eclipse\DatConverter\converter.dat\src\test\resources
2019-03-30 01:06:30,397 [Worker-33: Building workspace] INFO  o.e.m.c.i.embedder.EclipseLogger - Using 'UTF-8' encoding to copy filtered resources.
2019-03-30 01:06:30,398 [Worker-33: Building workspace] INFO  o.e.m.c.i.embedder.EclipseLogger - skip non existing resourceDirectory D:\Java\Eclipse\DatConverter\converter.dat\src\main\resources
2019-03-30 01:06:30,402 [Worker-33: Building workspace] INFO  o.e.m.c.i.embedder.EclipseLogger - Using 'UTF-8' encoding to copy filtered resources.
2019-03-30 01:06:30,403 [Worker-33: Building workspace] INFO  o.e.m.c.i.embedder.EclipseLogger - skip non existing resourceDirectory D:\Java\Eclipse\DatConverter\converter.dat\src\test\resources
2019-03-30 01:06:33,341 [Worker-34: Building workspace] INFO  o.e.m.c.i.embedder.EclipseLogger - Using 'UTF-8' encoding to copy filtered resources.
2019-03-30 01:06:33,342 [Worker-34: Building workspace] INFO  o.e.m.c.i.embedder.EclipseLogger - skip non existing resourceDirectory D:\Java\Eclipse\DatConverter\converter.dat\src\main\resources
2019-03-30 01:06:33,344 [Worker-34: Building workspace] INFO  o.e.m.c.i.embedder.EclipseLogger - Using 'UTF-8' encoding to copy filtered resources.
2019-03-30 01:06:33,344 [Worker-34: Building workspace] INFO  o.e.m.c.i.embedder.EclipseLogger - skip non existing resourceDirectory D:\Java\Eclipse\DatConverter\converter.dat\src\test\resources
2019-03-30 01:09:26,820 [Worker-33: Building workspace] INFO  o.e.m.c.i.embedder.EclipseLogger - Using 'UTF-8' encoding to copy filtered resources.
2019-03-30 01:09:26,820 [Worker-33: Building workspace] INFO  o.e.m.c.i.embedder.EclipseLogger - skip non existing resourceDirectory D:\Java\Eclipse\DatConverter\converter.dat\src\main\resources
2019-03-30 01:09:26,822 [Worker-33: Building workspace] INFO  o.e.m.c.i.embedder.EclipseLogger - Using 'UTF-8' encoding to copy filtered resources.
2019-03-30 01:09:26,822 [Worker-33: Building workspace] INFO  o.e.m.c.i.embedder.EclipseLogger - skip non existing resourceDirectory D:\Java\Eclipse\DatConverter\converter.dat\src\test\resources
2019-03-30 01:10:02,171 [Worker-25: Building workspace] INFO  o.e.m.c.i.embedder.EclipseLogger - Using 'UTF-8' encoding to copy filtered resources.
2019-03-30 01:10:02,172 [Worker-25: Building workspace] INFO  o.e.m.c.i.embedder.EclipseLogger - skip non existing resourceDirectory D:\Java\Eclipse\DatConverter\converter.dat\src\main\resources
2019-03-30 01:10:02,173 [Worker-25: Building workspace] INFO  o.e.m.c.i.embedder.EclipseLogger - Using 'UTF-8' encoding to copy filtered resources.
2019-03-30 01:10:02,174 [Worker-25: Building workspace] INFO  o.e.m.c.i.embedder.EclipseLogger - skip non existing resourceDirectory D:\Java\Eclipse\DatConverter\converter.dat\src\test\resources
2019-03-30 01:10:25,622 [Worker-27: Building workspace] INFO  o.e.m.c.i.embedder.EclipseLogger - Using 'UTF-8' encoding to copy filtered resources.
2019-03-30 01:10:25,623 [Worker-27: Building workspace] INFO  o.e.m.c.i.embedder.EclipseLogger - skip non existing resourceDirectory D:\Java\Eclipse\DatConverter\converter.dat\src\main\resources
2019-03-30 01:10:25,624 [Worker-27: Building workspace] INFO  o.e.m.c.i.embedder.EclipseLogger - Using 'UTF-8' encoding to copy filtered resources.
2019-03-30 01:10:25,624 [Worker-27: Building workspace] INFO  o.e.m.c.i.embedder.EclipseLogger - skip non existing resourceDirectory D:\Java\Eclipse\DatConverter\converter.dat\src\test\resources
2019-03-30 01:12:14,216 [Worker-33: Building workspace] INFO  o.e.m.c.i.embedder.EclipseLogger - Using 'UTF-8' encoding to copy filtered resources.
2019-03-30 01:12:14,217 [Worker-33: Building workspace] INFO  o.e.m.c.i.embedder.EclipseLogger - skip non existing resourceDirectory D:\Java\Eclipse\DatConverter\converter.dat\src\main\resources
2019-03-30 01:12:14,219 [Worker-33: Building workspace] INFO  o.e.m.c.i.embedder.EclipseLogger - Using 'UTF-8' encoding to copy filtered resources.
2019-03-30 01:12:14,219 [Worker-33: Building workspace] INFO  o.e.m.c.i.embedder.EclipseLogger - skip non existing resourceDirectory D:\Java\Eclipse\DatConverter\converter.dat\src\test\resources
2019-03-30 01:13:05,235 [Worker-30: Building workspace] INFO  o.e.m.c.i.embedder.EclipseLogger - Using 'UTF-8' encoding to copy filtered resources.
2019-03-30 01:13:05,236 [Worker-30: Building workspace] INFO  o.e.m.c.i.embedder.EclipseLogger - skip non existing resourceDirectory D:\Java\Eclipse\DatConverter\converter.dat\src\main\resources
2019-03-30 01:13:05,237 [Worker-30: Building workspace] INFO  o.e.m.c.i.embedder.EclipseLogger - Using 'UTF-8' encoding to copy filtered resources.
2019-03-30 01:13:05,237 [Worker-30: Building workspace] INFO  o.e.m.c.i.embedder.EclipseLogger - skip non existing resourceDirectory D:\Java\Eclipse\DatConverter\converter.dat\src\test\resources
2019-03-30 01:13:40,536 [Worker-32: Building workspace] INFO  o.e.m.c.i.embedder.EclipseLogger - Using 'UTF-8' encoding to copy filtered resources.
2019-03-30 01:13:40,537 [Worker-32: Building workspace] INFO  o.e.m.c.i.embedder.EclipseLogger - skip non existing resourceDirectory D:\Java\Eclipse\DatConverter\converter.dat\src\main\resources
2019-03-30 01:13:40,539 [Worker-32: Building workspace] INFO  o.e.m.c.i.embedder.EclipseLogger - Using 'UTF-8' encoding to copy filtered resources.
2019-03-30 01:13:40,540 [Worker-32: Building workspace] INFO  o.e.m.c.i.embedder.EclipseLogger - skip non existing resourceDirectory D:\Java\Eclipse\DatConverter\converter.dat\src\test\resources
2019-03-30 01:13:51,665 [Worker-30: Building workspace] INFO  o.e.m.c.i.embedder.EclipseLogger - Using 'UTF-8' encoding to copy filtered resources.
2019-03-30 01:13:51,665 [Worker-30: Building workspace] INFO  o.e.m.c.i.embedder.EclipseLogger - skip non existing resourceDirectory D:\Java\Eclipse\DatConverter\converter.dat\src\main\resources
2019-03-30 01:13:51,666 [Worker-30: Building workspace] INFO  o.e.m.c.i.embedder.EclipseLogger - Using 'UTF-8' encoding to copy filtered resources.
2019-03-30 01:13:51,666 [Worker-30: Building workspace] INFO  o.e.m.c.i.embedder.EclipseLogger - skip non existing resourceDirectory D:\Java\Eclipse\DatConverter\converter.dat\src\test\resources
2019-03-30 01:14:15,890 [Worker-25: Building workspace] INFO  o.e.m.c.i.embedder.EclipseLogger - Using 'UTF-8' encoding to copy filtered resources.
2019-03-30 01:14:15,891 [Worker-25: Building workspace] INFO  o.e.m.c.i.embedder.EclipseLogger - skip non existing resourceDirectory D:\Java\Eclipse\DatConverter\converter.dat\src\main\resources
2019-03-30 01:14:15,892 [Worker-25: Building workspace] INFO  o.e.m.c.i.embedder.EclipseLogger - Using 'UTF-8' encoding to copy filtered resources.
2019-03-30 01:14:15,892 [Worker-25: Building workspace] INFO  o.e.m.c.i.embedder.EclipseLogger - skip non existing resourceDirectory D:\Java\Eclipse\DatConverter\converter.dat\src\test\resources
2019-03-30 01:14:49,782 [Worker-36: Building workspace] INFO  o.e.m.c.i.embedder.EclipseLogger - Using 'UTF-8' encoding to copy filtered resources.
2019-03-30 01:14:49,782 [Worker-36: Building workspace] INFO  o.e.m.c.i.embedder.EclipseLogger - skip non existing resourceDirectory D:\Java\Eclipse\DatConverter\converter.dat\src\main\resources
2019-03-30 01:14:49,784 [Worker-36: Building workspace] INFO  o.e.m.c.i.embedder.EclipseLogger - Using 'UTF-8' encoding to copy filtered resources.
2019-03-30 01:14:49,784 [Worker-36: Building workspace] INFO  o.e.m.c.i.embedder.EclipseLogger - skip non existing resourceDirectory D:\Java\Eclipse\DatConverter\converter.dat\src\test\resources
2019-03-30 01:15:20,280 [Worker-30: Building workspace] INFO  o.e.m.c.i.embedder.EclipseLogger - Using 'UTF-8' encoding to copy filtered resources.
2019-03-30 01:15:20,280 [Worker-30: Building workspace] INFO  o.e.m.c.i.embedder.EclipseLogger - skip non existing resourceDirectory D:\Java\Eclipse\DatConverter\converter.dat\src\main\resources
2019-03-30 01:15:20,281 [Worker-30: Building workspace] INFO  o.e.m.c.i.embedder.EclipseLogger - Using 'UTF-8' encoding to copy filtered resources.
2019-03-30 01:15:20,282 [Worker-30: Building workspace] INFO  o.e.m.c.i.embedder.EclipseLogger - skip non existing resourceDirectory D:\Java\Eclipse\DatConverter\converter.dat\src\test\resources
2019-03-30 01:18:33,902 [Worker-39: Building workspace] INFO  o.e.m.c.i.embedder.EclipseLogger - Using 'UTF-8' encoding to copy filtered resources.
2019-03-30 01:18:33,903 [Worker-39: Building workspace] INFO  o.e.m.c.i.embedder.EclipseLogger - skip non existing resourceDirectory D:\Java\Eclipse\DatConverter\converter.dat\src\main\resources
2019-03-30 01:18:33,905 [Worker-39: Building workspace] INFO  o.e.m.c.i.embedder.EclipseLogger - Using 'UTF-8' encoding to copy filtered resources.
2019-03-30 01:18:33,905 [Worker-39: Building workspace] INFO  o.e.m.c.i.embedder.EclipseLogger - skip non existing resourceDirectory D:\Java\Eclipse\DatConverter\converter.dat\src\test\resources
2019-03-30 01:19:05,939 [Worker-40: Building workspace] INFO  o.e.m.c.i.embedder.EclipseLogger - Using 'UTF-8' encoding to copy filtered resources.
2019-03-30 01:19:05,939 [Worker-40: Building workspace] INFO  o.e.m.c.i.embedder.EclipseLogger - skip non existing resourceDirectory D:\Java\Eclipse\DatConverter\converter.dat\src\main\resources
2019-03-30 01:19:05,941 [Worker-40: Building workspace] INFO  o.e.m.c.i.embedder.EclipseLogger - Using 'UTF-8' encoding to copy filtered resources.
2019-03-30 01:19:05,941 [Worker-40: Building workspace] INFO  o.e.m.c.i.embedder.EclipseLogger - skip non existing resourceDirectory D:\Java\Eclipse\DatConverter\converter.dat\src\test\resources
2019-03-30 01:19:13,105 [Worker-39: Building workspace] INFO  o.e.m.c.i.embedder.EclipseLogger - Using 'UTF-8' encoding to copy filtered resources.
2019-03-30 01:19:13,106 [Worker-39: Building workspace] INFO  o.e.m.c.i.embedder.EclipseLogger - skip non existing resourceDirectory D:\Java\Eclipse\DatConverter\converter.dat\src\main\resources
2019-03-30 01:19:13,107 [Worker-39: Building workspace] INFO  o.e.m.c.i.embedder.EclipseLogger - Using 'UTF-8' encoding to copy filtered resources.
2019-03-30 01:19:13,108 [Worker-39: Building workspace] INFO  o.e.m.c.i.embedder.EclipseLogger - skip non existing resourceDirectory D:\Java\Eclipse\DatConverter\converter.dat\src\test\resources
2019-03-30 01:20:00,629 [Worker-30: Building workspace] INFO  o.e.m.c.i.embedder.EclipseLogger - Using 'UTF-8' encoding to copy filtered resources.
2019-03-30 01:20:00,630 [Worker-30: Building workspace] INFO  o.e.m.c.i.embedder.EclipseLogger - skip non existing resourceDirectory D:\Java\Eclipse\DatConverter\converter.dat\src\main\resources
2019-03-30 01:20:00,643 [Worker-30: Building workspace] INFO  o.e.m.c.i.embedder.EclipseLogger - Using 'UTF-8' encoding to copy filtered resources.
2019-03-30 01:20:00,644 [Worker-30: Building workspace] INFO  o.e.m.c.i.embedder.EclipseLogger - skip non existing resourceDirectory D:\Java\Eclipse\DatConverter\converter.dat\src\test\resources
2019-03-30 01:20:07,660 [Worker-38: Building workspace] INFO  o.e.m.c.i.embedder.EclipseLogger - Using 'UTF-8' encoding to copy filtered resources.
2019-03-30 01:20:07,661 [Worker-38: Building workspace] INFO  o.e.m.c.i.embedder.EclipseLogger - skip non existing resourceDirectory D:\Java\Eclipse\DatConverter\converter.dat\src\main\resources
2019-03-30 01:20:07,663 [Worker-38: Building workspace] INFO  o.e.m.c.i.embedder.EclipseLogger - Using 'UTF-8' encoding to copy filtered resources.
2019-03-30 01:20:07,663 [Worker-38: Building workspace] INFO  o.e.m.c.i.embedder.EclipseLogger - skip non existing resourceDirectory D:\Java\Eclipse\DatConverter\converter.dat\src\test\resources
2019-03-30 01:20:48,241 [Worker-39: Building workspace] INFO  o.e.m.c.i.embedder.EclipseLogger - Using 'UTF-8' encoding to copy filtered resources.
2019-03-30 01:20:48,241 [Worker-39: Building workspace] INFO  o.e.m.c.i.embedder.EclipseLogger - skip non existing resourceDirectory D:\Java\Eclipse\DatConverter\converter.dat\src\main\resources
2019-03-30 01:20:48,242 [Worker-39: Building workspace] INFO  o.e.m.c.i.embedder.EclipseLogger - Using 'UTF-8' encoding to copy filtered resources.
2019-03-30 01:20:48,243 [Worker-39: Building workspace] INFO  o.e.m.c.i.embedder.EclipseLogger - skip non existing resourceDirectory D:\Java\Eclipse\DatConverter\converter.dat\src\test\resources
2019-03-30 01:20:55,347 [Worker-41: Building workspace] INFO  o.e.m.c.i.embedder.EclipseLogger - Using 'UTF-8' encoding to copy filtered resources.
2019-03-30 01:20:55,348 [Worker-41: Building workspace] INFO  o.e.m.c.i.embedder.EclipseLogger - skip non existing resourceDirectory D:\Java\Eclipse\DatConverter\converter.dat\src\main\resources
2019-03-30 01:20:55,350 [Worker-41: Building workspace] INFO  o.e.m.c.i.embedder.EclipseLogger - Using 'UTF-8' encoding to copy filtered resources.
2019-03-30 01:20:55,350 [Worker-41: Building workspace] INFO  o.e.m.c.i.embedder.EclipseLogger - skip non existing resourceDirectory D:\Java\Eclipse\DatConverter\converter.dat\src\test\resources
2019-03-30 01:21:07,483 [Worker-41: Building workspace] INFO  o.e.m.c.i.embedder.EclipseLogger - Using 'UTF-8' encoding to copy filtered resources.
2019-03-30 01:21:07,484 [Worker-41: Building workspace] INFO  o.e.m.c.i.embedder.EclipseLogger - skip non existing resourceDirectory D:\Java\Eclipse\DatConverter\converter.dat\src\main\resources
2019-03-30 01:21:07,486 [Worker-41: Building workspace] INFO  o.e.m.c.i.embedder.EclipseLogger - Using 'UTF-8' encoding to copy filtered resources.
2019-03-30 01:21:07,487 [Worker-41: Building workspace] INFO  o.e.m.c.i.embedder.EclipseLogger - skip non existing resourceDirectory D:\Java\Eclipse\DatConverter\converter.dat\src\test\resources
2019-03-30 01:21:35,043 [Worker-40: Building workspace] INFO  o.e.m.c.i.embedder.EclipseLogger - Using 'UTF-8' encoding to copy filtered resources.
2019-03-30 01:21:35,043 [Worker-40: Building workspace] INFO  o.e.m.c.i.embedder.EclipseLogger - skip non existing resourceDirectory D:\Java\Eclipse\DatConverter\converter.dat\src\main\resources
2019-03-30 01:21:35,045 [Worker-40: Building workspace] INFO  o.e.m.c.i.embedder.EclipseLogger - Using 'UTF-8' encoding to copy filtered resources.
2019-03-30 01:21:35,045 [Worker-40: Building workspace] INFO  o.e.m.c.i.embedder.EclipseLogger - skip non existing resourceDirectory D:\Java\Eclipse\DatConverter\converter.dat\src\test\resources
2019-03-30 01:22:28,077 [Worker-42: Building workspace] INFO  o.e.m.c.i.embedder.EclipseLogger - Using 'UTF-8' encoding to copy filtered resources.
2019-03-30 01:22:28,078 [Worker-42: Building workspace] INFO  o.e.m.c.i.embedder.EclipseLogger - skip non existing resourceDirectory D:\Java\Eclipse\DatConverter\converter.dat\src\main\resources
2019-03-30 01:22:28,079 [Worker-42: Building workspace] INFO  o.e.m.c.i.embedder.EclipseLogger - Using 'UTF-8' encoding to copy filtered resources.
2019-03-30 01:22:28,080 [Worker-42: Building workspace] INFO  o.e.m.c.i.embedder.EclipseLogger - skip non existing resourceDirectory D:\Java\Eclipse\DatConverter\converter.dat\src\test\resources
2019-03-30 01:22:31,241 [Worker-41: Building workspace] INFO  o.e.m.c.i.embedder.EclipseLogger - Using 'UTF-8' encoding to copy filtered resources.
2019-03-30 01:22:31,241 [Worker-41: Building workspace] INFO  o.e.m.c.i.embedder.EclipseLogger - skip non existing resourceDirectory D:\Java\Eclipse\DatConverter\converter.dat\src\main\resources
2019-03-30 01:22:31,243 [Worker-41: Building workspace] INFO  o.e.m.c.i.embedder.EclipseLogger - Using 'UTF-8' encoding to copy filtered resources.
2019-03-30 01:22:31,243 [Worker-41: Building workspace] INFO  o.e.m.c.i.embedder.EclipseLogger - skip non existing resourceDirectory D:\Java\Eclipse\DatConverter\converter.dat\src\test\resources
2019-03-30 01:22:37,875 [Worker-41: Building workspace] INFO  o.e.m.c.i.embedder.EclipseLogger - Using 'UTF-8' encoding to copy filtered resources.
2019-03-30 01:22:37,877 [Worker-41: Building workspace] INFO  o.e.m.c.i.embedder.EclipseLogger - skip non existing resourceDirectory D:\Java\Eclipse\DatConverter\converter.dat\src\main\resources
2019-03-30 01:22:37,878 [Worker-41: Building workspace] INFO  o.e.m.c.i.embedder.EclipseLogger - Using 'UTF-8' encoding to copy filtered resources.
2019-03-30 01:22:37,879 [Worker-41: Building workspace] INFO  o.e.m.c.i.embedder.EclipseLogger - skip non existing resourceDirectory D:\Java\Eclipse\DatConverter\converter.dat\src\test\resources
2019-03-30 01:23:17,109 [Worker-30: Building workspace] INFO  o.e.m.c.i.embedder.EclipseLogger - Using 'UTF-8' encoding to copy filtered resources.
2019-03-30 01:23:17,110 [Worker-30: Building workspace] INFO  o.e.m.c.i.embedder.EclipseLogger - skip non existing resourceDirectory D:\Java\Eclipse\DatConverter\converter.dat\src\main\resources
2019-03-30 01:23:17,111 [Worker-30: Building workspace] INFO  o.e.m.c.i.embedder.EclipseLogger - Using 'UTF-8' encoding to copy filtered resources.
2019-03-30 01:23:17,112 [Worker-30: Building workspace] INFO  o.e.m.c.i.embedder.EclipseLogger - skip non existing resourceDirectory D:\Java\Eclipse\DatConverter\converter.dat\src\test\resources
2019-03-30 01:24:10,513 [Worker-38: Building workspace] INFO  o.e.m.c.i.embedder.EclipseLogger - Using 'UTF-8' encoding to copy filtered resources.
2019-03-30 01:24:10,513 [Worker-38: Building workspace] INFO  o.e.m.c.i.embedder.EclipseLogger - skip non existing resourceDirectory D:\Java\Eclipse\DatConverter\converter.dat\src\main\resources
2019-03-30 01:24:10,514 [Worker-38: Building workspace] INFO  o.e.m.c.i.embedder.EclipseLogger - Using 'UTF-8' encoding to copy filtered resources.
2019-03-30 01:24:10,514 [Worker-38: Building workspace] INFO  o.e.m.c.i.embedder.EclipseLogger - skip non existing resourceDirectory D:\Java\Eclipse\DatConverter\converter.dat\src\test\resources
2019-03-30 01:24:14,467 [Worker-30: Building workspace] INFO  o.e.m.c.i.embedder.EclipseLogger - Using 'UTF-8' encoding to copy filtered resources.
2019-03-30 01:24:14,467 [Worker-30: Building workspace] INFO  o.e.m.c.i.embedder.EclipseLogger - skip non existing resourceDirectory D:\Java\Eclipse\DatConverter\converter.dat\src\main\resources
2019-03-30 01:24:14,469 [Worker-30: Building workspace] INFO  o.e.m.c.i.embedder.EclipseLogger - Using 'UTF-8' encoding to copy filtered resources.
2019-03-30 01:24:14,470 [Worker-30: Building workspace] INFO  o.e.m.c.i.embedder.EclipseLogger - skip non existing resourceDirectory D:\Java\Eclipse\DatConverter\converter.dat\src\test\resources
2019-03-30 01:24:22,261 [Worker-39: Building workspace] INFO  o.e.m.c.i.embedder.EclipseLogger - Using 'UTF-8' encoding to copy filtered resources.
2019-03-30 01:24:22,261 [Worker-39: Building workspace] INFO  o.e.m.c.i.embedder.EclipseLogger - skip non existing resourceDirectory D:\Java\Eclipse\DatConverter\converter.dat\src\main\resources
2019-03-30 01:24:22,262 [Worker-39: Building workspace] INFO  o.e.m.c.i.embedder.EclipseLogger - Using 'UTF-8' encoding to copy filtered resources.
2019-03-30 01:24:22,263 [Worker-39: Building workspace] INFO  o.e.m.c.i.embedder.EclipseLogger - skip non existing resourceDirectory D:\Java\Eclipse\DatConverter\converter.dat\src\test\resources
2019-03-30 01:24:24,401 [Worker-40: Building workspace] INFO  o.e.m.c.i.embedder.EclipseLogger - Using 'UTF-8' encoding to copy filtered resources.
2019-03-30 01:24:24,402 [Worker-40: Building workspace] INFO  o.e.m.c.i.embedder.EclipseLogger - skip non existing resourceDirectory D:\Java\Eclipse\DatConverter\converter.dat\src\main\resources
2019-03-30 01:24:24,405 [Worker-40: Building workspace] INFO  o.e.m.c.i.embedder.EclipseLogger - Using 'UTF-8' encoding to copy filtered resources.
2019-03-30 01:24:24,406 [Worker-40: Building workspace] INFO  o.e.m.c.i.embedder.EclipseLogger - skip non existing resourceDirectory D:\Java\Eclipse\DatConverter\converter.dat\src\test\resources
2019-03-30 01:25:05,699 [Worker-39: Building workspace] INFO  o.e.m.c.i.embedder.EclipseLogger - Using 'UTF-8' encoding to copy filtered resources.
2019-03-30 01:25:05,700 [Worker-39: Building workspace] INFO  o.e.m.c.i.embedder.EclipseLogger - skip non existing resourceDirectory D:\Java\Eclipse\DatConverter\converter.dat\src\main\resources
2019-03-30 01:25:05,701 [Worker-39: Building workspace] INFO  o.e.m.c.i.embedder.EclipseLogger - Using 'UTF-8' encoding to copy filtered resources.
2019-03-30 01:25:05,701 [Worker-39: Building workspace] INFO  o.e.m.c.i.embedder.EclipseLogger - skip non existing resourceDirectory D:\Java\Eclipse\DatConverter\converter.dat\src\test\resources
2019-03-30 01:25:14,726 [Worker-41: Building workspace] INFO  o.e.m.c.i.embedder.EclipseLogger - Using 'UTF-8' encoding to copy filtered resources.
2019-03-30 01:25:14,726 [Worker-41: Building workspace] INFO  o.e.m.c.i.embedder.EclipseLogger - skip non existing resourceDirectory D:\Java\Eclipse\DatConverter\converter.dat\src\main\resources
2019-03-30 01:25:14,727 [Worker-41: Building workspace] INFO  o.e.m.c.i.embedder.EclipseLogger - Using 'UTF-8' encoding to copy filtered resources.
2019-03-30 01:25:14,728 [Worker-41: Building workspace] INFO  o.e.m.c.i.embedder.EclipseLogger - skip non existing resourceDirectory D:\Java\Eclipse\DatConverter\converter.dat\src\test\resources
2019-03-30 01:25:28,295 [Worker-39: Building workspace] INFO  o.e.m.c.i.embedder.EclipseLogger - Using 'UTF-8' encoding to copy filtered resources.
2019-03-30 01:25:28,296 [Worker-39: Building workspace] INFO  o.e.m.c.i.embedder.EclipseLogger - skip non existing resourceDirectory D:\Java\Eclipse\DatConverter\converter.dat\src\main\resources
2019-03-30 01:25:28,298 [Worker-39: Building workspace] INFO  o.e.m.c.i.embedder.EclipseLogger - Using 'UTF-8' encoding to copy filtered resources.
2019-03-30 01:25:28,299 [Worker-39: Building workspace] INFO  o.e.m.c.i.embedder.EclipseLogger - skip non existing resourceDirectory D:\Java\Eclipse\DatConverter\converter.dat\src\test\resources
2019-03-30 01:25:44,498 [Worker-41: Building workspace] INFO  o.e.m.c.i.embedder.EclipseLogger - Using 'UTF-8' encoding to copy filtered resources.
2019-03-30 01:25:44,499 [Worker-41: Building workspace] INFO  o.e.m.c.i.embedder.EclipseLogger - skip non existing resourceDirectory D:\Java\Eclipse\DatConverter\converter.dat\src\main\resources
2019-03-30 01:25:44,500 [Worker-41: Building workspace] INFO  o.e.m.c.i.embedder.EclipseLogger - Using 'UTF-8' encoding to copy filtered resources.
2019-03-30 01:25:44,501 [Worker-41: Building workspace] INFO  o.e.m.c.i.embedder.EclipseLogger - skip non existing resourceDirectory D:\Java\Eclipse\DatConverter\converter.dat\src\test\resources
2019-03-30 01:26:10,740 [Worker-41: Building workspace] INFO  o.e.m.c.i.embedder.EclipseLogger - Using 'UTF-8' encoding to copy filtered resources.
2019-03-30 01:26:10,741 [Worker-41: Building workspace] INFO  o.e.m.c.i.embedder.EclipseLogger - skip non existing resourceDirectory D:\Java\Eclipse\DatConverter\converter.dat\src\main\resources
2019-03-30 01:26:10,743 [Worker-41: Building workspace] INFO  o.e.m.c.i.embedder.EclipseLogger - Using 'UTF-8' encoding to copy filtered resources.
2019-03-30 01:26:10,744 [Worker-41: Building workspace] INFO  o.e.m.c.i.embedder.EclipseLogger - skip non existing resourceDirectory D:\Java\Eclipse\DatConverter\converter.dat\src\test\resources
2019-03-30 01:26:27,083 [Worker-30: Building workspace] INFO  o.e.m.c.i.embedder.EclipseLogger - Using 'UTF-8' encoding to copy filtered resources.
2019-03-30 01:26:27,083 [Worker-30: Building workspace] INFO  o.e.m.c.i.embedder.EclipseLogger - skip non existing resourceDirectory D:\Java\Eclipse\DatConverter\converter.dat\src\main\resources
2019-03-30 01:26:27,085 [Worker-30: Building workspace] INFO  o.e.m.c.i.embedder.EclipseLogger - Using 'UTF-8' encoding to copy filtered resources.
2019-03-30 01:26:27,085 [Worker-30: Building workspace] INFO  o.e.m.c.i.embedder.EclipseLogger - skip non existing resourceDirectory D:\Java\Eclipse\DatConverter\converter.dat\src\test\resources
2019-03-30 01:26:38,548 [Worker-30: Building workspace] INFO  o.e.m.c.i.embedder.EclipseLogger - Using 'UTF-8' encoding to copy filtered resources.
2019-03-30 01:26:38,549 [Worker-30: Building workspace] INFO  o.e.m.c.i.embedder.EclipseLogger - skip non existing resourceDirectory D:\Java\Eclipse\DatConverter\converter.dat\src\main\resources
2019-03-30 01:26:38,550 [Worker-30: Building workspace] INFO  o.e.m.c.i.embedder.EclipseLogger - Using 'UTF-8' encoding to copy filtered resources.
2019-03-30 01:26:38,551 [Worker-30: Building workspace] INFO  o.e.m.c.i.embedder.EclipseLogger - skip non existing resourceDirectory D:\Java\Eclipse\DatConverter\converter.dat\src\test\resources
2019-03-30 01:26:57,712 [Worker-43: Building workspace] INFO  o.e.m.c.i.embedder.EclipseLogger - Using 'UTF-8' encoding to copy filtered resources.
2019-03-30 01:26:57,713 [Worker-43: Building workspace] INFO  o.e.m.c.i.embedder.EclipseLogger - skip non existing resourceDirectory D:\Java\Eclipse\DatConverter\converter.dat\src\main\resources
2019-03-30 01:26:57,714 [Worker-43: Building workspace] INFO  o.e.m.c.i.embedder.EclipseLogger - Using 'UTF-8' encoding to copy filtered resources.
2019-03-30 01:26:57,714 [Worker-43: Building workspace] INFO  o.e.m.c.i.embedder.EclipseLogger - skip non existing resourceDirectory D:\Java\Eclipse\DatConverter\converter.dat\src\test\resources
2019-03-30 01:27:06,695 [Worker-41: Building workspace] INFO  o.e.m.c.i.embedder.EclipseLogger - Using 'UTF-8' encoding to copy filtered resources.
2019-03-30 01:27:06,696 [Worker-41: Building workspace] INFO  o.e.m.c.i.embedder.EclipseLogger - skip non existing resourceDirectory D:\Java\Eclipse\DatConverter\converter.dat\src\main\resources
2019-03-30 01:27:06,697 [Worker-41: Building workspace] INFO  o.e.m.c.i.embedder.EclipseLogger - Using 'UTF-8' encoding to copy filtered resources.
2019-03-30 01:27:06,698 [Worker-41: Building workspace] INFO  o.e.m.c.i.embedder.EclipseLogger - skip non existing resourceDirectory D:\Java\Eclipse\DatConverter\converter.dat\src\test\resources
2019-03-30 01:27:34,092 [Worker-38: Building workspace] INFO  o.e.m.c.i.embedder.EclipseLogger - Using 'UTF-8' encoding to copy filtered resources.
2019-03-30 01:27:34,092 [Worker-38: Building workspace] INFO  o.e.m.c.i.embedder.EclipseLogger - skip non existing resourceDirectory D:\Java\Eclipse\DatConverter\converter.dat\src\main\resources
2019-03-30 01:27:34,093 [Worker-38: Building workspace] INFO  o.e.m.c.i.embedder.EclipseLogger - Using 'UTF-8' encoding to copy filtered resources.
2019-03-30 01:27:34,094 [Worker-38: Building workspace] INFO  o.e.m.c.i.embedder.EclipseLogger - skip non existing resourceDirectory D:\Java\Eclipse\DatConverter\converter.dat\src\test\resources
2019-03-30 01:27:37,746 [Worker-41: Building workspace] INFO  o.e.m.c.i.embedder.EclipseLogger - Using 'UTF-8' encoding to copy filtered resources.
2019-03-30 01:27:37,748 [Worker-41: Building workspace] INFO  o.e.m.c.i.embedder.EclipseLogger - skip non existing resourceDirectory D:\Java\Eclipse\DatConverter\converter.dat\src\main\resources
2019-03-30 01:27:37,749 [Worker-41: Building workspace] INFO  o.e.m.c.i.embedder.EclipseLogger - Using 'UTF-8' encoding to copy filtered resources.
2019-03-30 01:27:37,750 [Worker-41: Building workspace] INFO  o.e.m.c.i.embedder.EclipseLogger - skip non existing resourceDirectory D:\Java\Eclipse\DatConverter\converter.dat\src\test\resources
2019-03-30 01:27:47,608 [Worker-40: Building workspace] INFO  o.e.m.c.i.embedder.EclipseLogger - Using 'UTF-8' encoding to copy filtered resources.
2019-03-30 01:27:47,609 [Worker-40: Building workspace] INFO  o.e.m.c.i.embedder.EclipseLogger - skip non existing resourceDirectory D:\Java\Eclipse\DatConverter\converter.dat\src\main\resources
2019-03-30 01:27:47,610 [Worker-40: Building workspace] INFO  o.e.m.c.i.embedder.EclipseLogger - Using 'UTF-8' encoding to copy filtered resources.
2019-03-30 01:27:47,610 [Worker-40: Building workspace] INFO  o.e.m.c.i.embedder.EclipseLogger - skip non existing resourceDirectory D:\Java\Eclipse\DatConverter\converter.dat\src\test\resources
2019-03-30 01:27:52,055 [Worker-41: Building workspace] INFO  o.e.m.c.i.embedder.EclipseLogger - Using 'UTF-8' encoding to copy filtered resources.
2019-03-30 01:27:52,055 [Worker-41: Building workspace] INFO  o.e.m.c.i.embedder.EclipseLogger - skip non existing resourceDirectory D:\Java\Eclipse\DatConverter\converter.dat\src\main\resources
2019-03-30 01:27:52,057 [Worker-41: Building workspace] INFO  o.e.m.c.i.embedder.EclipseLogger - Using 'UTF-8' encoding to copy filtered resources.
2019-03-30 01:27:52,057 [Worker-41: Building workspace] INFO  o.e.m.c.i.embedder.EclipseLogger - skip non existing resourceDirectory D:\Java\Eclipse\DatConverter\converter.dat\src\test\resources
2019-03-30 01:27:54,917 [Worker-40: Building workspace] INFO  o.e.m.c.i.embedder.EclipseLogger - Using 'UTF-8' encoding to copy filtered resources.
2019-03-30 01:27:54,918 [Worker-40: Building workspace] INFO  o.e.m.c.i.embedder.EclipseLogger - skip non existing resourceDirectory D:\Java\Eclipse\DatConverter\converter.dat\src\main\resources
2019-03-30 01:27:54,919 [Worker-40: Building workspace] INFO  o.e.m.c.i.embedder.EclipseLogger - Using 'UTF-8' encoding to copy filtered resources.
2019-03-30 01:27:54,920 [Worker-40: Building workspace] INFO  o.e.m.c.i.embedder.EclipseLogger - skip non existing resourceDirectory D:\Java\Eclipse\DatConverter\converter.dat\src\test\resources
2019-03-30 01:28:47,266 [Worker-30: Building workspace] INFO  o.e.m.c.i.embedder.EclipseLogger - Using 'UTF-8' encoding to copy filtered resources.
2019-03-30 01:28:47,267 [Worker-30: Building workspace] INFO  o.e.m.c.i.embedder.EclipseLogger - skip non existing resourceDirectory D:\Java\Eclipse\DatConverter\converter.dat\src\main\resources
2019-03-30 01:28:47,268 [Worker-30: Building workspace] INFO  o.e.m.c.i.embedder.EclipseLogger - Using 'UTF-8' encoding to copy filtered resources.
2019-03-30 01:28:47,269 [Worker-30: Building workspace] INFO  o.e.m.c.i.embedder.EclipseLogger - skip non existing resourceDirectory D:\Java\Eclipse\DatConverter\converter.dat\src\test\resources
2019-03-30 01:28:48,784 [Worker-41: Building workspace] INFO  o.e.m.c.i.embedder.EclipseLogger - Using 'UTF-8' encoding to copy filtered resources.
2019-03-30 01:28:48,784 [Worker-41: Building workspace] INFO  o.e.m.c.i.embedder.EclipseLogger - skip non existing resourceDirectory D:\Java\Eclipse\DatConverter\converter.dat\src\main\resources
2019-03-30 01:28:48,787 [Worker-41: Building workspace] INFO  o.e.m.c.i.embedder.EclipseLogger - Using 'UTF-8' encoding to copy filtered resources.
2019-03-30 01:28:48,787 [Worker-41: Building workspace] INFO  o.e.m.c.i.embedder.EclipseLogger - skip non existing resourceDirectory D:\Java\Eclipse\DatConverter\converter.dat\src\test\resources
2019-03-30 01:28:52,823 [Worker-38: Building workspace] INFO  o.e.m.c.i.embedder.EclipseLogger - Using 'UTF-8' encoding to copy filtered resources.
2019-03-30 01:28:52,824 [Worker-38: Building workspace] INFO  o.e.m.c.i.embedder.EclipseLogger - skip non existing resourceDirectory D:\Java\Eclipse\DatConverter\converter.dat\src\main\resources
2019-03-30 01:28:52,825 [Worker-38: Building workspace] INFO  o.e.m.c.i.embedder.EclipseLogger - Using 'UTF-8' encoding to copy filtered resources.
2019-03-30 01:28:52,826 [Worker-38: Building workspace] INFO  o.e.m.c.i.embedder.EclipseLogger - skip non existing resourceDirectory D:\Java\Eclipse\DatConverter\converter.dat\src\test\resources
2019-03-30 01:29:12,351 [Worker-41: Building workspace] INFO  o.e.m.c.i.embedder.EclipseLogger - Using 'UTF-8' encoding to copy filtered resources.
2019-03-30 01:29:12,351 [Worker-41: Building workspace] INFO  o.e.m.c.i.embedder.EclipseLogger - skip non existing resourceDirectory D:\Java\Eclipse\DatConverter\converter.dat\src\main\resources
2019-03-30 01:29:12,353 [Worker-41: Building workspace] INFO  o.e.m.c.i.embedder.EclipseLogger - Using 'UTF-8' encoding to copy filtered resources.
2019-03-30 01:29:12,353 [Worker-41: Building workspace] INFO  o.e.m.c.i.embedder.EclipseLogger - skip non existing resourceDirectory D:\Java\Eclipse\DatConverter\converter.dat\src\test\resources
2019-03-30 01:29:25,873 [Worker-41: Building workspace] INFO  o.e.m.c.i.embedder.EclipseLogger - Using 'UTF-8' encoding to copy filtered resources.
2019-03-30 01:29:25,874 [Worker-41: Building workspace] INFO  o.e.m.c.i.embedder.EclipseLogger - skip non existing resourceDirectory D:\Java\Eclipse\DatConverter\converter.dat\src\main\resources
2019-03-30 01:29:25,876 [Worker-41: Building workspace] INFO  o.e.m.c.i.embedder.EclipseLogger - Using 'UTF-8' encoding to copy filtered resources.
2019-03-30 01:29:25,876 [Worker-41: Building workspace] INFO  o.e.m.c.i.embedder.EclipseLogger - skip non existing resourceDirectory D:\Java\Eclipse\DatConverter\converter.dat\src\test\resources
2019-03-30 01:33:46,616 [Worker-45: Building workspace] INFO  o.e.m.c.i.embedder.EclipseLogger - Using 'UTF-8' encoding to copy filtered resources.
2019-03-30 01:33:46,616 [Worker-45: Building workspace] INFO  o.e.m.c.i.embedder.EclipseLogger - skip non existing resourceDirectory D:\Java\Eclipse\DatConverter\converter.dat\src\main\resources
2019-03-30 01:33:46,619 [Worker-45: Building workspace] INFO  o.e.m.c.i.embedder.EclipseLogger - Using 'UTF-8' encoding to copy filtered resources.
2019-03-30 01:33:46,619 [Worker-45: Building workspace] INFO  o.e.m.c.i.embedder.EclipseLogger - skip non existing resourceDirectory D:\Java\Eclipse\DatConverter\converter.dat\src\test\resources
2019-03-30 01:33:50,078 [Worker-47: Building workspace] INFO  o.e.m.c.i.embedder.EclipseLogger - Using 'UTF-8' encoding to copy filtered resources.
2019-03-30 01:33:50,079 [Worker-47: Building workspace] INFO  o.e.m.c.i.embedder.EclipseLogger - skip non existing resourceDirectory D:\Java\Eclipse\DatConverter\converter.dat\src\main\resources
2019-03-30 01:33:50,081 [Worker-47: Building workspace] INFO  o.e.m.c.i.embedder.EclipseLogger - Using 'UTF-8' encoding to copy filtered resources.
2019-03-30 01:33:50,081 [Worker-47: Building workspace] INFO  o.e.m.c.i.embedder.EclipseLogger - skip non existing resourceDirectory D:\Java\Eclipse\DatConverter\converter.dat\src\test\resources
2019-03-30 01:34:14,961 [Worker-47: Building workspace] INFO  o.e.m.c.i.embedder.EclipseLogger - Using 'UTF-8' encoding to copy filtered resources.
2019-03-30 01:34:14,961 [Worker-47: Building workspace] INFO  o.e.m.c.i.embedder.EclipseLogger - skip non existing resourceDirectory D:\Java\Eclipse\DatConverter\converter.dat\src\main\resources
2019-03-30 01:34:14,963 [Worker-47: Building workspace] INFO  o.e.m.c.i.embedder.EclipseLogger - Using 'UTF-8' encoding to copy filtered resources.
2019-03-30 01:34:14,963 [Worker-47: Building workspace] INFO  o.e.m.c.i.embedder.EclipseLogger - skip non existing resourceDirectory D:\Java\Eclipse\DatConverter\converter.dat\src\test\resources
2019-03-30 01:34:19,956 [Worker-45: Building workspace] INFO  o.e.m.c.i.embedder.EclipseLogger - Using 'UTF-8' encoding to copy filtered resources.
2019-03-30 01:34:19,957 [Worker-45: Building workspace] INFO  o.e.m.c.i.embedder.EclipseLogger - skip non existing resourceDirectory D:\Java\Eclipse\DatConverter\converter.dat\src\main\resources
2019-03-30 01:34:19,958 [Worker-45: Building workspace] INFO  o.e.m.c.i.embedder.EclipseLogger - Using 'UTF-8' encoding to copy filtered resources.
2019-03-30 01:34:19,958 [Worker-45: Building workspace] INFO  o.e.m.c.i.embedder.EclipseLogger - skip non existing resourceDirectory D:\Java\Eclipse\DatConverter\converter.dat\src\test\resources
2019-03-30 01:34:34,401 [Worker-38: Building workspace] INFO  o.e.m.c.i.embedder.EclipseLogger - Using 'UTF-8' encoding to copy filtered resources.
2019-03-30 01:34:34,401 [Worker-38: Building workspace] INFO  o.e.m.c.i.embedder.EclipseLogger - skip non existing resourceDirectory D:\Java\Eclipse\DatConverter\converter.dat\src\main\resources
2019-03-30 01:34:34,403 [Worker-38: Building workspace] INFO  o.e.m.c.i.embedder.EclipseLogger - Using 'UTF-8' encoding to copy filtered resources.
2019-03-30 01:34:34,403 [Worker-38: Building workspace] INFO  o.e.m.c.i.embedder.EclipseLogger - skip non existing resourceDirectory D:\Java\Eclipse\DatConverter\converter.dat\src\test\resources
2019-03-30 01:34:39,966 [Worker-45: Building workspace] INFO  o.e.m.c.i.embedder.EclipseLogger - Using 'UTF-8' encoding to copy filtered resources.
2019-03-30 01:34:39,967 [Worker-45: Building workspace] INFO  o.e.m.c.i.embedder.EclipseLogger - skip non existing resourceDirectory D:\Java\Eclipse\DatConverter\converter.dat\src\main\resources
2019-03-30 01:34:39,968 [Worker-45: Building workspace] INFO  o.e.m.c.i.embedder.EclipseLogger - Using 'UTF-8' encoding to copy filtered resources.
2019-03-30 01:34:39,969 [Worker-45: Building workspace] INFO  o.e.m.c.i.embedder.EclipseLogger - skip non existing resourceDirectory D:\Java\Eclipse\DatConverter\converter.dat\src\test\resources
2019-03-30 01:34:51,538 [Worker-47: Building workspace] INFO  o.e.m.c.i.embedder.EclipseLogger - Using 'UTF-8' encoding to copy filtered resources.
2019-03-30 01:34:51,539 [Worker-47: Building workspace] INFO  o.e.m.c.i.embedder.EclipseLogger - skip non existing resourceDirectory D:\Java\Eclipse\DatConverter\converter.dat\src\main\resources
2019-03-30 01:34:51,539 [Worker-47: Building workspace] INFO  o.e.m.c.i.embedder.EclipseLogger - Using 'UTF-8' encoding to copy filtered resources.
2019-03-30 01:34:51,540 [Worker-47: Building workspace] INFO  o.e.m.c.i.embedder.EclipseLogger - skip non existing resourceDirectory D:\Java\Eclipse\DatConverter\converter.dat\src\test\resources
2019-03-30 01:34:56,786 [Worker-45: Building workspace] INFO  o.e.m.c.i.embedder.EclipseLogger - Using 'UTF-8' encoding to copy filtered resources.
2019-03-30 01:34:56,787 [Worker-45: Building workspace] INFO  o.e.m.c.i.embedder.EclipseLogger - skip non existing resourceDirectory D:\Java\Eclipse\DatConverter\converter.dat\src\main\resources
2019-03-30 01:34:56,790 [Worker-45: Building workspace] INFO  o.e.m.c.i.embedder.EclipseLogger - Using 'UTF-8' encoding to copy filtered resources.
2019-03-30 01:34:56,790 [Worker-45: Building workspace] INFO  o.e.m.c.i.embedder.EclipseLogger - skip non existing resourceDirectory D:\Java\Eclipse\DatConverter\converter.dat\src\test\resources
2019-03-30 01:37:00,934 [Worker-48: Building workspace] INFO  o.e.m.c.i.embedder.EclipseLogger - Using 'UTF-8' encoding to copy filtered resources.
2019-03-30 01:37:00,935 [Worker-48: Building workspace] INFO  o.e.m.c.i.embedder.EclipseLogger - skip non existing resourceDirectory D:\Java\Eclipse\DatConverter\converter.dat\src\main\resources
2019-03-30 01:37:00,938 [Worker-48: Building workspace] INFO  o.e.m.c.i.embedder.EclipseLogger - Using 'UTF-8' encoding to copy filtered resources.
2019-03-30 01:37:00,938 [Worker-48: Building workspace] INFO  o.e.m.c.i.embedder.EclipseLogger - skip non existing resourceDirectory D:\Java\Eclipse\DatConverter\converter.dat\src\test\resources
2019-03-30 01:37:11,930 [Worker-45: Building workspace] INFO  o.e.m.c.i.embedder.EclipseLogger - Using 'UTF-8' encoding to copy filtered resources.
2019-03-30 01:37:11,930 [Worker-45: Building workspace] INFO  o.e.m.c.i.embedder.EclipseLogger - skip non existing resourceDirectory D:\Java\Eclipse\DatConverter\converter.dat\src\main\resources
2019-03-30 01:37:11,932 [Worker-45: Building workspace] INFO  o.e.m.c.i.embedder.EclipseLogger - Using 'UTF-8' encoding to copy filtered resources.
2019-03-30 01:37:11,932 [Worker-45: Building workspace] INFO  o.e.m.c.i.embedder.EclipseLogger - skip non existing resourceDirectory D:\Java\Eclipse\DatConverter\converter.dat\src\test\resources
2019-03-30 01:37:22,029 [Worker-30: Building workspace] INFO  o.e.m.c.i.embedder.EclipseLogger - Using 'UTF-8' encoding to copy filtered resources.
2019-03-30 01:37:22,029 [Worker-30: Building workspace] INFO  o.e.m.c.i.embedder.EclipseLogger - skip non existing resourceDirectory D:\Java\Eclipse\DatConverter\converter.dat\src\main\resources
2019-03-30 01:37:22,031 [Worker-30: Building workspace] INFO  o.e.m.c.i.embedder.EclipseLogger - Using 'UTF-8' encoding to copy filtered resources.
2019-03-30 01:37:22,031 [Worker-30: Building workspace] INFO  o.e.m.c.i.embedder.EclipseLogger - skip non existing resourceDirectory D:\Java\Eclipse\DatConverter\converter.dat\src\test\resources
2019-03-30 01:37:38,354 [Worker-46: Building workspace] INFO  o.e.m.c.i.embedder.EclipseLogger - Using 'UTF-8' encoding to copy filtered resources.
2019-03-30 01:37:38,355 [Worker-46: Building workspace] INFO  o.e.m.c.i.embedder.EclipseLogger - skip non existing resourceDirectory D:\Java\Eclipse\DatConverter\converter.dat\src\main\resources
2019-03-30 01:37:38,356 [Worker-46: Building workspace] INFO  o.e.m.c.i.embedder.EclipseLogger - Using 'UTF-8' encoding to copy filtered resources.
2019-03-30 01:37:38,357 [Worker-46: Building workspace] INFO  o.e.m.c.i.embedder.EclipseLogger - skip non existing resourceDirectory D:\Java\Eclipse\DatConverter\converter.dat\src\test\resources
2019-03-30 01:37:42,444 [Worker-45: Building workspace] INFO  o.e.m.c.i.embedder.EclipseLogger - Using 'UTF-8' encoding to copy filtered resources.
2019-03-30 01:37:42,445 [Worker-45: Building workspace] INFO  o.e.m.c.i.embedder.EclipseLogger - skip non existing resourceDirectory D:\Java\Eclipse\DatConverter\converter.dat\src\main\resources
2019-03-30 01:37:42,446 [Worker-45: Building workspace] INFO  o.e.m.c.i.embedder.EclipseLogger - Using 'UTF-8' encoding to copy filtered resources.
2019-03-30 01:37:42,446 [Worker-45: Building workspace] INFO  o.e.m.c.i.embedder.EclipseLogger - skip non existing resourceDirectory D:\Java\Eclipse\DatConverter\converter.dat\src\test\resources
2019-03-30 01:37:59,511 [Worker-48: Building workspace] INFO  o.e.m.c.i.embedder.EclipseLogger - Using 'UTF-8' encoding to copy filtered resources.
2019-03-30 01:37:59,512 [Worker-48: Building workspace] INFO  o.e.m.c.i.embedder.EclipseLogger - skip non existing resourceDirectory D:\Java\Eclipse\DatConverter\converter.dat\src\main\resources
2019-03-30 01:37:59,514 [Worker-48: Building workspace] INFO  o.e.m.c.i.embedder.EclipseLogger - Using 'UTF-8' encoding to copy filtered resources.
2019-03-30 01:37:59,514 [Worker-48: Building workspace] INFO  o.e.m.c.i.embedder.EclipseLogger - skip non existing resourceDirectory D:\Java\Eclipse\DatConverter\converter.dat\src\test\resources
2019-03-30 01:38:11,541 [Worker-46: Building workspace] INFO  o.e.m.c.i.embedder.EclipseLogger - Using 'UTF-8' encoding to copy filtered resources.
2019-03-30 01:38:11,542 [Worker-46: Building workspace] INFO  o.e.m.c.i.embedder.EclipseLogger - skip non existing resourceDirectory D:\Java\Eclipse\DatConverter\converter.dat\src\main\resources
2019-03-30 01:38:11,543 [Worker-46: Building workspace] INFO  o.e.m.c.i.embedder.EclipseLogger - Using 'UTF-8' encoding to copy filtered resources.
2019-03-30 01:38:11,543 [Worker-46: Building workspace] INFO  o.e.m.c.i.embedder.EclipseLogger - skip non existing resourceDirectory D:\Java\Eclipse\DatConverter\converter.dat\src\test\resources
2019-03-30 01:38:49,853 [Worker-45: Building workspace] INFO  o.e.m.c.i.embedder.EclipseLogger - Using 'UTF-8' encoding to copy filtered resources.
2019-03-30 01:38:49,854 [Worker-45: Building workspace] INFO  o.e.m.c.i.embedder.EclipseLogger - skip non existing resourceDirectory D:\Java\Eclipse\DatConverter\converter.dat\src\main\resources
2019-03-30 01:38:49,855 [Worker-45: Building workspace] INFO  o.e.m.c.i.embedder.EclipseLogger - Using 'UTF-8' encoding to copy filtered resources.
2019-03-30 01:38:49,856 [Worker-45: Building workspace] INFO  o.e.m.c.i.embedder.EclipseLogger - skip non existing resourceDirectory D:\Java\Eclipse\DatConverter\converter.dat\src\test\resources
2019-03-30 01:39:08,913 [Worker-46: Building workspace] INFO  o.e.m.c.i.embedder.EclipseLogger - Using 'UTF-8' encoding to copy filtered resources.
2019-03-30 01:39:08,913 [Worker-46: Building workspace] INFO  o.e.m.c.i.embedder.EclipseLogger - skip non existing resourceDirectory D:\Java\Eclipse\DatConverter\converter.dat\src\main\resources
2019-03-30 01:39:08,915 [Worker-46: Building workspace] INFO  o.e.m.c.i.embedder.EclipseLogger - Using 'UTF-8' encoding to copy filtered resources.
2019-03-30 01:39:08,916 [Worker-46: Building workspace] INFO  o.e.m.c.i.embedder.EclipseLogger - skip non existing resourceDirectory D:\Java\Eclipse\DatConverter\converter.dat\src\test\resources
2019-03-30 01:40:22,107 [Worker-38: Building workspace] INFO  o.e.m.c.i.embedder.EclipseLogger - Using 'UTF-8' encoding to copy filtered resources.
2019-03-30 01:40:22,107 [Worker-38: Building workspace] INFO  o.e.m.c.i.embedder.EclipseLogger - skip non existing resourceDirectory D:\Java\Eclipse\DatConverter\converter.dat\src\main\resources
2019-03-30 01:40:22,109 [Worker-38: Building workspace] INFO  o.e.m.c.i.embedder.EclipseLogger - Using 'UTF-8' encoding to copy filtered resources.
2019-03-30 01:40:22,109 [Worker-38: Building workspace] INFO  o.e.m.c.i.embedder.EclipseLogger - skip non existing resourceDirectory D:\Java\Eclipse\DatConverter\converter.dat\src\test\resources
2019-03-30 01:41:16,572 [Worker-45: Building workspace] INFO  o.e.m.c.i.embedder.EclipseLogger - Using 'UTF-8' encoding to copy filtered resources.
2019-03-30 01:41:16,573 [Worker-45: Building workspace] INFO  o.e.m.c.i.embedder.EclipseLogger - skip non existing resourceDirectory D:\Java\Eclipse\DatConverter\converter.dat\src\main\resources
2019-03-30 01:41:16,575 [Worker-45: Building workspace] INFO  o.e.m.c.i.embedder.EclipseLogger - Using 'UTF-8' encoding to copy filtered resources.
2019-03-30 01:41:16,576 [Worker-45: Building workspace] INFO  o.e.m.c.i.embedder.EclipseLogger - skip non existing resourceDirectory D:\Java\Eclipse\DatConverter\converter.dat\src\test\resources
2019-03-30 01:41:22,220 [Worker-30: Building workspace] INFO  o.e.m.c.i.embedder.EclipseLogger - Using 'UTF-8' encoding to copy filtered resources.
2019-03-30 01:41:22,221 [Worker-30: Building workspace] INFO  o.e.m.c.i.embedder.EclipseLogger - skip non existing resourceDirectory D:\Java\Eclipse\DatConverter\converter.dat\src\main\resources
2019-03-30 01:41:22,223 [Worker-30: Building workspace] INFO  o.e.m.c.i.embedder.EclipseLogger - Using 'UTF-8' encoding to copy filtered resources.
2019-03-30 01:41:22,223 [Worker-30: Building workspace] INFO  o.e.m.c.i.embedder.EclipseLogger - skip non existing resourceDirectory D:\Java\Eclipse\DatConverter\converter.dat\src\test\resources
2019-03-30 01:42:07,361 [Worker-45: Building workspace] INFO  o.e.m.c.i.embedder.EclipseLogger - Using 'UTF-8' encoding to copy filtered resources.
2019-03-30 01:42:07,361 [Worker-45: Building workspace] INFO  o.e.m.c.i.embedder.EclipseLogger - skip non existing resourceDirectory D:\Java\Eclipse\DatConverter\converter.dat\src\main\resources
2019-03-30 01:42:07,363 [Worker-45: Building workspace] INFO  o.e.m.c.i.embedder.EclipseLogger - Using 'UTF-8' encoding to copy filtered resources.
2019-03-30 01:42:07,363 [Worker-45: Building workspace] INFO  o.e.m.c.i.embedder.EclipseLogger - skip non existing resourceDirectory D:\Java\Eclipse\DatConverter\converter.dat\src\test\resources
2019-03-30 01:42:20,630 [Worker-38: Building workspace] INFO  o.e.m.c.i.embedder.EclipseLogger - Using 'UTF-8' encoding to copy filtered resources.
2019-03-30 01:42:20,631 [Worker-38: Building workspace] INFO  o.e.m.c.i.embedder.EclipseLogger - skip non existing resourceDirectory D:\Java\Eclipse\DatConverter\converter.dat\src\main\resources
2019-03-30 01:42:20,632 [Worker-38: Building workspace] INFO  o.e.m.c.i.embedder.EclipseLogger - Using 'UTF-8' encoding to copy filtered resources.
2019-03-30 01:42:20,633 [Worker-38: Building workspace] INFO  o.e.m.c.i.embedder.EclipseLogger - skip non existing resourceDirectory D:\Java\Eclipse\DatConverter\converter.dat\src\test\resources
2019-03-30 01:42:22,632 [Worker-45: Building workspace] INFO  o.e.m.c.i.embedder.EclipseLogger - Using 'UTF-8' encoding to copy filtered resources.
2019-03-30 01:42:22,633 [Worker-45: Building workspace] INFO  o.e.m.c.i.embedder.EclipseLogger - skip non existing resourceDirectory D:\Java\Eclipse\DatConverter\converter.dat\src\main\resources
2019-03-30 01:42:22,634 [Worker-45: Building workspace] INFO  o.e.m.c.i.embedder.EclipseLogger - Using 'UTF-8' encoding to copy filtered resources.
2019-03-30 01:42:22,635 [Worker-45: Building workspace] INFO  o.e.m.c.i.embedder.EclipseLogger - skip non existing resourceDirectory D:\Java\Eclipse\DatConverter\converter.dat\src\test\resources
2019-03-30 01:42:35,491 [Worker-48: Building workspace] INFO  o.e.m.c.i.embedder.EclipseLogger - Using 'UTF-8' encoding to copy filtered resources.
2019-03-30 01:42:35,492 [Worker-48: Building workspace] INFO  o.e.m.c.i.embedder.EclipseLogger - skip non existing resourceDirectory D:\Java\Eclipse\DatConverter\converter.dat\src\main\resources
2019-03-30 01:42:35,493 [Worker-48: Building workspace] INFO  o.e.m.c.i.embedder.EclipseLogger - Using 'UTF-8' encoding to copy filtered resources.
2019-03-30 01:42:35,493 [Worker-48: Building workspace] INFO  o.e.m.c.i.embedder.EclipseLogger - skip non existing resourceDirectory D:\Java\Eclipse\DatConverter\converter.dat\src\test\resources
2019-03-30 01:42:46,780 [Worker-46: Building workspace] INFO  o.e.m.c.i.embedder.EclipseLogger - Using 'UTF-8' encoding to copy filtered resources.
2019-03-30 01:42:46,780 [Worker-46: Building workspace] INFO  o.e.m.c.i.embedder.EclipseLogger - skip non existing resourceDirectory D:\Java\Eclipse\DatConverter\converter.dat\src\main\resources
2019-03-30 01:42:46,782 [Worker-46: Building workspace] INFO  o.e.m.c.i.embedder.EclipseLogger - Using 'UTF-8' encoding to copy filtered resources.
2019-03-30 01:42:46,782 [Worker-46: Building workspace] INFO  o.e.m.c.i.embedder.EclipseLogger - skip non existing resourceDirectory D:\Java\Eclipse\DatConverter\converter.dat\src\test\resources
2019-03-30 01:42:56,931 [Worker-46: Building workspace] INFO  o.e.m.c.i.embedder.EclipseLogger - Using 'UTF-8' encoding to copy filtered resources.
2019-03-30 01:42:56,932 [Worker-46: Building workspace] INFO  o.e.m.c.i.embedder.EclipseLogger - skip non existing resourceDirectory D:\Java\Eclipse\DatConverter\converter.dat\src\main\resources
2019-03-30 01:42:56,933 [Worker-46: Building workspace] INFO  o.e.m.c.i.embedder.EclipseLogger - Using 'UTF-8' encoding to copy filtered resources.
2019-03-30 01:42:56,933 [Worker-46: Building workspace] INFO  o.e.m.c.i.embedder.EclipseLogger - skip non existing resourceDirectory D:\Java\Eclipse\DatConverter\converter.dat\src\test\resources
2019-03-30 01:43:09,414 [Worker-47: Building workspace] INFO  o.e.m.c.i.embedder.EclipseLogger - Using 'UTF-8' encoding to copy filtered resources.
2019-03-30 01:43:09,415 [Worker-47: Building workspace] INFO  o.e.m.c.i.embedder.EclipseLogger - skip non existing resourceDirectory D:\Java\Eclipse\DatConverter\converter.dat\src\main\resources
2019-03-30 01:43:09,416 [Worker-47: Building workspace] INFO  o.e.m.c.i.embedder.EclipseLogger - Using 'UTF-8' encoding to copy filtered resources.
2019-03-30 01:43:09,417 [Worker-47: Building workspace] INFO  o.e.m.c.i.embedder.EclipseLogger - skip non existing resourceDirectory D:\Java\Eclipse\DatConverter\converter.dat\src\test\resources
2019-03-30 01:43:17,549 [Worker-46: Building workspace] INFO  o.e.m.c.i.embedder.EclipseLogger - Using 'UTF-8' encoding to copy filtered resources.
2019-03-30 01:43:17,550 [Worker-46: Building workspace] INFO  o.e.m.c.i.embedder.EclipseLogger - skip non existing resourceDirectory D:\Java\Eclipse\DatConverter\converter.dat\src\main\resources
2019-03-30 01:43:17,551 [Worker-46: Building workspace] INFO  o.e.m.c.i.embedder.EclipseLogger - Using 'UTF-8' encoding to copy filtered resources.
2019-03-30 01:43:17,552 [Worker-46: Building workspace] INFO  o.e.m.c.i.embedder.EclipseLogger - skip non existing resourceDirectory D:\Java\Eclipse\DatConverter\converter.dat\src\test\resources
2019-03-30 01:43:26,242 [Worker-46: Building workspace] INFO  o.e.m.c.i.embedder.EclipseLogger - Using 'UTF-8' encoding to copy filtered resources.
2019-03-30 01:43:26,242 [Worker-46: Building workspace] INFO  o.e.m.c.i.embedder.EclipseLogger - skip non existing resourceDirectory D:\Java\Eclipse\DatConverter\converter.dat\src\main\resources
2019-03-30 01:43:26,244 [Worker-46: Building workspace] INFO  o.e.m.c.i.embedder.EclipseLogger - Using 'UTF-8' encoding to copy filtered resources.
2019-03-30 01:43:26,245 [Worker-46: Building workspace] INFO  o.e.m.c.i.embedder.EclipseLogger - skip non existing resourceDirectory D:\Java\Eclipse\DatConverter\converter.dat\src\test\resources
2019-03-30 01:43:35,342 [Worker-45: Building workspace] INFO  o.e.m.c.i.embedder.EclipseLogger - Using 'UTF-8' encoding to copy filtered resources.
2019-03-30 01:43:35,344 [Worker-45: Building workspace] INFO  o.e.m.c.i.embedder.EclipseLogger - skip non existing resourceDirectory D:\Java\Eclipse\DatConverter\converter.dat\src\main\resources
2019-03-30 01:43:35,346 [Worker-45: Building workspace] INFO  o.e.m.c.i.embedder.EclipseLogger - Using 'UTF-8' encoding to copy filtered resources.
2019-03-30 01:43:35,346 [Worker-45: Building workspace] INFO  o.e.m.c.i.embedder.EclipseLogger - skip non existing resourceDirectory D:\Java\Eclipse\DatConverter\converter.dat\src\test\resources
2019-03-30 01:43:51,184 [Worker-46: Building workspace] INFO  o.e.m.c.i.embedder.EclipseLogger - Using 'UTF-8' encoding to copy filtered resources.
2019-03-30 01:43:51,184 [Worker-46: Building workspace] INFO  o.e.m.c.i.embedder.EclipseLogger - skip non existing resourceDirectory D:\Java\Eclipse\DatConverter\converter.dat\src\main\resources
2019-03-30 01:43:51,186 [Worker-46: Building workspace] INFO  o.e.m.c.i.embedder.EclipseLogger - Using 'UTF-8' encoding to copy filtered resources.
2019-03-30 01:43:51,186 [Worker-46: Building workspace] INFO  o.e.m.c.i.embedder.EclipseLogger - skip non existing resourceDirectory D:\Java\Eclipse\DatConverter\converter.dat\src\test\resources
2019-03-30 01:44:09,985 [Worker-46: Building workspace] INFO  o.e.m.c.i.embedder.EclipseLogger - Using 'UTF-8' encoding to copy filtered resources.
2019-03-30 01:44:09,986 [Worker-46: Building workspace] INFO  o.e.m.c.i.embedder.EclipseLogger - skip non existing resourceDirectory D:\Java\Eclipse\DatConverter\converter.dat\src\main\resources
2019-03-30 01:44:09,988 [Worker-46: Building workspace] INFO  o.e.m.c.i.embedder.EclipseLogger - Using 'UTF-8' encoding to copy filtered resources.
2019-03-30 01:44:09,988 [Worker-46: Building workspace] INFO  o.e.m.c.i.embedder.EclipseLogger - skip non existing resourceDirectory D:\Java\Eclipse\DatConverter\converter.dat\src\test\resources
2019-03-30 01:44:22,210 [Worker-38: Building workspace] INFO  o.e.m.c.i.embedder.EclipseLogger - Using 'UTF-8' encoding to copy filtered resources.
2019-03-30 01:44:22,211 [Worker-38: Building workspace] INFO  o.e.m.c.i.embedder.EclipseLogger - skip non existing resourceDirectory D:\Java\Eclipse\DatConverter\converter.dat\src\main\resources
2019-03-30 01:44:22,218 [Worker-38: Building workspace] INFO  o.e.m.c.i.embedder.EclipseLogger - Using 'UTF-8' encoding to copy filtered resources.
2019-03-30 01:44:22,218 [Worker-38: Building workspace] INFO  o.e.m.c.i.embedder.EclipseLogger - skip non existing resourceDirectory D:\Java\Eclipse\DatConverter\converter.dat\src\test\resources
2019-03-30 01:44:32,406 [Worker-49: Building workspace] INFO  o.e.m.c.i.embedder.EclipseLogger - Using 'UTF-8' encoding to copy filtered resources.
2019-03-30 01:44:32,407 [Worker-49: Building workspace] INFO  o.e.m.c.i.embedder.EclipseLogger - skip non existing resourceDirectory D:\Java\Eclipse\DatConverter\converter.dat\src\main\resources
2019-03-30 01:44:32,408 [Worker-49: Building workspace] INFO  o.e.m.c.i.embedder.EclipseLogger - Using 'UTF-8' encoding to copy filtered resources.
2019-03-30 01:44:32,408 [Worker-49: Building workspace] INFO  o.e.m.c.i.embedder.EclipseLogger - skip non existing resourceDirectory D:\Java\Eclipse\DatConverter\converter.dat\src\test\resources
2019-03-30 01:44:49,855 [Worker-48: Building workspace] INFO  o.e.m.c.i.embedder.EclipseLogger - Using 'UTF-8' encoding to copy filtered resources.
2019-03-30 01:44:49,856 [Worker-48: Building workspace] INFO  o.e.m.c.i.embedder.EclipseLogger - skip non existing resourceDirectory D:\Java\Eclipse\DatConverter\converter.dat\src\main\resources
2019-03-30 01:44:49,857 [Worker-48: Building workspace] INFO  o.e.m.c.i.embedder.EclipseLogger - Using 'UTF-8' encoding to copy filtered resources.
2019-03-30 01:44:49,857 [Worker-48: Building workspace] INFO  o.e.m.c.i.embedder.EclipseLogger - skip non existing resourceDirectory D:\Java\Eclipse\DatConverter\converter.dat\src\test\resources
2019-03-30 01:44:51,072 [Worker-45: Building workspace] INFO  o.e.m.c.i.embedder.EclipseLogger - Using 'UTF-8' encoding to copy filtered resources.
2019-03-30 01:44:51,073 [Worker-45: Building workspace] INFO  o.e.m.c.i.embedder.EclipseLogger - skip non existing resourceDirectory D:\Java\Eclipse\DatConverter\converter.dat\src\main\resources
2019-03-30 01:44:51,074 [Worker-45: Building workspace] INFO  o.e.m.c.i.embedder.EclipseLogger - Using 'UTF-8' encoding to copy filtered resources.
2019-03-30 01:44:51,074 [Worker-45: Building workspace] INFO  o.e.m.c.i.embedder.EclipseLogger - skip non existing resourceDirectory D:\Java\Eclipse\DatConverter\converter.dat\src\test\resources
2019-03-30 01:45:29,002 [Worker-49: Building workspace] INFO  o.e.m.c.i.embedder.EclipseLogger - Using 'UTF-8' encoding to copy filtered resources.
2019-03-30 01:45:29,002 [Worker-49: Building workspace] INFO  o.e.m.c.i.embedder.EclipseLogger - skip non existing resourceDirectory D:\Java\Eclipse\DatConverter\converter.dat\src\main\resources
2019-03-30 01:45:29,003 [Worker-49: Building workspace] INFO  o.e.m.c.i.embedder.EclipseLogger - Using 'UTF-8' encoding to copy filtered resources.
2019-03-30 01:45:29,004 [Worker-49: Building workspace] INFO  o.e.m.c.i.embedder.EclipseLogger - skip non existing resourceDirectory D:\Java\Eclipse\DatConverter\converter.dat\src\test\resources
2019-03-30 01:46:03,831 [Worker-45: Building workspace] INFO  o.e.m.c.i.embedder.EclipseLogger - Using 'UTF-8' encoding to copy filtered resources.
2019-03-30 01:46:03,831 [Worker-45: Building workspace] INFO  o.e.m.c.i.embedder.EclipseLogger - skip non existing resourceDirectory D:\Java\Eclipse\DatConverter\converter.dat\src\main\resources
2019-03-30 01:46:03,833 [Worker-45: Building workspace] INFO  o.e.m.c.i.embedder.EclipseLogger - Using 'UTF-8' encoding to copy filtered resources.
2019-03-30 01:46:03,834 [Worker-45: Building workspace] INFO  o.e.m.c.i.embedder.EclipseLogger - skip non existing resourceDirectory D:\Java\Eclipse\DatConverter\converter.dat\src\test\resources
2019-03-30 01:46:40,128 [Worker-45: Building workspace] INFO  o.e.m.c.i.embedder.EclipseLogger - Using 'UTF-8' encoding to copy filtered resources.
2019-03-30 01:46:40,128 [Worker-45: Building workspace] INFO  o.e.m.c.i.embedder.EclipseLogger - skip non existing resourceDirectory D:\Java\Eclipse\DatConverter\converter.dat\src\main\resources
2019-03-30 01:46:40,130 [Worker-45: Building workspace] INFO  o.e.m.c.i.embedder.EclipseLogger - Using 'UTF-8' encoding to copy filtered resources.
2019-03-30 01:46:40,130 [Worker-45: Building workspace] INFO  o.e.m.c.i.embedder.EclipseLogger - skip non existing resourceDirectory D:\Java\Eclipse\DatConverter\converter.dat\src\test\resources
2019-03-30 01:46:43,581 [Worker-46: Building workspace] INFO  o.e.m.c.i.embedder.EclipseLogger - Using 'UTF-8' encoding to copy filtered resources.
2019-03-30 01:46:43,582 [Worker-46: Building workspace] INFO  o.e.m.c.i.embedder.EclipseLogger - skip non existing resourceDirectory D:\Java\Eclipse\DatConverter\converter.dat\src\main\resources
2019-03-30 01:46:43,584 [Worker-46: Building workspace] INFO  o.e.m.c.i.embedder.EclipseLogger - Using 'UTF-8' encoding to copy filtered resources.
2019-03-30 01:46:43,585 [Worker-46: Building workspace] INFO  o.e.m.c.i.embedder.EclipseLogger - skip non existing resourceDirectory D:\Java\Eclipse\DatConverter\converter.dat\src\test\resources
2019-03-30 01:47:11,671 [Worker-48: Building workspace] INFO  o.e.m.c.i.embedder.EclipseLogger - Using 'UTF-8' encoding to copy filtered resources.
2019-03-30 01:47:11,672 [Worker-48: Building workspace] INFO  o.e.m.c.i.embedder.EclipseLogger - skip non existing resourceDirectory D:\Java\Eclipse\DatConverter\converter.dat\src\main\resources
2019-03-30 01:47:11,673 [Worker-48: Building workspace] INFO  o.e.m.c.i.embedder.EclipseLogger - Using 'UTF-8' encoding to copy filtered resources.
2019-03-30 01:47:11,673 [Worker-48: Building workspace] INFO  o.e.m.c.i.embedder.EclipseLogger - skip non existing resourceDirectory D:\Java\Eclipse\DatConverter\converter.dat\src\test\resources
2019-03-30 01:47:15,513 [Worker-50: Building workspace] INFO  o.e.m.c.i.embedder.EclipseLogger - Using 'UTF-8' encoding to copy filtered resources.
2019-03-30 01:47:15,514 [Worker-50: Building workspace] INFO  o.e.m.c.i.embedder.EclipseLogger - skip non existing resourceDirectory D:\Java\Eclipse\DatConverter\converter.dat\src\main\resources
2019-03-30 01:47:15,515 [Worker-50: Building workspace] INFO  o.e.m.c.i.embedder.EclipseLogger - Using 'UTF-8' encoding to copy filtered resources.
2019-03-30 01:47:15,516 [Worker-50: Building workspace] INFO  o.e.m.c.i.embedder.EclipseLogger - skip non existing resourceDirectory D:\Java\Eclipse\DatConverter\converter.dat\src\test\resources
2019-03-30 01:47:48,558 [Worker-45: Building workspace] INFO  o.e.m.c.i.embedder.EclipseLogger - Using 'UTF-8' encoding to copy filtered resources.
2019-03-30 01:47:48,559 [Worker-45: Building workspace] INFO  o.e.m.c.i.embedder.EclipseLogger - skip non existing resourceDirectory D:\Java\Eclipse\DatConverter\converter.dat\src\main\resources
2019-03-30 01:47:48,560 [Worker-45: Building workspace] INFO  o.e.m.c.i.embedder.EclipseLogger - Using 'UTF-8' encoding to copy filtered resources.
2019-03-30 01:47:48,560 [Worker-45: Building workspace] INFO  o.e.m.c.i.embedder.EclipseLogger - skip non existing resourceDirectory D:\Java\Eclipse\DatConverter\converter.dat\src\test\resources
2019-03-30 01:48:33,092 [Worker-38: Building workspace] INFO  o.e.m.c.i.embedder.EclipseLogger - Using 'UTF-8' encoding to copy filtered resources.
2019-03-30 01:48:33,093 [Worker-38: Building workspace] INFO  o.e.m.c.i.embedder.EclipseLogger - skip non existing resourceDirectory D:\Java\Eclipse\DatConverter\converter.dat\src\main\resources
2019-03-30 01:48:33,095 [Worker-38: Building workspace] INFO  o.e.m.c.i.embedder.EclipseLogger - Using 'UTF-8' encoding to copy filtered resources.
2019-03-30 01:48:33,096 [Worker-38: Building workspace] INFO  o.e.m.c.i.embedder.EclipseLogger - skip non existing resourceDirectory D:\Java\Eclipse\DatConverter\converter.dat\src\test\resources
2019-03-30 01:48:43,302 [Worker-46: Building workspace] INFO  o.e.m.c.i.embedder.EclipseLogger - Using 'UTF-8' encoding to copy filtered resources.
2019-03-30 01:48:43,302 [Worker-46: Building workspace] INFO  o.e.m.c.i.embedder.EclipseLogger - skip non existing resourceDirectory D:\Java\Eclipse\DatConverter\converter.dat\src\main\resources
2019-03-30 01:48:43,303 [Worker-46: Building workspace] INFO  o.e.m.c.i.embedder.EclipseLogger - Using 'UTF-8' encoding to copy filtered resources.
2019-03-30 01:48:43,303 [Worker-46: Building workspace] INFO  o.e.m.c.i.embedder.EclipseLogger - skip non existing resourceDirectory D:\Java\Eclipse\DatConverter\converter.dat\src\test\resources
2019-03-30 01:48:49,931 [Worker-50: Building workspace] INFO  o.e.m.c.i.embedder.EclipseLogger - Using 'UTF-8' encoding to copy filtered resources.
2019-03-30 01:48:49,932 [Worker-50: Building workspace] INFO  o.e.m.c.i.embedder.EclipseLogger - skip non existing resourceDirectory D:\Java\Eclipse\DatConverter\converter.dat\src\main\resources
2019-03-30 01:48:49,933 [Worker-50: Building workspace] INFO  o.e.m.c.i.embedder.EclipseLogger - Using 'UTF-8' encoding to copy filtered resources.
2019-03-30 01:48:49,933 [Worker-50: Building workspace] INFO  o.e.m.c.i.embedder.EclipseLogger - skip non existing resourceDirectory D:\Java\Eclipse\DatConverter\converter.dat\src\test\resources
2019-03-30 01:48:56,828 [Worker-45: Building workspace] INFO  o.e.m.c.i.embedder.EclipseLogger - Using 'UTF-8' encoding to copy filtered resources.
2019-03-30 01:48:56,829 [Worker-45: Building workspace] INFO  o.e.m.c.i.embedder.EclipseLogger - skip non existing resourceDirectory D:\Java\Eclipse\DatConverter\converter.dat\src\main\resources
2019-03-30 01:48:56,830 [Worker-45: Building workspace] INFO  o.e.m.c.i.embedder.EclipseLogger - Using 'UTF-8' encoding to copy filtered resources.
2019-03-30 01:48:56,830 [Worker-45: Building workspace] INFO  o.e.m.c.i.embedder.EclipseLogger - skip non existing resourceDirectory D:\Java\Eclipse\DatConverter\converter.dat\src\test\resources
2019-03-30 01:50:05,875 [Worker-48: Building workspace] INFO  o.e.m.c.i.embedder.EclipseLogger - Using 'UTF-8' encoding to copy filtered resources.
2019-03-30 01:50:05,876 [Worker-48: Building workspace] INFO  o.e.m.c.i.embedder.EclipseLogger - skip non existing resourceDirectory D:\Java\Eclipse\DatConverter\converter.dat\src\main\resources
2019-03-30 01:50:05,878 [Worker-48: Building workspace] INFO  o.e.m.c.i.embedder.EclipseLogger - Using 'UTF-8' encoding to copy filtered resources.
2019-03-30 01:50:05,878 [Worker-48: Building workspace] INFO  o.e.m.c.i.embedder.EclipseLogger - skip non existing resourceDirectory D:\Java\Eclipse\DatConverter\converter.dat\src\test\resources
2019-03-30 01:50:45,149 [Worker-45: Building workspace] INFO  o.e.m.c.i.embedder.EclipseLogger - Using 'UTF-8' encoding to copy filtered resources.
2019-03-30 01:50:45,150 [Worker-45: Building workspace] INFO  o.e.m.c.i.embedder.EclipseLogger - skip non existing resourceDirectory D:\Java\Eclipse\DatConverter\converter.dat\src\main\resources
2019-03-30 01:50:45,152 [Worker-45: Building workspace] INFO  o.e.m.c.i.embedder.EclipseLogger - Using 'UTF-8' encoding to copy filtered resources.
2019-03-30 01:50:45,152 [Worker-45: Building workspace] INFO  o.e.m.c.i.embedder.EclipseLogger - skip non existing resourceDirectory D:\Java\Eclipse\DatConverter\converter.dat\src\test\resources
2019-03-30 01:51:17,384 [Worker-45: Building workspace] INFO  o.e.m.c.i.embedder.EclipseLogger - Using 'UTF-8' encoding to copy filtered resources.
2019-03-30 01:51:17,384 [Worker-45: Building workspace] INFO  o.e.m.c.i.embedder.EclipseLogger - skip non existing resourceDirectory D:\Java\Eclipse\DatConverter\converter.dat\src\main\resources
2019-03-30 01:51:17,386 [Worker-45: Building workspace] INFO  o.e.m.c.i.embedder.EclipseLogger - Using 'UTF-8' encoding to copy filtered resources.
2019-03-30 01:51:17,386 [Worker-45: Building workspace] INFO  o.e.m.c.i.embedder.EclipseLogger - skip non existing resourceDirectory D:\Java\Eclipse\DatConverter\converter.dat\src\test\resources
2019-03-30 01:52:01,704 [Worker-45: Building workspace] INFO  o.e.m.c.i.embedder.EclipseLogger - Using 'UTF-8' encoding to copy filtered resources.
2019-03-30 01:52:01,704 [Worker-45: Building workspace] INFO  o.e.m.c.i.embedder.EclipseLogger - skip non existing resourceDirectory D:\Java\Eclipse\DatConverter\converter.dat\src\main\resources
2019-03-30 01:52:01,706 [Worker-45: Building workspace] INFO  o.e.m.c.i.embedder.EclipseLogger - Using 'UTF-8' encoding to copy filtered resources.
2019-03-30 01:52:01,707 [Worker-45: Building workspace] INFO  o.e.m.c.i.embedder.EclipseLogger - skip non existing resourceDirectory D:\Java\Eclipse\DatConverter\converter.dat\src\test\resources
2019-03-30 01:52:12,290 [Worker-47: Building workspace] INFO  o.e.m.c.i.embedder.EclipseLogger - Using 'UTF-8' encoding to copy filtered resources.
2019-03-30 01:52:12,291 [Worker-47: Building workspace] INFO  o.e.m.c.i.embedder.EclipseLogger - skip non existing resourceDirectory D:\Java\Eclipse\DatConverter\converter.dat\src\main\resources
2019-03-30 01:52:12,293 [Worker-47: Building workspace] INFO  o.e.m.c.i.embedder.EclipseLogger - Using 'UTF-8' encoding to copy filtered resources.
2019-03-30 01:52:12,294 [Worker-47: Building workspace] INFO  o.e.m.c.i.embedder.EclipseLogger - skip non existing resourceDirectory D:\Java\Eclipse\DatConverter\converter.dat\src\test\resources
2019-03-30 01:52:21,683 [Worker-48: Building workspace] INFO  o.e.m.c.i.embedder.EclipseLogger - Using 'UTF-8' encoding to copy filtered resources.
2019-03-30 01:52:21,683 [Worker-48: Building workspace] INFO  o.e.m.c.i.embedder.EclipseLogger - skip non existing resourceDirectory D:\Java\Eclipse\DatConverter\converter.dat\src\main\resources
2019-03-30 01:52:21,684 [Worker-48: Building workspace] INFO  o.e.m.c.i.embedder.EclipseLogger - Using 'UTF-8' encoding to copy filtered resources.
2019-03-30 01:52:21,685 [Worker-48: Building workspace] INFO  o.e.m.c.i.embedder.EclipseLogger - skip non existing resourceDirectory D:\Java\Eclipse\DatConverter\converter.dat\src\test\resources
2019-03-30 01:52:37,741 [Worker-48: Building workspace] INFO  o.e.m.c.i.embedder.EclipseLogger - Using 'UTF-8' encoding to copy filtered resources.
2019-03-30 01:52:37,742 [Worker-48: Building workspace] INFO  o.e.m.c.i.embedder.EclipseLogger - skip non existing resourceDirectory D:\Java\Eclipse\DatConverter\converter.dat\src\main\resources
2019-03-30 01:52:37,743 [Worker-48: Building workspace] INFO  o.e.m.c.i.embedder.EclipseLogger - Using 'UTF-8' encoding to copy filtered resources.
2019-03-30 01:52:37,743 [Worker-48: Building workspace] INFO  o.e.m.c.i.embedder.EclipseLogger - skip non existing resourceDirectory D:\Java\Eclipse\DatConverter\converter.dat\src\test\resources
2019-03-30 01:52:47,927 [Worker-48: Building workspace] INFO  o.e.m.c.i.embedder.EclipseLogger - Using 'UTF-8' encoding to copy filtered resources.
2019-03-30 01:52:47,929 [Worker-48: Building workspace] INFO  o.e.m.c.i.embedder.EclipseLogger - skip non existing resourceDirectory D:\Java\Eclipse\DatConverter\converter.dat\src\main\resources
2019-03-30 01:52:47,943 [Worker-48: Building workspace] INFO  o.e.m.c.i.embedder.EclipseLogger - Using 'UTF-8' encoding to copy filtered resources.
2019-03-30 01:52:47,956 [Worker-48: Building workspace] INFO  o.e.m.c.i.embedder.EclipseLogger - skip non existing resourceDirectory D:\Java\Eclipse\DatConverter\converter.dat\src\test\resources
2019-03-30 01:54:49,837 [Worker-38: Building workspace] INFO  o.e.m.c.i.embedder.EclipseLogger - Using 'UTF-8' encoding to copy filtered resources.
2019-03-30 01:54:49,837 [Worker-38: Building workspace] INFO  o.e.m.c.i.embedder.EclipseLogger - skip non existing resourceDirectory D:\Java\Eclipse\DatConverter\converter.dat\src\main\resources
2019-03-30 01:54:49,839 [Worker-38: Building workspace] INFO  o.e.m.c.i.embedder.EclipseLogger - Using 'UTF-8' encoding to copy filtered resources.
2019-03-30 01:54:49,839 [Worker-38: Building workspace] INFO  o.e.m.c.i.embedder.EclipseLogger - skip non existing resourceDirectory D:\Java\Eclipse\DatConverter\converter.dat\src\test\resources
2019-03-30 01:54:57,618 [Worker-38: Building workspace] INFO  o.e.m.c.i.embedder.EclipseLogger - Using 'UTF-8' encoding to copy filtered resources.
2019-03-30 01:54:57,618 [Worker-38: Building workspace] INFO  o.e.m.c.i.embedder.EclipseLogger - skip non existing resourceDirectory D:\Java\Eclipse\DatConverter\converter.dat\src\main\resources
2019-03-30 01:54:57,619 [Worker-38: Building workspace] INFO  o.e.m.c.i.embedder.EclipseLogger - Using 'UTF-8' encoding to copy filtered resources.
2019-03-30 01:54:57,619 [Worker-38: Building workspace] INFO  o.e.m.c.i.embedder.EclipseLogger - skip non existing resourceDirectory D:\Java\Eclipse\DatConverter\converter.dat\src\test\resources
2019-03-30 01:55:01,610 [Worker-38: Building workspace] INFO  o.e.m.c.i.embedder.EclipseLogger - Using 'UTF-8' encoding to copy filtered resources.
2019-03-30 01:55:01,611 [Worker-38: Building workspace] INFO  o.e.m.c.i.embedder.EclipseLogger - skip non existing resourceDirectory D:\Java\Eclipse\DatConverter\converter.dat\src\main\resources
2019-03-30 01:55:01,612 [Worker-38: Building workspace] INFO  o.e.m.c.i.embedder.EclipseLogger - Using 'UTF-8' encoding to copy filtered resources.
2019-03-30 01:55:01,613 [Worker-38: Building workspace] INFO  o.e.m.c.i.embedder.EclipseLogger - skip non existing resourceDirectory D:\Java\Eclipse\DatConverter\converter.dat\src\test\resources
2019-03-30 01:55:07,633 [Worker-48: Building workspace] INFO  o.e.m.c.i.embedder.EclipseLogger - Using 'UTF-8' encoding to copy filtered resources.
2019-03-30 01:55:07,634 [Worker-48: Building workspace] INFO  o.e.m.c.i.embedder.EclipseLogger - skip non existing resourceDirectory D:\Java\Eclipse\DatConverter\converter.dat\src\main\resources
2019-03-30 01:55:07,635 [Worker-48: Building workspace] INFO  o.e.m.c.i.embedder.EclipseLogger - Using 'UTF-8' encoding to copy filtered resources.
2019-03-30 01:55:07,635 [Worker-48: Building workspace] INFO  o.e.m.c.i.embedder.EclipseLogger - skip non existing resourceDirectory D:\Java\Eclipse\DatConverter\converter.dat\src\test\resources
2019-03-30 01:55:09,880 [Worker-46: Building workspace] INFO  o.e.m.c.i.embedder.EclipseLogger - Using 'UTF-8' encoding to copy filtered resources.
2019-03-30 01:55:09,881 [Worker-46: Building workspace] INFO  o.e.m.c.i.embedder.EclipseLogger - skip non existing resourceDirectory D:\Java\Eclipse\DatConverter\converter.dat\src\main\resources
2019-03-30 01:55:09,882 [Worker-46: Building workspace] INFO  o.e.m.c.i.embedder.EclipseLogger - Using 'UTF-8' encoding to copy filtered resources.
2019-03-30 01:55:09,882 [Worker-46: Building workspace] INFO  o.e.m.c.i.embedder.EclipseLogger - skip non existing resourceDirectory D:\Java\Eclipse\DatConverter\converter.dat\src\test\resources
2019-03-30 01:55:20,450 [Worker-50: Building workspace] INFO  o.e.m.c.i.embedder.EclipseLogger - Using 'UTF-8' encoding to copy filtered resources.
2019-03-30 01:55:20,451 [Worker-50: Building workspace] INFO  o.e.m.c.i.embedder.EclipseLogger - skip non existing resourceDirectory D:\Java\Eclipse\DatConverter\converter.dat\src\main\resources
2019-03-30 01:55:20,452 [Worker-50: Building workspace] INFO  o.e.m.c.i.embedder.EclipseLogger - Using 'UTF-8' encoding to copy filtered resources.
2019-03-30 01:55:20,452 [Worker-50: Building workspace] INFO  o.e.m.c.i.embedder.EclipseLogger - skip non existing resourceDirectory D:\Java\Eclipse\DatConverter\converter.dat\src\test\resources
2019-03-30 01:55:34,036 [Worker-45: Building workspace] INFO  o.e.m.c.i.embedder.EclipseLogger - Using 'UTF-8' encoding to copy filtered resources.
2019-03-30 01:55:34,036 [Worker-45: Building workspace] INFO  o.e.m.c.i.embedder.EclipseLogger - skip non existing resourceDirectory D:\Java\Eclipse\DatConverter\converter.dat\src\main\resources
2019-03-30 01:55:34,038 [Worker-45: Building workspace] INFO  o.e.m.c.i.embedder.EclipseLogger - Using 'UTF-8' encoding to copy filtered resources.
2019-03-30 01:55:34,038 [Worker-45: Building workspace] INFO  o.e.m.c.i.embedder.EclipseLogger - skip non existing resourceDirectory D:\Java\Eclipse\DatConverter\converter.dat\src\test\resources
2019-03-30 01:56:25,053 [Worker-50: Building workspace] INFO  o.e.m.c.i.embedder.EclipseLogger - Using 'UTF-8' encoding to copy filtered resources.
2019-03-30 01:56:25,054 [Worker-50: Building workspace] INFO  o.e.m.c.i.embedder.EclipseLogger - skip non existing resourceDirectory D:\Java\Eclipse\DatConverter\converter.dat\src\main\resources
2019-03-30 01:56:25,055 [Worker-50: Building workspace] INFO  o.e.m.c.i.embedder.EclipseLogger - Using 'UTF-8' encoding to copy filtered resources.
2019-03-30 01:56:25,055 [Worker-50: Building workspace] INFO  o.e.m.c.i.embedder.EclipseLogger - skip non existing resourceDirectory D:\Java\Eclipse\DatConverter\converter.dat\src\test\resources
2019-03-30 01:56:33,460 [Worker-48: Building workspace] INFO  o.e.m.c.i.embedder.EclipseLogger - Using 'UTF-8' encoding to copy filtered resources.
2019-03-30 01:56:33,461 [Worker-48: Building workspace] INFO  o.e.m.c.i.embedder.EclipseLogger - skip non existing resourceDirectory D:\Java\Eclipse\DatConverter\converter.dat\src\main\resources
2019-03-30 01:56:33,462 [Worker-48: Building workspace] INFO  o.e.m.c.i.embedder.EclipseLogger - Using 'UTF-8' encoding to copy filtered resources.
2019-03-30 01:56:33,462 [Worker-48: Building workspace] INFO  o.e.m.c.i.embedder.EclipseLogger - skip non existing resourceDirectory D:\Java\Eclipse\DatConverter\converter.dat\src\test\resources
2019-03-30 01:57:33,718 [Worker-45: Building workspace] INFO  o.e.m.c.i.embedder.EclipseLogger - Using 'UTF-8' encoding to copy filtered resources.
2019-03-30 01:57:33,719 [Worker-45: Building workspace] INFO  o.e.m.c.i.embedder.EclipseLogger - skip non existing resourceDirectory D:\Java\Eclipse\DatConverter\converter.dat\src\main\resources
2019-03-30 01:57:33,720 [Worker-45: Building workspace] INFO  o.e.m.c.i.embedder.EclipseLogger - Using 'UTF-8' encoding to copy filtered resources.
2019-03-30 01:57:33,720 [Worker-45: Building workspace] INFO  o.e.m.c.i.embedder.EclipseLogger - skip non existing resourceDirectory D:\Java\Eclipse\DatConverter\converter.dat\src\test\resources
2019-03-30 01:57:46,529 [Worker-45: Building workspace] INFO  o.e.m.c.i.embedder.EclipseLogger - Using 'UTF-8' encoding to copy filtered resources.
2019-03-30 01:57:46,530 [Worker-45: Building workspace] INFO  o.e.m.c.i.embedder.EclipseLogger - skip non existing resourceDirectory D:\Java\Eclipse\DatConverter\converter.dat\src\main\resources
2019-03-30 01:57:46,531 [Worker-45: Building workspace] INFO  o.e.m.c.i.embedder.EclipseLogger - Using 'UTF-8' encoding to copy filtered resources.
2019-03-30 01:57:46,531 [Worker-45: Building workspace] INFO  o.e.m.c.i.embedder.EclipseLogger - skip non existing resourceDirectory D:\Java\Eclipse\DatConverter\converter.dat\src\test\resources
2019-03-30 01:58:12,361 [Worker-38: Building workspace] INFO  o.e.m.c.i.embedder.EclipseLogger - Using 'UTF-8' encoding to copy filtered resources.
2019-03-30 01:58:12,361 [Worker-38: Building workspace] INFO  o.e.m.c.i.embedder.EclipseLogger - skip non existing resourceDirectory D:\Java\Eclipse\DatConverter\converter.dat\src\main\resources
2019-03-30 01:58:12,362 [Worker-38: Building workspace] INFO  o.e.m.c.i.embedder.EclipseLogger - Using 'UTF-8' encoding to copy filtered resources.
2019-03-30 01:58:12,362 [Worker-38: Building workspace] INFO  o.e.m.c.i.embedder.EclipseLogger - skip non existing resourceDirectory D:\Java\Eclipse\DatConverter\converter.dat\src\test\resources
2019-03-30 01:58:15,956 [Worker-48: Building workspace] INFO  o.e.m.c.i.embedder.EclipseLogger - Using 'UTF-8' encoding to copy filtered resources.
2019-03-30 01:58:15,957 [Worker-48: Building workspace] INFO  o.e.m.c.i.embedder.EclipseLogger - skip non existing resourceDirectory D:\Java\Eclipse\DatConverter\converter.dat\src\main\resources
2019-03-30 01:58:15,958 [Worker-48: Building workspace] INFO  o.e.m.c.i.embedder.EclipseLogger - Using 'UTF-8' encoding to copy filtered resources.
2019-03-30 01:58:15,959 [Worker-48: Building workspace] INFO  o.e.m.c.i.embedder.EclipseLogger - skip non existing resourceDirectory D:\Java\Eclipse\DatConverter\converter.dat\src\test\resources
2019-03-30 01:58:39,994 [Worker-52: Building workspace] INFO  o.e.m.c.i.embedder.EclipseLogger - Using 'UTF-8' encoding to copy filtered resources.
2019-03-30 01:58:39,995 [Worker-52: Building workspace] INFO  o.e.m.c.i.embedder.EclipseLogger - skip non existing resourceDirectory D:\Java\Eclipse\DatConverter\converter.dat\src\main\resources
2019-03-30 01:58:39,996 [Worker-52: Building workspace] INFO  o.e.m.c.i.embedder.EclipseLogger - Using 'UTF-8' encoding to copy filtered resources.
2019-03-30 01:58:39,996 [Worker-52: Building workspace] INFO  o.e.m.c.i.embedder.EclipseLogger - skip non existing resourceDirectory D:\Java\Eclipse\DatConverter\converter.dat\src\test\resources
2019-03-30 01:58:50,492 [Worker-52: Building workspace] INFO  o.e.m.c.i.embedder.EclipseLogger - Using 'UTF-8' encoding to copy filtered resources.
2019-03-30 01:58:50,492 [Worker-52: Building workspace] INFO  o.e.m.c.i.embedder.EclipseLogger - skip non existing resourceDirectory D:\Java\Eclipse\DatConverter\converter.dat\src\main\resources
2019-03-30 01:58:50,494 [Worker-52: Building workspace] INFO  o.e.m.c.i.embedder.EclipseLogger - Using 'UTF-8' encoding to copy filtered resources.
2019-03-30 01:58:50,494 [Worker-52: Building workspace] INFO  o.e.m.c.i.embedder.EclipseLogger - skip non existing resourceDirectory D:\Java\Eclipse\DatConverter\converter.dat\src\test\resources
2019-03-30 01:59:29,252 [Worker-48: Building workspace] INFO  o.e.m.c.i.embedder.EclipseLogger - Using 'UTF-8' encoding to copy filtered resources.
2019-03-30 01:59:29,253 [Worker-48: Building workspace] INFO  o.e.m.c.i.embedder.EclipseLogger - skip non existing resourceDirectory D:\Java\Eclipse\DatConverter\converter.dat\src\main\resources
2019-03-30 01:59:29,254 [Worker-48: Building workspace] INFO  o.e.m.c.i.embedder.EclipseLogger - Using 'UTF-8' encoding to copy filtered resources.
2019-03-30 01:59:29,254 [Worker-48: Building workspace] INFO  o.e.m.c.i.embedder.EclipseLogger - skip non existing resourceDirectory D:\Java\Eclipse\DatConverter\converter.dat\src\test\resources
2019-03-30 01:59:32,102 [Worker-45: Building workspace] INFO  o.e.m.c.i.embedder.EclipseLogger - Using 'UTF-8' encoding to copy filtered resources.
2019-03-30 01:59:32,102 [Worker-45: Building workspace] INFO  o.e.m.c.i.embedder.EclipseLogger - skip non existing resourceDirectory D:\Java\Eclipse\DatConverter\converter.dat\src\main\resources
2019-03-30 01:59:32,104 [Worker-45: Building workspace] INFO  o.e.m.c.i.embedder.EclipseLogger - Using 'UTF-8' encoding to copy filtered resources.
2019-03-30 01:59:32,104 [Worker-45: Building workspace] INFO  o.e.m.c.i.embedder.EclipseLogger - skip non existing resourceDirectory D:\Java\Eclipse\DatConverter\converter.dat\src\test\resources
2019-03-30 02:01:17,193 [Worker-48: Building workspace] INFO  o.e.m.c.i.embedder.EclipseLogger - Using 'UTF-8' encoding to copy filtered resources.
2019-03-30 02:01:17,193 [Worker-48: Building workspace] INFO  o.e.m.c.i.embedder.EclipseLogger - skip non existing resourceDirectory D:\Java\Eclipse\DatConverter\converter.dat\src\main\resources
2019-03-30 02:01:17,195 [Worker-48: Building workspace] INFO  o.e.m.c.i.embedder.EclipseLogger - Using 'UTF-8' encoding to copy filtered resources.
2019-03-30 02:01:17,195 [Worker-48: Building workspace] INFO  o.e.m.c.i.embedder.EclipseLogger - skip non existing resourceDirectory D:\Java\Eclipse\DatConverter\converter.dat\src\test\resources
2019-03-30 02:01:36,338 [Worker-52: Building workspace] INFO  o.e.m.c.i.embedder.EclipseLogger - Using 'UTF-8' encoding to copy filtered resources.
2019-03-30 02:01:36,339 [Worker-52: Building workspace] INFO  o.e.m.c.i.embedder.EclipseLogger - skip non existing resourceDirectory D:\Java\Eclipse\DatConverter\converter.dat\src\main\resources
2019-03-30 02:01:36,340 [Worker-52: Building workspace] INFO  o.e.m.c.i.embedder.EclipseLogger - Using 'UTF-8' encoding to copy filtered resources.
2019-03-30 02:01:36,340 [Worker-52: Building workspace] INFO  o.e.m.c.i.embedder.EclipseLogger - skip non existing resourceDirectory D:\Java\Eclipse\DatConverter\converter.dat\src\test\resources
2019-03-30 02:01:59,884 [Worker-45: Building workspace] INFO  o.e.m.c.i.embedder.EclipseLogger - Using 'UTF-8' encoding to copy filtered resources.
2019-03-30 02:01:59,884 [Worker-45: Building workspace] INFO  o.e.m.c.i.embedder.EclipseLogger - skip non existing resourceDirectory D:\Java\Eclipse\DatConverter\converter.dat\src\main\resources
2019-03-30 02:01:59,887 [Worker-45: Building workspace] INFO  o.e.m.c.i.embedder.EclipseLogger - Using 'UTF-8' encoding to copy filtered resources.
2019-03-30 02:01:59,888 [Worker-45: Building workspace] INFO  o.e.m.c.i.embedder.EclipseLogger - skip non existing resourceDirectory D:\Java\Eclipse\DatConverter\converter.dat\src\test\resources
2019-03-30 02:02:04,627 [Worker-47: Building workspace] INFO  o.e.m.c.i.embedder.EclipseLogger - Using 'UTF-8' encoding to copy filtered resources.
2019-03-30 02:02:04,628 [Worker-47: Building workspace] INFO  o.e.m.c.i.embedder.EclipseLogger - skip non existing resourceDirectory D:\Java\Eclipse\DatConverter\converter.dat\src\main\resources
2019-03-30 02:02:04,629 [Worker-47: Building workspace] INFO  o.e.m.c.i.embedder.EclipseLogger - Using 'UTF-8' encoding to copy filtered resources.
2019-03-30 02:02:04,630 [Worker-47: Building workspace] INFO  o.e.m.c.i.embedder.EclipseLogger - skip non existing resourceDirectory D:\Java\Eclipse\DatConverter\converter.dat\src\test\resources
2019-03-30 02:02:13,262 [Worker-30: Building workspace] INFO  o.e.m.c.i.embedder.EclipseLogger - Using 'UTF-8' encoding to copy filtered resources.
2019-03-30 02:02:13,262 [Worker-30: Building workspace] INFO  o.e.m.c.i.embedder.EclipseLogger - skip non existing resourceDirectory D:\Java\Eclipse\DatConverter\converter.dat\src\main\resources
2019-03-30 02:02:13,263 [Worker-30: Building workspace] INFO  o.e.m.c.i.embedder.EclipseLogger - Using 'UTF-8' encoding to copy filtered resources.
2019-03-30 02:02:13,263 [Worker-30: Building workspace] INFO  o.e.m.c.i.embedder.EclipseLogger - skip non existing resourceDirectory D:\Java\Eclipse\DatConverter\converter.dat\src\test\resources
2019-03-30 02:03:03,068 [Worker-48: Building workspace] INFO  o.e.m.c.i.embedder.EclipseLogger - Using 'UTF-8' encoding to copy filtered resources.
2019-03-30 02:03:03,069 [Worker-48: Building workspace] INFO  o.e.m.c.i.embedder.EclipseLogger - skip non existing resourceDirectory D:\Java\Eclipse\DatConverter\converter.dat\src\main\resources
2019-03-30 02:03:03,071 [Worker-48: Building workspace] INFO  o.e.m.c.i.embedder.EclipseLogger - Using 'UTF-8' encoding to copy filtered resources.
2019-03-30 02:03:03,071 [Worker-48: Building workspace] INFO  o.e.m.c.i.embedder.EclipseLogger - skip non existing resourceDirectory D:\Java\Eclipse\DatConverter\converter.dat\src\test\resources
2019-03-30 02:03:59,594 [Worker-48: Building workspace] INFO  o.e.m.c.i.embedder.EclipseLogger - Using 'UTF-8' encoding to copy filtered resources.
2019-03-30 02:03:59,594 [Worker-48: Building workspace] INFO  o.e.m.c.i.embedder.EclipseLogger - skip non existing resourceDirectory D:\Java\Eclipse\DatConverter\converter.dat\src\main\resources
2019-03-30 02:03:59,595 [Worker-48: Building workspace] INFO  o.e.m.c.i.embedder.EclipseLogger - Using 'UTF-8' encoding to copy filtered resources.
2019-03-30 02:03:59,596 [Worker-48: Building workspace] INFO  o.e.m.c.i.embedder.EclipseLogger - skip non existing resourceDirectory D:\Java\Eclipse\DatConverter\converter.dat\src\test\resources
2019-03-30 02:04:05,544 [Worker-45: Building workspace] INFO  o.e.m.c.i.embedder.EclipseLogger - Using 'UTF-8' encoding to copy filtered resources.
2019-03-30 02:04:05,545 [Worker-45: Building workspace] INFO  o.e.m.c.i.embedder.EclipseLogger - skip non existing resourceDirectory D:\Java\Eclipse\DatConverter\converter.dat\src\main\resources
2019-03-30 02:04:05,546 [Worker-45: Building workspace] INFO  o.e.m.c.i.embedder.EclipseLogger - Using 'UTF-8' encoding to copy filtered resources.
2019-03-30 02:04:05,546 [Worker-45: Building workspace] INFO  o.e.m.c.i.embedder.EclipseLogger - skip non existing resourceDirectory D:\Java\Eclipse\DatConverter\converter.dat\src\test\resources
2019-03-30 02:04:12,211 [Worker-38: Building workspace] INFO  o.e.m.c.i.embedder.EclipseLogger - Using 'UTF-8' encoding to copy filtered resources.
2019-03-30 02:04:12,211 [Worker-38: Building workspace] INFO  o.e.m.c.i.embedder.EclipseLogger - skip non existing resourceDirectory D:\Java\Eclipse\DatConverter\converter.dat\src\main\resources
2019-03-30 02:04:12,212 [Worker-38: Building workspace] INFO  o.e.m.c.i.embedder.EclipseLogger - Using 'UTF-8' encoding to copy filtered resources.
2019-03-30 02:04:12,213 [Worker-38: Building workspace] INFO  o.e.m.c.i.embedder.EclipseLogger - skip non existing resourceDirectory D:\Java\Eclipse\DatConverter\converter.dat\src\test\resources
2019-03-30 02:04:51,471 [Worker-52: Building workspace] INFO  o.e.m.c.i.embedder.EclipseLogger - Using 'UTF-8' encoding to copy filtered resources.
2019-03-30 02:04:51,472 [Worker-52: Building workspace] INFO  o.e.m.c.i.embedder.EclipseLogger - skip non existing resourceDirectory D:\Java\Eclipse\DatConverter\converter.dat\src\main\resources
2019-03-30 02:04:51,473 [Worker-52: Building workspace] INFO  o.e.m.c.i.embedder.EclipseLogger - Using 'UTF-8' encoding to copy filtered resources.
2019-03-30 02:04:51,473 [Worker-52: Building workspace] INFO  o.e.m.c.i.embedder.EclipseLogger - skip non existing resourceDirectory D:\Java\Eclipse\DatConverter\converter.dat\src\test\resources
2019-03-30 02:05:13,798 [Worker-45: Building workspace] INFO  o.e.m.c.i.embedder.EclipseLogger - Using 'UTF-8' encoding to copy filtered resources.
2019-03-30 02:05:13,798 [Worker-45: Building workspace] INFO  o.e.m.c.i.embedder.EclipseLogger - skip non existing resourceDirectory D:\Java\Eclipse\DatConverter\converter.dat\src\main\resources
2019-03-30 02:05:13,800 [Worker-45: Building workspace] INFO  o.e.m.c.i.embedder.EclipseLogger - Using 'UTF-8' encoding to copy filtered resources.
2019-03-30 02:05:13,801 [Worker-45: Building workspace] INFO  o.e.m.c.i.embedder.EclipseLogger - skip non existing resourceDirectory D:\Java\Eclipse\DatConverter\converter.dat\src\test\resources
2019-03-30 02:05:19,926 [Worker-46: Building workspace] INFO  o.e.m.c.i.embedder.EclipseLogger - Using 'UTF-8' encoding to copy filtered resources.
2019-03-30 02:05:19,927 [Worker-46: Building workspace] INFO  o.e.m.c.i.embedder.EclipseLogger - skip non existing resourceDirectory D:\Java\Eclipse\DatConverter\converter.dat\src\main\resources
2019-03-30 02:05:19,928 [Worker-46: Building workspace] INFO  o.e.m.c.i.embedder.EclipseLogger - Using 'UTF-8' encoding to copy filtered resources.
2019-03-30 02:05:19,928 [Worker-46: Building workspace] INFO  o.e.m.c.i.embedder.EclipseLogger - skip non existing resourceDirectory D:\Java\Eclipse\DatConverter\converter.dat\src\test\resources
2019-03-30 02:06:03,785 [Worker-52: Building workspace] INFO  o.e.m.c.i.embedder.EclipseLogger - Using 'UTF-8' encoding to copy filtered resources.
2019-03-30 02:06:03,786 [Worker-52: Building workspace] INFO  o.e.m.c.i.embedder.EclipseLogger - skip non existing resourceDirectory D:\Java\Eclipse\DatConverter\converter.dat\src\main\resources
2019-03-30 02:06:03,787 [Worker-52: Building workspace] INFO  o.e.m.c.i.embedder.EclipseLogger - Using 'UTF-8' encoding to copy filtered resources.
2019-03-30 02:06:03,787 [Worker-52: Building workspace] INFO  o.e.m.c.i.embedder.EclipseLogger - skip non existing resourceDirectory D:\Java\Eclipse\DatConverter\converter.dat\src\test\resources
2019-03-30 02:06:06,090 [Worker-45: Building workspace] INFO  o.e.m.c.i.embedder.EclipseLogger - Using 'UTF-8' encoding to copy filtered resources.
2019-03-30 02:06:06,090 [Worker-45: Building workspace] INFO  o.e.m.c.i.embedder.EclipseLogger - skip non existing resourceDirectory D:\Java\Eclipse\DatConverter\converter.dat\src\main\resources
2019-03-30 02:06:06,091 [Worker-45: Building workspace] INFO  o.e.m.c.i.embedder.EclipseLogger - Using 'UTF-8' encoding to copy filtered resources.
2019-03-30 02:06:06,092 [Worker-45: Building workspace] INFO  o.e.m.c.i.embedder.EclipseLogger - skip non existing resourceDirectory D:\Java\Eclipse\DatConverter\converter.dat\src\test\resources
2019-03-30 02:06:13,215 [Worker-45: Building workspace] INFO  o.e.m.c.i.embedder.EclipseLogger - Using 'UTF-8' encoding to copy filtered resources.
2019-03-30 02:06:13,216 [Worker-45: Building workspace] INFO  o.e.m.c.i.embedder.EclipseLogger - skip non existing resourceDirectory D:\Java\Eclipse\DatConverter\converter.dat\src\main\resources
2019-03-30 02:06:13,217 [Worker-45: Building workspace] INFO  o.e.m.c.i.embedder.EclipseLogger - Using 'UTF-8' encoding to copy filtered resources.
2019-03-30 02:06:13,217 [Worker-45: Building workspace] INFO  o.e.m.c.i.embedder.EclipseLogger - skip non existing resourceDirectory D:\Java\Eclipse\DatConverter\converter.dat\src\test\resources
2019-03-30 02:09:08,228 [Worker-52: Building workspace] INFO  o.e.m.c.i.embedder.EclipseLogger - Using 'UTF-8' encoding to copy filtered resources.
2019-03-30 02:09:08,229 [Worker-52: Building workspace] INFO  o.e.m.c.i.embedder.EclipseLogger - skip non existing resourceDirectory D:\Java\Eclipse\DatConverter\converter.dat\src\main\resources
2019-03-30 02:09:08,230 [Worker-52: Building workspace] INFO  o.e.m.c.i.embedder.EclipseLogger - Using 'UTF-8' encoding to copy filtered resources.
2019-03-30 02:09:08,231 [Worker-52: Building workspace] INFO  o.e.m.c.i.embedder.EclipseLogger - skip non existing resourceDirectory D:\Java\Eclipse\DatConverter\converter.dat\src\test\resources
2019-03-30 02:09:25,410 [Worker-48: Building workspace] INFO  o.e.m.c.i.embedder.EclipseLogger - Using 'UTF-8' encoding to copy filtered resources.
2019-03-30 02:09:25,411 [Worker-48: Building workspace] INFO  o.e.m.c.i.embedder.EclipseLogger - skip non existing resourceDirectory D:\Java\Eclipse\DatConverter\converter.dat\src\main\resources
2019-03-30 02:09:25,413 [Worker-48: Building workspace] INFO  o.e.m.c.i.embedder.EclipseLogger - Using 'UTF-8' encoding to copy filtered resources.
2019-03-30 02:09:25,413 [Worker-48: Building workspace] INFO  o.e.m.c.i.embedder.EclipseLogger - skip non existing resourceDirectory D:\Java\Eclipse\DatConverter\converter.dat\src\test\resources
2019-03-30 02:09:30,948 [Worker-52: Building workspace] INFO  o.e.m.c.i.embedder.EclipseLogger - Using 'UTF-8' encoding to copy filtered resources.
2019-03-30 02:09:30,948 [Worker-52: Building workspace] INFO  o.e.m.c.i.embedder.EclipseLogger - skip non existing resourceDirectory D:\Java\Eclipse\DatConverter\converter.dat\src\main\resources
2019-03-30 02:09:30,950 [Worker-52: Building workspace] INFO  o.e.m.c.i.embedder.EclipseLogger - Using 'UTF-8' encoding to copy filtered resources.
2019-03-30 02:09:30,950 [Worker-52: Building workspace] INFO  o.e.m.c.i.embedder.EclipseLogger - skip non existing resourceDirectory D:\Java\Eclipse\DatConverter\converter.dat\src\test\resources
2019-03-30 02:10:04,654 [Worker-38: Building workspace] INFO  o.e.m.c.i.embedder.EclipseLogger - Using 'UTF-8' encoding to copy filtered resources.
2019-03-30 02:10:04,655 [Worker-38: Building workspace] INFO  o.e.m.c.i.embedder.EclipseLogger - skip non existing resourceDirectory D:\Java\Eclipse\DatConverter\converter.dat\src\main\resources
2019-03-30 02:10:04,656 [Worker-38: Building workspace] INFO  o.e.m.c.i.embedder.EclipseLogger - Using 'UTF-8' encoding to copy filtered resources.
2019-03-30 02:10:04,656 [Worker-38: Building workspace] INFO  o.e.m.c.i.embedder.EclipseLogger - skip non existing resourceDirectory D:\Java\Eclipse\DatConverter\converter.dat\src\test\resources
2019-03-30 02:10:17,812 [Worker-52: Building workspace] INFO  o.e.m.c.i.embedder.EclipseLogger - Using 'UTF-8' encoding to copy filtered resources.
2019-03-30 02:10:17,813 [Worker-52: Building workspace] INFO  o.e.m.c.i.embedder.EclipseLogger - skip non existing resourceDirectory D:\Java\Eclipse\DatConverter\converter.dat\src\main\resources
2019-03-30 02:10:17,815 [Worker-52: Building workspace] INFO  o.e.m.c.i.embedder.EclipseLogger - Using 'UTF-8' encoding to copy filtered resources.
2019-03-30 02:10:17,815 [Worker-52: Building workspace] INFO  o.e.m.c.i.embedder.EclipseLogger - skip non existing resourceDirectory D:\Java\Eclipse\DatConverter\converter.dat\src\test\resources
2019-03-30 02:11:10,807 [Worker-52: Building workspace] INFO  o.e.m.c.i.embedder.EclipseLogger - Using 'UTF-8' encoding to copy filtered resources.
2019-03-30 02:11:10,808 [Worker-52: Building workspace] INFO  o.e.m.c.i.embedder.EclipseLogger - skip non existing resourceDirectory D:\Java\Eclipse\DatConverter\converter.dat\src\main\resources
2019-03-30 02:11:10,809 [Worker-52: Building workspace] INFO  o.e.m.c.i.embedder.EclipseLogger - Using 'UTF-8' encoding to copy filtered resources.
2019-03-30 02:11:10,810 [Worker-52: Building workspace] INFO  o.e.m.c.i.embedder.EclipseLogger - skip non existing resourceDirectory D:\Java\Eclipse\DatConverter\converter.dat\src\test\resources
2019-03-30 02:11:31,416 [Worker-53: Building workspace] INFO  o.e.m.c.i.embedder.EclipseLogger - Using 'UTF-8' encoding to copy filtered resources.
2019-03-30 02:11:31,417 [Worker-53: Building workspace] INFO  o.e.m.c.i.embedder.EclipseLogger - skip non existing resourceDirectory D:\Java\Eclipse\DatConverter\converter.dat\src\main\resources
2019-03-30 02:11:31,418 [Worker-53: Building workspace] INFO  o.e.m.c.i.embedder.EclipseLogger - Using 'UTF-8' encoding to copy filtered resources.
2019-03-30 02:11:31,418 [Worker-53: Building workspace] INFO  o.e.m.c.i.embedder.EclipseLogger - skip non existing resourceDirectory D:\Java\Eclipse\DatConverter\converter.dat\src\test\resources
2019-03-30 02:13:23,932 [Worker-50: Building workspace] INFO  o.e.m.c.i.embedder.EclipseLogger - Using 'UTF-8' encoding to copy filtered resources.
2019-03-30 02:13:23,932 [Worker-50: Building workspace] INFO  o.e.m.c.i.embedder.EclipseLogger - skip non existing resourceDirectory D:\Java\Eclipse\DatConverter\converter.dat\src\main\resources
2019-03-30 02:13:23,933 [Worker-50: Building workspace] INFO  o.e.m.c.i.embedder.EclipseLogger - Using 'UTF-8' encoding to copy filtered resources.
2019-03-30 02:13:23,933 [Worker-50: Building workspace] INFO  o.e.m.c.i.embedder.EclipseLogger - skip non existing resourceDirectory D:\Java\Eclipse\DatConverter\converter.dat\src\test\resources
2019-03-30 02:13:55,027 [Worker-53: Building workspace] INFO  o.e.m.c.i.embedder.EclipseLogger - Using 'UTF-8' encoding to copy filtered resources.
2019-03-30 02:13:55,028 [Worker-53: Building workspace] INFO  o.e.m.c.i.embedder.EclipseLogger - skip non existing resourceDirectory D:\Java\Eclipse\DatConverter\converter.dat\src\main\resources
2019-03-30 02:13:55,029 [Worker-53: Building workspace] INFO  o.e.m.c.i.embedder.EclipseLogger - Using 'UTF-8' encoding to copy filtered resources.
2019-03-30 02:13:55,030 [Worker-53: Building workspace] INFO  o.e.m.c.i.embedder.EclipseLogger - skip non existing resourceDirectory D:\Java\Eclipse\DatConverter\converter.dat\src\test\resources
2019-03-30 02:14:02,369 [Worker-30: Building workspace] INFO  o.e.m.c.i.embedder.EclipseLogger - Using 'UTF-8' encoding to copy filtered resources.
2019-03-30 02:14:02,370 [Worker-30: Building workspace] INFO  o.e.m.c.i.embedder.EclipseLogger - skip non existing resourceDirectory D:\Java\Eclipse\DatConverter\converter.dat\src\main\resources
2019-03-30 02:14:02,371 [Worker-30: Building workspace] INFO  o.e.m.c.i.embedder.EclipseLogger - Using 'UTF-8' encoding to copy filtered resources.
2019-03-30 02:14:02,371 [Worker-30: Building workspace] INFO  o.e.m.c.i.embedder.EclipseLogger - skip non existing resourceDirectory D:\Java\Eclipse\DatConverter\converter.dat\src\test\resources
2019-03-30 02:14:09,562 [Worker-48: Building workspace] INFO  o.e.m.c.i.embedder.EclipseLogger - Using 'UTF-8' encoding to copy filtered resources.
2019-03-30 02:14:09,563 [Worker-48: Building workspace] INFO  o.e.m.c.i.embedder.EclipseLogger - skip non existing resourceDirectory D:\Java\Eclipse\DatConverter\converter.dat\src\main\resources
2019-03-30 02:14:09,564 [Worker-48: Building workspace] INFO  o.e.m.c.i.embedder.EclipseLogger - Using 'UTF-8' encoding to copy filtered resources.
2019-03-30 02:14:09,564 [Worker-48: Building workspace] INFO  o.e.m.c.i.embedder.EclipseLogger - skip non existing resourceDirectory D:\Java\Eclipse\DatConverter\converter.dat\src\test\resources
2019-03-30 02:15:18,846 [Worker-48: Building workspace] INFO  o.e.m.c.i.embedder.EclipseLogger - Using 'UTF-8' encoding to copy filtered resources.
2019-03-30 02:15:18,847 [Worker-48: Building workspace] INFO  o.e.m.c.i.embedder.EclipseLogger - skip non existing resourceDirectory D:\Java\Eclipse\DatConverter\converter.dat\src\main\resources
2019-03-30 02:15:18,848 [Worker-48: Building workspace] INFO  o.e.m.c.i.embedder.EclipseLogger - Using 'UTF-8' encoding to copy filtered resources.
2019-03-30 02:15:18,848 [Worker-48: Building workspace] INFO  o.e.m.c.i.embedder.EclipseLogger - skip non existing resourceDirectory D:\Java\Eclipse\DatConverter\converter.dat\src\test\resources
2019-03-30 02:16:48,703 [Worker-53: Building workspace] INFO  o.e.m.c.i.embedder.EclipseLogger - Using 'UTF-8' encoding to copy filtered resources.
2019-03-30 02:16:48,704 [Worker-53: Building workspace] INFO  o.e.m.c.i.embedder.EclipseLogger - skip non existing resourceDirectory D:\Java\Eclipse\DatConverter\converter.dat\src\main\resources
2019-03-30 02:16:48,706 [Worker-53: Building workspace] INFO  o.e.m.c.i.embedder.EclipseLogger - Using 'UTF-8' encoding to copy filtered resources.
2019-03-30 02:16:48,707 [Worker-53: Building workspace] INFO  o.e.m.c.i.embedder.EclipseLogger - skip non existing resourceDirectory D:\Java\Eclipse\DatConverter\converter.dat\src\test\resources
2019-03-30 02:16:51,261 [Worker-48: Building workspace] INFO  o.e.m.c.i.embedder.EclipseLogger - Using 'UTF-8' encoding to copy filtered resources.
2019-03-30 02:16:51,261 [Worker-48: Building workspace] INFO  o.e.m.c.i.embedder.EclipseLogger - skip non existing resourceDirectory D:\Java\Eclipse\DatConverter\converter.dat\src\main\resources
2019-03-30 02:16:51,262 [Worker-48: Building workspace] INFO  o.e.m.c.i.embedder.EclipseLogger - Using 'UTF-8' encoding to copy filtered resources.
2019-03-30 02:16:51,263 [Worker-48: Building workspace] INFO  o.e.m.c.i.embedder.EclipseLogger - skip non existing resourceDirectory D:\Java\Eclipse\DatConverter\converter.dat\src\test\resources
2019-03-30 02:17:13,225 [Worker-48: Building workspace] INFO  o.e.m.c.i.embedder.EclipseLogger - Using 'UTF-8' encoding to copy filtered resources.
2019-03-30 02:17:13,226 [Worker-48: Building workspace] INFO  o.e.m.c.i.embedder.EclipseLogger - skip non existing resourceDirectory D:\Java\Eclipse\DatConverter\converter.dat\src\main\resources
2019-03-30 02:17:13,226 [Worker-48: Building workspace] INFO  o.e.m.c.i.embedder.EclipseLogger - Using 'UTF-8' encoding to copy filtered resources.
2019-03-30 02:17:13,227 [Worker-48: Building workspace] INFO  o.e.m.c.i.embedder.EclipseLogger - skip non existing resourceDirectory D:\Java\Eclipse\DatConverter\converter.dat\src\test\resources
2019-03-30 02:18:02,664 [Worker-48: Building workspace] INFO  o.e.m.c.i.embedder.EclipseLogger - Using 'UTF-8' encoding to copy filtered resources.
2019-03-30 02:18:02,664 [Worker-48: Building workspace] INFO  o.e.m.c.i.embedder.EclipseLogger - skip non existing resourceDirectory D:\Java\Eclipse\DatConverter\converter.dat\src\main\resources
2019-03-30 02:18:02,665 [Worker-48: Building workspace] INFO  o.e.m.c.i.embedder.EclipseLogger - Using 'UTF-8' encoding to copy filtered resources.
2019-03-30 02:18:02,666 [Worker-48: Building workspace] INFO  o.e.m.c.i.embedder.EclipseLogger - skip non existing resourceDirectory D:\Java\Eclipse\DatConverter\converter.dat\src\test\resources
2019-03-30 02:18:33,885 [Worker-54: Building workspace] INFO  o.e.m.c.i.embedder.EclipseLogger - Using 'UTF-8' encoding to copy filtered resources.
2019-03-30 02:18:33,886 [Worker-54: Building workspace] INFO  o.e.m.c.i.embedder.EclipseLogger - skip non existing resourceDirectory D:\Java\Eclipse\DatConverter\converter.dat\src\main\resources
2019-03-30 02:18:33,887 [Worker-54: Building workspace] INFO  o.e.m.c.i.embedder.EclipseLogger - Using 'UTF-8' encoding to copy filtered resources.
2019-03-30 02:18:33,887 [Worker-54: Building workspace] INFO  o.e.m.c.i.embedder.EclipseLogger - skip non existing resourceDirectory D:\Java\Eclipse\DatConverter\converter.dat\src\test\resources
2019-03-30 02:18:37,519 [Worker-54: Building workspace] INFO  o.e.m.c.i.embedder.EclipseLogger - Using 'UTF-8' encoding to copy filtered resources.
2019-03-30 02:18:37,519 [Worker-54: Building workspace] INFO  o.e.m.c.i.embedder.EclipseLogger - skip non existing resourceDirectory D:\Java\Eclipse\DatConverter\converter.dat\src\main\resources
2019-03-30 02:18:37,521 [Worker-54: Building workspace] INFO  o.e.m.c.i.embedder.EclipseLogger - Using 'UTF-8' encoding to copy filtered resources.
2019-03-30 02:18:37,521 [Worker-54: Building workspace] INFO  o.e.m.c.i.embedder.EclipseLogger - skip non existing resourceDirectory D:\Java\Eclipse\DatConverter\converter.dat\src\test\resources
2019-03-30 02:18:45,599 [Worker-53: Building workspace] INFO  o.e.m.c.i.embedder.EclipseLogger - Using 'UTF-8' encoding to copy filtered resources.
2019-03-30 02:18:45,600 [Worker-53: Building workspace] INFO  o.e.m.c.i.embedder.EclipseLogger - skip non existing resourceDirectory D:\Java\Eclipse\DatConverter\converter.dat\src\main\resources
2019-03-30 02:18:45,601 [Worker-53: Building workspace] INFO  o.e.m.c.i.embedder.EclipseLogger - Using 'UTF-8' encoding to copy filtered resources.
2019-03-30 02:18:45,602 [Worker-53: Building workspace] INFO  o.e.m.c.i.embedder.EclipseLogger - skip non existing resourceDirectory D:\Java\Eclipse\DatConverter\converter.dat\src\test\resources
2019-03-30 02:19:51,638 [Worker-53: Building workspace] INFO  o.e.m.c.i.embedder.EclipseLogger - Using 'UTF-8' encoding to copy filtered resources.
2019-03-30 02:19:51,638 [Worker-53: Building workspace] INFO  o.e.m.c.i.embedder.EclipseLogger - skip non existing resourceDirectory D:\Java\Eclipse\DatConverter\converter.dat\src\main\resources
2019-03-30 02:19:51,640 [Worker-53: Building workspace] INFO  o.e.m.c.i.embedder.EclipseLogger - Using 'UTF-8' encoding to copy filtered resources.
2019-03-30 02:19:51,640 [Worker-53: Building workspace] INFO  o.e.m.c.i.embedder.EclipseLogger - skip non existing resourceDirectory D:\Java\Eclipse\DatConverter\converter.dat\src\test\resources
2019-03-30 02:21:43,529 [Worker-54: Building workspace] INFO  o.e.m.c.i.embedder.EclipseLogger - Using 'UTF-8' encoding to copy filtered resources.
2019-03-30 02:21:43,529 [Worker-54: Building workspace] INFO  o.e.m.c.i.embedder.EclipseLogger - skip non existing resourceDirectory D:\Java\Eclipse\DatConverter\converter.dat\src\main\resources
2019-03-30 02:21:43,530 [Worker-54: Building workspace] INFO  o.e.m.c.i.embedder.EclipseLogger - Using 'UTF-8' encoding to copy filtered resources.
2019-03-30 02:21:43,531 [Worker-54: Building workspace] INFO  o.e.m.c.i.embedder.EclipseLogger - skip non existing resourceDirectory D:\Java\Eclipse\DatConverter\converter.dat\src\test\resources
2019-03-30 02:21:52,113 [Worker-54: Building workspace] INFO  o.e.m.c.i.embedder.EclipseLogger - Using 'UTF-8' encoding to copy filtered resources.
2019-03-30 02:21:52,113 [Worker-54: Building workspace] INFO  o.e.m.c.i.embedder.EclipseLogger - skip non existing resourceDirectory D:\Java\Eclipse\DatConverter\converter.dat\src\main\resources
2019-03-30 02:21:52,114 [Worker-54: Building workspace] INFO  o.e.m.c.i.embedder.EclipseLogger - Using 'UTF-8' encoding to copy filtered resources.
2019-03-30 02:21:52,115 [Worker-54: Building workspace] INFO  o.e.m.c.i.embedder.EclipseLogger - skip non existing resourceDirectory D:\Java\Eclipse\DatConverter\converter.dat\src\test\resources
2019-03-30 02:36:13,688 [Worker-58: Building workspace] INFO  o.e.m.c.i.embedder.EclipseLogger - Using 'UTF-8' encoding to copy filtered resources.
2019-03-30 02:36:13,688 [Worker-58: Building workspace] INFO  o.e.m.c.i.embedder.EclipseLogger - skip non existing resourceDirectory D:\Java\Eclipse\DatConverter\converter.dat\src\main\resources
2019-03-30 02:36:13,689 [Worker-58: Building workspace] INFO  o.e.m.c.i.embedder.EclipseLogger - Using 'UTF-8' encoding to copy filtered resources.
2019-03-30 02:36:13,690 [Worker-58: Building workspace] INFO  o.e.m.c.i.embedder.EclipseLogger - skip non existing resourceDirectory D:\Java\Eclipse\DatConverter\converter.dat\src\test\resources
2019-03-30 02:36:56,252 [Worker-60: Building workspace] INFO  o.e.m.c.i.embedder.EclipseLogger - Using 'UTF-8' encoding to copy filtered resources.
2019-03-30 02:36:56,252 [Worker-60: Building workspace] INFO  o.e.m.c.i.embedder.EclipseLogger - skip non existing resourceDirectory D:\Java\Eclipse\DatConverter\converter.dat\src\main\resources
2019-03-30 02:36:56,253 [Worker-60: Building workspace] INFO  o.e.m.c.i.embedder.EclipseLogger - Using 'UTF-8' encoding to copy filtered resources.
2019-03-30 02:36:56,254 [Worker-60: Building workspace] INFO  o.e.m.c.i.embedder.EclipseLogger - skip non existing resourceDirectory D:\Java\Eclipse\DatConverter\converter.dat\src\test\resources
2019-03-30 02:37:12,527 [Worker-55: Building workspace] INFO  o.e.m.c.i.embedder.EclipseLogger - Using 'UTF-8' encoding to copy filtered resources.
2019-03-30 02:37:12,528 [Worker-55: Building workspace] INFO  o.e.m.c.i.embedder.EclipseLogger - skip non existing resourceDirectory D:\Java\Eclipse\DatConverter\converter.dat\src\main\resources
2019-03-30 02:37:12,529 [Worker-55: Building workspace] INFO  o.e.m.c.i.embedder.EclipseLogger - Using 'UTF-8' encoding to copy filtered resources.
2019-03-30 02:37:12,530 [Worker-55: Building workspace] INFO  o.e.m.c.i.embedder.EclipseLogger - skip non existing resourceDirectory D:\Java\Eclipse\DatConverter\converter.dat\src\test\resources
2019-03-30 02:37:30,285 [Worker-61: Building workspace] INFO  o.e.m.c.i.embedder.EclipseLogger - Using 'UTF-8' encoding to copy filtered resources.
2019-03-30 02:37:30,286 [Worker-61: Building workspace] INFO  o.e.m.c.i.embedder.EclipseLogger - skip non existing resourceDirectory D:\Java\Eclipse\DatConverter\converter.dat\src\main\resources
2019-03-30 02:37:30,287 [Worker-61: Building workspace] INFO  o.e.m.c.i.embedder.EclipseLogger - Using 'UTF-8' encoding to copy filtered resources.
2019-03-30 02:37:30,287 [Worker-61: Building workspace] INFO  o.e.m.c.i.embedder.EclipseLogger - skip non existing resourceDirectory D:\Java\Eclipse\DatConverter\converter.dat\src\test\resources
2019-03-30 02:37:44,853 [Worker-56: Building workspace] INFO  o.e.m.c.i.embedder.EclipseLogger - Using 'UTF-8' encoding to copy filtered resources.
2019-03-30 02:37:44,854 [Worker-56: Building workspace] INFO  o.e.m.c.i.embedder.EclipseLogger - skip non existing resourceDirectory D:\Java\Eclipse\DatConverter\converter.dat\src\main\resources
2019-03-30 02:37:44,855 [Worker-56: Building workspace] INFO  o.e.m.c.i.embedder.EclipseLogger - Using 'UTF-8' encoding to copy filtered resources.
2019-03-30 02:37:44,855 [Worker-56: Building workspace] INFO  o.e.m.c.i.embedder.EclipseLogger - skip non existing resourceDirectory D:\Java\Eclipse\DatConverter\converter.dat\src\test\resources
2019-03-30 04:55:35,262 [Worker-0: Loading available Gradle versions] INFO  o.e.b.c.i.u.g.PublishedGradleVersions - Gradle version information cache is up-to-date. Trying to read.
2019-03-30 04:56:15,103 [Worker-11: Building workspace] INFO  o.e.m.c.i.embedder.EclipseLogger - Using 'UTF-8' encoding to copy filtered resources.
2019-03-30 04:56:15,104 [Worker-11: Building workspace] INFO  o.e.m.c.i.embedder.EclipseLogger - skip non existing resourceDirectory D:\Java\Eclipse\DatConverter\converter.dat\src\main\resources
2019-03-30 04:56:15,109 [Worker-11: Building workspace] INFO  o.e.m.c.i.embedder.EclipseLogger - Using 'UTF-8' encoding to copy filtered resources.
2019-03-30 04:56:15,109 [Worker-11: Building workspace] INFO  o.e.m.c.i.embedder.EclipseLogger - skip non existing resourceDirectory D:\Java\Eclipse\DatConverter\converter.dat\src\test\resources
2019-03-30 04:56:26,918 [Worker-5: Building workspace] INFO  o.e.m.c.i.embedder.EclipseLogger - Using 'UTF-8' encoding to copy filtered resources.
2019-03-30 04:56:26,918 [Worker-5: Building workspace] INFO  o.e.m.c.i.embedder.EclipseLogger - skip non existing resourceDirectory D:\Java\Eclipse\DatConverter\converter.dat\src\main\resources
2019-03-30 04:56:26,922 [Worker-5: Building workspace] INFO  o.e.m.c.i.embedder.EclipseLogger - Using 'UTF-8' encoding to copy filtered resources.
2019-03-30 04:56:26,922 [Worker-5: Building workspace] INFO  o.e.m.c.i.embedder.EclipseLogger - skip non existing resourceDirectory D:\Java\Eclipse\DatConverter\converter.dat\src\test\resources
2019-03-30 04:56:28,607 [Worker-13: Building workspace] INFO  o.e.m.c.i.embedder.EclipseLogger - Using 'UTF-8' encoding to copy filtered resources.
2019-03-30 04:56:28,607 [Worker-13: Building workspace] INFO  o.e.m.c.i.embedder.EclipseLogger - skip non existing resourceDirectory D:\Java\Eclipse\DatConverter\converter.dat\src\main\resources
2019-03-30 04:56:28,609 [Worker-13: Building workspace] INFO  o.e.m.c.i.embedder.EclipseLogger - Using 'UTF-8' encoding to copy filtered resources.
2019-03-30 04:56:28,609 [Worker-13: Building workspace] INFO  o.e.m.c.i.embedder.EclipseLogger - skip non existing resourceDirectory D:\Java\Eclipse\DatConverter\converter.dat\src\test\resources
2019-03-30 04:58:26,172 [Worker-0: Building workspace] INFO  o.e.m.c.i.embedder.EclipseLogger - Using 'UTF-8' encoding to copy filtered resources.
2019-03-30 04:58:26,172 [Worker-0: Building workspace] INFO  o.e.m.c.i.embedder.EclipseLogger - skip non existing resourceDirectory D:\Java\Eclipse\DatConverter\converter.dat\src\main\resources
2019-03-30 04:58:26,175 [Worker-0: Building workspace] INFO  o.e.m.c.i.embedder.EclipseLogger - Using 'UTF-8' encoding to copy filtered resources.
2019-03-30 04:58:26,175 [Worker-0: Building workspace] INFO  o.e.m.c.i.embedder.EclipseLogger - skip non existing resourceDirectory D:\Java\Eclipse\DatConverter\converter.dat\src\test\resources
2019-03-30 04:58:44,090 [Worker-1: Building workspace] INFO  o.e.m.c.i.embedder.EclipseLogger - Using 'UTF-8' encoding to copy filtered resources.
2019-03-30 04:58:44,091 [Worker-1: Building workspace] INFO  o.e.m.c.i.embedder.EclipseLogger - skip non existing resourceDirectory D:\Java\Eclipse\DatConverter\converter.dat\src\main\resources
2019-03-30 04:58:44,094 [Worker-1: Building workspace] INFO  o.e.m.c.i.embedder.EclipseLogger - Using 'UTF-8' encoding to copy filtered resources.
2019-03-30 04:58:44,095 [Worker-1: Building workspace] INFO  o.e.m.c.i.embedder.EclipseLogger - skip non existing resourceDirectory D:\Java\Eclipse\DatConverter\converter.dat\src\test\resources
2019-03-30 04:58:56,286 [Worker-9: Building workspace] INFO  o.e.m.c.i.embedder.EclipseLogger - Using 'UTF-8' encoding to copy filtered resources.
2019-03-30 04:58:56,287 [Worker-9: Building workspace] INFO  o.e.m.c.i.embedder.EclipseLogger - skip non existing resourceDirectory D:\Java\Eclipse\DatConverter\converter.dat\src\main\resources
2019-03-30 04:58:56,290 [Worker-9: Building workspace] INFO  o.e.m.c.i.embedder.EclipseLogger - Using 'UTF-8' encoding to copy filtered resources.
2019-03-30 04:58:56,290 [Worker-9: Building workspace] INFO  o.e.m.c.i.embedder.EclipseLogger - skip non existing resourceDirectory D:\Java\Eclipse\DatConverter\converter.dat\src\test\resources
2019-03-30 04:59:54,824 [Worker-7: Building workspace] INFO  o.e.m.c.i.embedder.EclipseLogger - Using 'UTF-8' encoding to copy filtered resources.
2019-03-30 04:59:54,825 [Worker-7: Building workspace] INFO  o.e.m.c.i.embedder.EclipseLogger - skip non existing resourceDirectory D:\Java\Eclipse\DatConverter\converter.dat\src\main\resources
2019-03-30 04:59:54,827 [Worker-7: Building workspace] INFO  o.e.m.c.i.embedder.EclipseLogger - Using 'UTF-8' encoding to copy filtered resources.
2019-03-30 04:59:54,828 [Worker-7: Building workspace] INFO  o.e.m.c.i.embedder.EclipseLogger - skip non existing resourceDirectory D:\Java\Eclipse\DatConverter\converter.dat\src\test\resources
2019-03-30 05:00:14,709 [Worker-5: Building workspace] INFO  o.e.m.c.i.embedder.EclipseLogger - Using 'UTF-8' encoding to copy filtered resources.
2019-03-30 05:00:14,710 [Worker-5: Building workspace] INFO  o.e.m.c.i.embedder.EclipseLogger - skip non existing resourceDirectory D:\Java\Eclipse\DatConverter\converter.dat\src\main\resources
2019-03-30 05:00:14,715 [Worker-5: Building workspace] INFO  o.e.m.c.i.embedder.EclipseLogger - Using 'UTF-8' encoding to copy filtered resources.
2019-03-30 05:00:14,715 [Worker-5: Building workspace] INFO  o.e.m.c.i.embedder.EclipseLogger - skip non existing resourceDirectory D:\Java\Eclipse\DatConverter\converter.dat\src\test\resources
2019-03-30 05:00:47,151 [Worker-1: Building workspace] INFO  o.e.m.c.i.embedder.EclipseLogger - Using 'UTF-8' encoding to copy filtered resources.
2019-03-30 05:00:47,151 [Worker-1: Building workspace] INFO  o.e.m.c.i.embedder.EclipseLogger - skip non existing resourceDirectory D:\Java\Eclipse\DatConverter\converter.dat\src\main\resources
2019-03-30 05:00:47,153 [Worker-1: Building workspace] INFO  o.e.m.c.i.embedder.EclipseLogger - Using 'UTF-8' encoding to copy filtered resources.
2019-03-30 05:00:47,153 [Worker-1: Building workspace] INFO  o.e.m.c.i.embedder.EclipseLogger - skip non existing resourceDirectory D:\Java\Eclipse\DatConverter\converter.dat\src\test\resources
2019-03-30 05:01:06,773 [Worker-3: Building workspace] INFO  o.e.m.c.i.embedder.EclipseLogger - Using 'UTF-8' encoding to copy filtered resources.
2019-03-30 05:01:06,774 [Worker-3: Building workspace] INFO  o.e.m.c.i.embedder.EclipseLogger - skip non existing resourceDirectory D:\Java\Eclipse\DatConverter\converter.dat\src\main\resources
2019-03-30 05:01:06,776 [Worker-3: Building workspace] INFO  o.e.m.c.i.embedder.EclipseLogger - Using 'UTF-8' encoding to copy filtered resources.
2019-03-30 05:01:06,777 [Worker-3: Building workspace] INFO  o.e.m.c.i.embedder.EclipseLogger - skip non existing resourceDirectory D:\Java\Eclipse\DatConverter\converter.dat\src\test\resources
2019-03-30 05:01:30,058 [Worker-4: Building workspace] INFO  o.e.m.c.i.embedder.EclipseLogger - Using 'UTF-8' encoding to copy filtered resources.
2019-03-30 05:01:30,058 [Worker-4: Building workspace] INFO  o.e.m.c.i.embedder.EclipseLogger - skip non existing resourceDirectory D:\Java\Eclipse\DatConverter\converter.dat\src\main\resources
2019-03-30 05:01:30,061 [Worker-4: Building workspace] INFO  o.e.m.c.i.embedder.EclipseLogger - Using 'UTF-8' encoding to copy filtered resources.
2019-03-30 05:01:30,062 [Worker-4: Building workspace] INFO  o.e.m.c.i.embedder.EclipseLogger - skip non existing resourceDirectory D:\Java\Eclipse\DatConverter\converter.dat\src\test\resources
2019-03-30 05:01:32,249 [Worker-11: Building workspace] INFO  o.e.m.c.i.embedder.EclipseLogger - Using 'UTF-8' encoding to copy filtered resources.
2019-03-30 05:01:32,250 [Worker-11: Building workspace] INFO  o.e.m.c.i.embedder.EclipseLogger - skip non existing resourceDirectory D:\Java\Eclipse\DatConverter\converter.dat\src\main\resources
2019-03-30 05:01:32,252 [Worker-11: Building workspace] INFO  o.e.m.c.i.embedder.EclipseLogger - Using 'UTF-8' encoding to copy filtered resources.
2019-03-30 05:01:32,252 [Worker-11: Building workspace] INFO  o.e.m.c.i.embedder.EclipseLogger - skip non existing resourceDirectory D:\Java\Eclipse\DatConverter\converter.dat\src\test\resources
2019-03-30 05:03:16,881 [Worker-10: Building workspace] INFO  o.e.m.c.i.embedder.EclipseLogger - Using 'UTF-8' encoding to copy filtered resources.
2019-03-30 05:03:16,882 [Worker-10: Building workspace] INFO  o.e.m.c.i.embedder.EclipseLogger - skip non existing resourceDirectory D:\Java\Eclipse\DatConverter\converter.dat\src\main\resources
2019-03-30 05:03:16,884 [Worker-10: Building workspace] INFO  o.e.m.c.i.embedder.EclipseLogger - Using 'UTF-8' encoding to copy filtered resources.
2019-03-30 05:03:16,885 [Worker-10: Building workspace] INFO  o.e.m.c.i.embedder.EclipseLogger - skip non existing resourceDirectory D:\Java\Eclipse\DatConverter\converter.dat\src\test\resources
2019-03-30 05:04:45,467 [Worker-8: Launching App] INFO  o.e.m.c.i.embedder.EclipseLogger - Using 'UTF-8' encoding to copy filtered resources.
2019-03-30 05:04:45,468 [Worker-8: Launching App] INFO  o.e.m.c.i.embedder.EclipseLogger - skip non existing resourceDirectory D:\Java\Eclipse\DatConverter\converter.dat\src\main\resources
2019-03-30 05:04:45,470 [Worker-8: Launching App] INFO  o.e.m.c.i.embedder.EclipseLogger - Using 'UTF-8' encoding to copy filtered resources.
2019-03-30 05:04:45,471 [Worker-8: Launching App] INFO  o.e.m.c.i.embedder.EclipseLogger - skip non existing resourceDirectory D:\Java\Eclipse\DatConverter\converter.dat\src\test\resources
2019-03-30 05:05:00,649 [Worker-4: Building workspace] INFO  o.e.m.c.i.embedder.EclipseLogger - Using 'UTF-8' encoding to copy filtered resources.
2019-03-30 05:05:00,649 [Worker-4: Building workspace] INFO  o.e.m.c.i.embedder.EclipseLogger - skip non existing resourceDirectory D:\Java\Eclipse\DatConverter\converter.dat\src\main\resources
2019-03-30 05:05:00,651 [Worker-4: Building workspace] INFO  o.e.m.c.i.embedder.EclipseLogger - Using 'UTF-8' encoding to copy filtered resources.
2019-03-30 05:05:00,651 [Worker-4: Building workspace] INFO  o.e.m.c.i.embedder.EclipseLogger - skip non existing resourceDirectory D:\Java\Eclipse\DatConverter\converter.dat\src\test\resources
2019-03-30 05:05:34,024 [Worker-13: Building workspace] INFO  o.e.m.c.i.embedder.EclipseLogger - Using 'UTF-8' encoding to copy filtered resources.
2019-03-30 05:05:34,025 [Worker-13: Building workspace] INFO  o.e.m.c.i.embedder.EclipseLogger - skip non existing resourceDirectory D:\Java\Eclipse\DatConverter\converter.dat\src\main\resources
2019-03-30 05:05:34,029 [Worker-13: Building workspace] INFO  o.e.m.c.i.embedder.EclipseLogger - Using 'UTF-8' encoding to copy filtered resources.
2019-03-30 05:05:34,030 [Worker-13: Building workspace] INFO  o.e.m.c.i.embedder.EclipseLogger - skip non existing resourceDirectory D:\Java\Eclipse\DatConverter\converter.dat\src\test\resources
2019-03-30 05:05:53,352 [Worker-12: Building workspace] INFO  o.e.m.c.i.embedder.EclipseLogger - Using 'UTF-8' encoding to copy filtered resources.
2019-03-30 05:05:53,356 [Worker-12: Building workspace] INFO  o.e.m.c.i.embedder.EclipseLogger - skip non existing resourceDirectory D:\Java\Eclipse\DatConverter\converter.dat\src\main\resources
2019-03-30 05:05:53,364 [Worker-12: Building workspace] INFO  o.e.m.c.i.embedder.EclipseLogger - Using 'UTF-8' encoding to copy filtered resources.
2019-03-30 05:05:53,365 [Worker-12: Building workspace] INFO  o.e.m.c.i.embedder.EclipseLogger - skip non existing resourceDirectory D:\Java\Eclipse\DatConverter\converter.dat\src\test\resources
2019-03-30 05:05:57,405 [Worker-11: Building workspace] INFO  o.e.m.c.i.embedder.EclipseLogger - Using 'UTF-8' encoding to copy filtered resources.
2019-03-30 05:05:57,405 [Worker-11: Building workspace] INFO  o.e.m.c.i.embedder.EclipseLogger - skip non existing resourceDirectory D:\Java\Eclipse\DatConverter\converter.dat\src\main\resources
2019-03-30 05:05:57,408 [Worker-11: Building workspace] INFO  o.e.m.c.i.embedder.EclipseLogger - Using 'UTF-8' encoding to copy filtered resources.
2019-03-30 05:05:57,408 [Worker-11: Building workspace] INFO  o.e.m.c.i.embedder.EclipseLogger - skip non existing resourceDirectory D:\Java\Eclipse\DatConverter\converter.dat\src\test\resources
2019-03-30 05:06:00,229 [Worker-8: Building workspace] INFO  o.e.m.c.i.embedder.EclipseLogger - Using 'UTF-8' encoding to copy filtered resources.
2019-03-30 05:06:00,229 [Worker-8: Building workspace] INFO  o.e.m.c.i.embedder.EclipseLogger - skip non existing resourceDirectory D:\Java\Eclipse\DatConverter\converter.dat\src\main\resources
2019-03-30 05:06:00,231 [Worker-8: Building workspace] INFO  o.e.m.c.i.embedder.EclipseLogger - Using 'UTF-8' encoding to copy filtered resources.
2019-03-30 05:06:00,232 [Worker-8: Building workspace] INFO  o.e.m.c.i.embedder.EclipseLogger - skip non existing resourceDirectory D:\Java\Eclipse\DatConverter\converter.dat\src\test\resources
2019-03-30 05:06:04,068 [Worker-7: Building workspace] INFO  o.e.m.c.i.embedder.EclipseLogger - Using 'UTF-8' encoding to copy filtered resources.
2019-03-30 05:06:04,069 [Worker-7: Building workspace] INFO  o.e.m.c.i.embedder.EclipseLogger - skip non existing resourceDirectory D:\Java\Eclipse\DatConverter\converter.dat\src\main\resources
2019-03-30 05:06:04,071 [Worker-7: Building workspace] INFO  o.e.m.c.i.embedder.EclipseLogger - Using 'UTF-8' encoding to copy filtered resources.
2019-03-30 05:06:04,071 [Worker-7: Building workspace] INFO  o.e.m.c.i.embedder.EclipseLogger - skip non existing resourceDirectory D:\Java\Eclipse\DatConverter\converter.dat\src\test\resources
2019-03-30 05:06:47,596 [Worker-0: Building workspace] INFO  o.e.m.c.i.embedder.EclipseLogger - Using 'UTF-8' encoding to copy filtered resources.
2019-03-30 05:06:47,597 [Worker-0: Building workspace] INFO  o.e.m.c.i.embedder.EclipseLogger - skip non existing resourceDirectory D:\Java\Eclipse\DatConverter\converter.dat\src\main\resources
2019-03-30 05:06:47,599 [Worker-0: Building workspace] INFO  o.e.m.c.i.embedder.EclipseLogger - Using 'UTF-8' encoding to copy filtered resources.
2019-03-30 05:06:47,599 [Worker-0: Building workspace] INFO  o.e.m.c.i.embedder.EclipseLogger - skip non existing resourceDirectory D:\Java\Eclipse\DatConverter\converter.dat\src\test\resources
2019-03-30 05:06:54,663 [Worker-4: Building workspace] INFO  o.e.m.c.i.embedder.EclipseLogger - Using 'UTF-8' encoding to copy filtered resources.
2019-03-30 05:06:54,663 [Worker-4: Building workspace] INFO  o.e.m.c.i.embedder.EclipseLogger - skip non existing resourceDirectory D:\Java\Eclipse\DatConverter\converter.dat\src\main\resources
2019-03-30 05:06:54,665 [Worker-4: Building workspace] INFO  o.e.m.c.i.embedder.EclipseLogger - Using 'UTF-8' encoding to copy filtered resources.
2019-03-30 05:06:54,666 [Worker-4: Building workspace] INFO  o.e.m.c.i.embedder.EclipseLogger - skip non existing resourceDirectory D:\Java\Eclipse\DatConverter\converter.dat\src\test\resources
2019-03-30 05:07:12,462 [Worker-8: Building workspace] INFO  o.e.m.c.i.embedder.EclipseLogger - Using 'UTF-8' encoding to copy filtered resources.
2019-03-30 05:07:12,462 [Worker-8: Building workspace] INFO  o.e.m.c.i.embedder.EclipseLogger - skip non existing resourceDirectory D:\Java\Eclipse\DatConverter\converter.dat\src\main\resources
2019-03-30 05:07:12,464 [Worker-8: Building workspace] INFO  o.e.m.c.i.embedder.EclipseLogger - Using 'UTF-8' encoding to copy filtered resources.
2019-03-30 05:07:12,464 [Worker-8: Building workspace] INFO  o.e.m.c.i.embedder.EclipseLogger - skip non existing resourceDirectory D:\Java\Eclipse\DatConverter\converter.dat\src\test\resources
2019-03-30 05:07:16,077 [Worker-5: Building workspace] INFO  o.e.m.c.i.embedder.EclipseLogger - Using 'UTF-8' encoding to copy filtered resources.
2019-03-30 05:07:16,078 [Worker-5: Building workspace] INFO  o.e.m.c.i.embedder.EclipseLogger - skip non existing resourceDirectory D:\Java\Eclipse\DatConverter\converter.dat\src\main\resources
2019-03-30 05:07:16,080 [Worker-5: Building workspace] INFO  o.e.m.c.i.embedder.EclipseLogger - Using 'UTF-8' encoding to copy filtered resources.
2019-03-30 05:07:16,080 [Worker-5: Building workspace] INFO  o.e.m.c.i.embedder.EclipseLogger - skip non existing resourceDirectory D:\Java\Eclipse\DatConverter\converter.dat\src\test\resources
2019-03-30 05:07:25,184 [Worker-7: Building workspace] INFO  o.e.m.c.i.embedder.EclipseLogger - Using 'UTF-8' encoding to copy filtered resources.
2019-03-30 05:07:25,185 [Worker-7: Building workspace] INFO  o.e.m.c.i.embedder.EclipseLogger - skip non existing resourceDirectory D:\Java\Eclipse\DatConverter\converter.dat\src\main\resources
2019-03-30 05:07:25,189 [Worker-7: Building workspace] INFO  o.e.m.c.i.embedder.EclipseLogger - Using 'UTF-8' encoding to copy filtered resources.
2019-03-30 05:07:25,189 [Worker-7: Building workspace] INFO  o.e.m.c.i.embedder.EclipseLogger - skip non existing resourceDirectory D:\Java\Eclipse\DatConverter\converter.dat\src\test\resources
2019-03-30 05:08:16,051 [Worker-5: Building workspace] INFO  o.e.m.c.i.embedder.EclipseLogger - Using 'UTF-8' encoding to copy filtered resources.
2019-03-30 05:08:16,051 [Worker-5: Building workspace] INFO  o.e.m.c.i.embedder.EclipseLogger - skip non existing resourceDirectory D:\Java\Eclipse\DatConverter\converter.dat\src\main\resources
2019-03-30 05:08:16,053 [Worker-5: Building workspace] INFO  o.e.m.c.i.embedder.EclipseLogger - Using 'UTF-8' encoding to copy filtered resources.
2019-03-30 05:08:16,053 [Worker-5: Building workspace] INFO  o.e.m.c.i.embedder.EclipseLogger - skip non existing resourceDirectory D:\Java\Eclipse\DatConverter\converter.dat\src\test\resources
2019-03-30 05:08:19,155 [Worker-10: Building workspace] INFO  o.e.m.c.i.embedder.EclipseLogger - Using 'UTF-8' encoding to copy filtered resources.
2019-03-30 05:08:19,155 [Worker-10: Building workspace] INFO  o.e.m.c.i.embedder.EclipseLogger - skip non existing resourceDirectory D:\Java\Eclipse\DatConverter\converter.dat\src\main\resources
2019-03-30 05:08:19,157 [Worker-10: Building workspace] INFO  o.e.m.c.i.embedder.EclipseLogger - Using 'UTF-8' encoding to copy filtered resources.
2019-03-30 05:08:19,158 [Worker-10: Building workspace] INFO  o.e.m.c.i.embedder.EclipseLogger - skip non existing resourceDirectory D:\Java\Eclipse\DatConverter\converter.dat\src\test\resources
2019-03-30 05:08:27,485 [Worker-8: Building workspace] INFO  o.e.m.c.i.embedder.EclipseLogger - Using 'UTF-8' encoding to copy filtered resources.
2019-03-30 05:08:27,486 [Worker-8: Building workspace] INFO  o.e.m.c.i.embedder.EclipseLogger - skip non existing resourceDirectory D:\Java\Eclipse\DatConverter\converter.dat\src\main\resources
2019-03-30 05:08:27,487 [Worker-8: Building workspace] INFO  o.e.m.c.i.embedder.EclipseLogger - Using 'UTF-8' encoding to copy filtered resources.
2019-03-30 05:08:27,487 [Worker-8: Building workspace] INFO  o.e.m.c.i.embedder.EclipseLogger - skip non existing resourceDirectory D:\Java\Eclipse\DatConverter\converter.dat\src\test\resources
2019-03-30 05:09:02,197 [Worker-5: Building workspace] INFO  o.e.m.c.i.embedder.EclipseLogger - Using 'UTF-8' encoding to copy filtered resources.
2019-03-30 05:09:02,198 [Worker-5: Building workspace] INFO  o.e.m.c.i.embedder.EclipseLogger - skip non existing resourceDirectory D:\Java\Eclipse\DatConverter\converter.dat\src\main\resources
2019-03-30 05:09:02,199 [Worker-5: Building workspace] INFO  o.e.m.c.i.embedder.EclipseLogger - Using 'UTF-8' encoding to copy filtered resources.
2019-03-30 05:09:02,200 [Worker-5: Building workspace] INFO  o.e.m.c.i.embedder.EclipseLogger - skip non existing resourceDirectory D:\Java\Eclipse\DatConverter\converter.dat\src\test\resources
2019-03-30 05:09:13,190 [Worker-4: Building workspace] INFO  o.e.m.c.i.embedder.EclipseLogger - Using 'UTF-8' encoding to copy filtered resources.
2019-03-30 05:09:13,191 [Worker-4: Building workspace] INFO  o.e.m.c.i.embedder.EclipseLogger - skip non existing resourceDirectory D:\Java\Eclipse\DatConverter\converter.dat\src\main\resources
2019-03-30 05:09:13,193 [Worker-4: Building workspace] INFO  o.e.m.c.i.embedder.EclipseLogger - Using 'UTF-8' encoding to copy filtered resources.
2019-03-30 05:09:13,193 [Worker-4: Building workspace] INFO  o.e.m.c.i.embedder.EclipseLogger - skip non existing resourceDirectory D:\Java\Eclipse\DatConverter\converter.dat\src\test\resources
2019-03-30 05:09:19,365 [Worker-4: Building workspace] INFO  o.e.m.c.i.embedder.EclipseLogger - Using 'UTF-8' encoding to copy filtered resources.
2019-03-30 05:09:19,365 [Worker-4: Building workspace] INFO  o.e.m.c.i.embedder.EclipseLogger - skip non existing resourceDirectory D:\Java\Eclipse\DatConverter\converter.dat\src\main\resources
2019-03-30 05:09:19,367 [Worker-4: Building workspace] INFO  o.e.m.c.i.embedder.EclipseLogger - Using 'UTF-8' encoding to copy filtered resources.
2019-03-30 05:09:19,368 [Worker-4: Building workspace] INFO  o.e.m.c.i.embedder.EclipseLogger - skip non existing resourceDirectory D:\Java\Eclipse\DatConverter\converter.dat\src\test\resources
2019-03-30 05:09:24,720 [Worker-7: Building workspace] INFO  o.e.m.c.i.embedder.EclipseLogger - Using 'UTF-8' encoding to copy filtered resources.
2019-03-30 05:09:24,720 [Worker-7: Building workspace] INFO  o.e.m.c.i.embedder.EclipseLogger - skip non existing resourceDirectory D:\Java\Eclipse\DatConverter\converter.dat\src\main\resources
2019-03-30 05:09:24,722 [Worker-7: Building workspace] INFO  o.e.m.c.i.embedder.EclipseLogger - Using 'UTF-8' encoding to copy filtered resources.
2019-03-30 05:09:24,723 [Worker-7: Building workspace] INFO  o.e.m.c.i.embedder.EclipseLogger - skip non existing resourceDirectory D:\Java\Eclipse\DatConverter\converter.dat\src\test\resources
2019-03-30 05:09:30,813 [Worker-5: Building workspace] INFO  o.e.m.c.i.embedder.EclipseLogger - Using 'UTF-8' encoding to copy filtered resources.
2019-03-30 05:09:30,814 [Worker-5: Building workspace] INFO  o.e.m.c.i.embedder.EclipseLogger - skip non existing resourceDirectory D:\Java\Eclipse\DatConverter\converter.dat\src\main\resources
2019-03-30 05:09:30,815 [Worker-5: Building workspace] INFO  o.e.m.c.i.embedder.EclipseLogger - Using 'UTF-8' encoding to copy filtered resources.
2019-03-30 05:09:30,816 [Worker-5: Building workspace] INFO  o.e.m.c.i.embedder.EclipseLogger - skip non existing resourceDirectory D:\Java\Eclipse\DatConverter\converter.dat\src\test\resources
2019-03-30 05:09:39,880 [Worker-13: Building workspace] INFO  o.e.m.c.i.embedder.EclipseLogger - Using 'UTF-8' encoding to copy filtered resources.
2019-03-30 05:09:39,880 [Worker-13: Building workspace] INFO  o.e.m.c.i.embedder.EclipseLogger - skip non existing resourceDirectory D:\Java\Eclipse\DatConverter\converter.dat\src\main\resources
2019-03-30 05:09:39,882 [Worker-13: Building workspace] INFO  o.e.m.c.i.embedder.EclipseLogger - Using 'UTF-8' encoding to copy filtered resources.
2019-03-30 05:09:39,883 [Worker-13: Building workspace] INFO  o.e.m.c.i.embedder.EclipseLogger - skip non existing resourceDirectory D:\Java\Eclipse\DatConverter\converter.dat\src\test\resources
2019-03-30 05:09:51,230 [Worker-8: Building workspace] INFO  o.e.m.c.i.embedder.EclipseLogger - Using 'UTF-8' encoding to copy filtered resources.
2019-03-30 05:09:51,230 [Worker-8: Building workspace] INFO  o.e.m.c.i.embedder.EclipseLogger - skip non existing resourceDirectory D:\Java\Eclipse\DatConverter\converter.dat\src\main\resources
2019-03-30 05:09:51,231 [Worker-8: Building workspace] INFO  o.e.m.c.i.embedder.EclipseLogger - Using 'UTF-8' encoding to copy filtered resources.
2019-03-30 05:09:51,232 [Worker-8: Building workspace] INFO  o.e.m.c.i.embedder.EclipseLogger - skip non existing resourceDirectory D:\Java\Eclipse\DatConverter\converter.dat\src\test\resources
2019-03-30 05:09:54,679 [Worker-5: Building workspace] INFO  o.e.m.c.i.embedder.EclipseLogger - Using 'UTF-8' encoding to copy filtered resources.
2019-03-30 05:09:54,679 [Worker-5: Building workspace] INFO  o.e.m.c.i.embedder.EclipseLogger - skip non existing resourceDirectory D:\Java\Eclipse\DatConverter\converter.dat\src\main\resources
2019-03-30 05:09:54,681 [Worker-5: Building workspace] INFO  o.e.m.c.i.embedder.EclipseLogger - Using 'UTF-8' encoding to copy filtered resources.
2019-03-30 05:09:54,682 [Worker-5: Building workspace] INFO  o.e.m.c.i.embedder.EclipseLogger - skip non existing resourceDirectory D:\Java\Eclipse\DatConverter\converter.dat\src\test\resources
2019-03-30 05:11:32,315 [Worker-6: Building workspace] INFO  o.e.m.c.i.embedder.EclipseLogger - Using 'UTF-8' encoding to copy filtered resources.
2019-03-30 05:11:32,316 [Worker-6: Building workspace] INFO  o.e.m.c.i.embedder.EclipseLogger - skip non existing resourceDirectory D:\Java\Eclipse\DatConverter\converter.dat\src\main\resources
2019-03-30 05:11:32,318 [Worker-6: Building workspace] INFO  o.e.m.c.i.embedder.EclipseLogger - Using 'UTF-8' encoding to copy filtered resources.
2019-03-30 05:11:32,319 [Worker-6: Building workspace] INFO  o.e.m.c.i.embedder.EclipseLogger - skip non existing resourceDirectory D:\Java\Eclipse\DatConverter\converter.dat\src\test\resources
2019-03-30 05:11:36,515 [Worker-8: Building workspace] INFO  o.e.m.c.i.embedder.EclipseLogger - Using 'UTF-8' encoding to copy filtered resources.
2019-03-30 05:11:36,516 [Worker-8: Building workspace] INFO  o.e.m.c.i.embedder.EclipseLogger - skip non existing resourceDirectory D:\Java\Eclipse\DatConverter\converter.dat\src\main\resources
2019-03-30 05:11:36,518 [Worker-8: Building workspace] INFO  o.e.m.c.i.embedder.EclipseLogger - Using 'UTF-8' encoding to copy filtered resources.
2019-03-30 05:11:36,519 [Worker-8: Building workspace] INFO  o.e.m.c.i.embedder.EclipseLogger - skip non existing resourceDirectory D:\Java\Eclipse\DatConverter\converter.dat\src\test\resources
2019-03-30 05:11:44,442 [Worker-13: Building workspace] INFO  o.e.m.c.i.embedder.EclipseLogger - Using 'UTF-8' encoding to copy filtered resources.
2019-03-30 05:11:44,443 [Worker-13: Building workspace] INFO  o.e.m.c.i.embedder.EclipseLogger - skip non existing resourceDirectory D:\Java\Eclipse\DatConverter\converter.dat\src\main\resources
2019-03-30 05:11:44,453 [Worker-13: Building workspace] INFO  o.e.m.c.i.embedder.EclipseLogger - Using 'UTF-8' encoding to copy filtered resources.
2019-03-30 05:11:44,454 [Worker-13: Building workspace] INFO  o.e.m.c.i.embedder.EclipseLogger - skip non existing resourceDirectory D:\Java\Eclipse\DatConverter\converter.dat\src\test\resources
2019-03-30 05:11:47,897 [Worker-6: Building workspace] INFO  o.e.m.c.i.embedder.EclipseLogger - Using 'UTF-8' encoding to copy filtered resources.
2019-03-30 05:11:47,899 [Worker-6: Building workspace] INFO  o.e.m.c.i.embedder.EclipseLogger - skip non existing resourceDirectory D:\Java\Eclipse\DatConverter\converter.dat\src\main\resources
2019-03-30 05:11:47,901 [Worker-6: Building workspace] INFO  o.e.m.c.i.embedder.EclipseLogger - Using 'UTF-8' encoding to copy filtered resources.
2019-03-30 05:11:47,902 [Worker-6: Building workspace] INFO  o.e.m.c.i.embedder.EclipseLogger - skip non existing resourceDirectory D:\Java\Eclipse\DatConverter\converter.dat\src\test\resources
2019-03-30 05:11:53,949 [Worker-4: Building workspace] INFO  o.e.m.c.i.embedder.EclipseLogger - Using 'UTF-8' encoding to copy filtered resources.
2019-03-30 05:11:53,950 [Worker-4: Building workspace] INFO  o.e.m.c.i.embedder.EclipseLogger - skip non existing resourceDirectory D:\Java\Eclipse\DatConverter\converter.dat\src\main\resources
2019-03-30 05:11:53,952 [Worker-4: Building workspace] INFO  o.e.m.c.i.embedder.EclipseLogger - Using 'UTF-8' encoding to copy filtered resources.
2019-03-30 05:11:53,953 [Worker-4: Building workspace] INFO  o.e.m.c.i.embedder.EclipseLogger - skip non existing resourceDirectory D:\Java\Eclipse\DatConverter\converter.dat\src\test\resources
2019-03-30 05:12:18,795 [Worker-12: Building workspace] INFO  o.e.m.c.i.embedder.EclipseLogger - Using 'UTF-8' encoding to copy filtered resources.
2019-03-30 05:12:18,797 [Worker-12: Building workspace] INFO  o.e.m.c.i.embedder.EclipseLogger - skip non existing resourceDirectory D:\Java\Eclipse\DatConverter\converter.dat\src\main\resources
2019-03-30 05:12:18,799 [Worker-12: Building workspace] INFO  o.e.m.c.i.embedder.EclipseLogger - Using 'UTF-8' encoding to copy filtered resources.
2019-03-30 05:12:18,800 [Worker-12: Building workspace] INFO  o.e.m.c.i.embedder.EclipseLogger - skip non existing resourceDirectory D:\Java\Eclipse\DatConverter\converter.dat\src\test\resources
2019-03-30 05:12:26,261 [Worker-0: Building workspace] INFO  o.e.m.c.i.embedder.EclipseLogger - Using 'UTF-8' encoding to copy filtered resources.
2019-03-30 05:12:26,262 [Worker-0: Building workspace] INFO  o.e.m.c.i.embedder.EclipseLogger - skip non existing resourceDirectory D:\Java\Eclipse\DatConverter\converter.dat\src\main\resources
2019-03-30 05:12:26,264 [Worker-0: Building workspace] INFO  o.e.m.c.i.embedder.EclipseLogger - Using 'UTF-8' encoding to copy filtered resources.
2019-03-30 05:12:26,266 [Worker-0: Building workspace] INFO  o.e.m.c.i.embedder.EclipseLogger - skip non existing resourceDirectory D:\Java\Eclipse\DatConverter\converter.dat\src\test\resources
2019-03-30 05:12:28,802 [Worker-6: Building workspace] INFO  o.e.m.c.i.embedder.EclipseLogger - Using 'UTF-8' encoding to copy filtered resources.
2019-03-30 05:12:28,803 [Worker-6: Building workspace] INFO  o.e.m.c.i.embedder.EclipseLogger - skip non existing resourceDirectory D:\Java\Eclipse\DatConverter\converter.dat\src\main\resources
2019-03-30 05:12:28,805 [Worker-6: Building workspace] INFO  o.e.m.c.i.embedder.EclipseLogger - Using 'UTF-8' encoding to copy filtered resources.
2019-03-30 05:12:28,806 [Worker-6: Building workspace] INFO  o.e.m.c.i.embedder.EclipseLogger - skip non existing resourceDirectory D:\Java\Eclipse\DatConverter\converter.dat\src\test\resources
2019-03-30 05:12:33,372 [Worker-8: Building workspace] INFO  o.e.m.c.i.embedder.EclipseLogger - Using 'UTF-8' encoding to copy filtered resources.
2019-03-30 05:12:33,373 [Worker-8: Building workspace] INFO  o.e.m.c.i.embedder.EclipseLogger - skip non existing resourceDirectory D:\Java\Eclipse\DatConverter\converter.dat\src\main\resources
2019-03-30 05:12:33,374 [Worker-8: Building workspace] INFO  o.e.m.c.i.embedder.EclipseLogger - Using 'UTF-8' encoding to copy filtered resources.
2019-03-30 05:12:33,375 [Worker-8: Building workspace] INFO  o.e.m.c.i.embedder.EclipseLogger - skip non existing resourceDirectory D:\Java\Eclipse\DatConverter\converter.dat\src\test\resources
2019-03-30 05:12:57,264 [Worker-6: Launching App] INFO  o.e.m.c.i.embedder.EclipseLogger - Using 'UTF-8' encoding to copy filtered resources.
2019-03-30 05:12:57,265 [Worker-6: Launching App] INFO  o.e.m.c.i.embedder.EclipseLogger - skip non existing resourceDirectory D:\Java\Eclipse\DatConverter\converter.dat\src\main\resources
2019-03-30 05:12:57,267 [Worker-6: Launching App] INFO  o.e.m.c.i.embedder.EclipseLogger - Using 'UTF-8' encoding to copy filtered resources.
2019-03-30 05:12:57,268 [Worker-6: Launching App] INFO  o.e.m.c.i.embedder.EclipseLogger - skip non existing resourceDirectory D:\Java\Eclipse\DatConverter\converter.dat\src\test\resources
2019-03-30 05:13:11,929 [Worker-6: Launching App] INFO  o.e.m.c.i.embedder.EclipseLogger - Using 'UTF-8' encoding to copy filtered resources.
2019-03-30 05:13:11,930 [Worker-6: Launching App] INFO  o.e.m.c.i.embedder.EclipseLogger - skip non existing resourceDirectory D:\Java\Eclipse\DatConverter\converter.dat\src\main\resources
2019-03-30 05:13:11,931 [Worker-6: Launching App] INFO  o.e.m.c.i.embedder.EclipseLogger - Using 'UTF-8' encoding to copy filtered resources.
2019-03-30 05:13:11,932 [Worker-6: Launching App] INFO  o.e.m.c.i.embedder.EclipseLogger - skip non existing resourceDirectory D:\Java\Eclipse\DatConverter\converter.dat\src\test\resources
2019-03-30 05:14:07,774 [Worker-13: Building workspace] INFO  o.e.m.c.i.embedder.EclipseLogger - Using 'UTF-8' encoding to copy filtered resources.
2019-03-30 05:14:07,776 [Worker-13: Building workspace] INFO  o.e.m.c.i.embedder.EclipseLogger - skip non existing resourceDirectory D:\Java\Eclipse\DatConverter\converter.dat\src\main\resources
2019-03-30 05:14:07,779 [Worker-13: Building workspace] INFO  o.e.m.c.i.embedder.EclipseLogger - Using 'UTF-8' encoding to copy filtered resources.
2019-03-30 05:14:07,780 [Worker-13: Building workspace] INFO  o.e.m.c.i.embedder.EclipseLogger - skip non existing resourceDirectory D:\Java\Eclipse\DatConverter\converter.dat\src\test\resources
2019-03-30 05:14:13,065 [Worker-12: Building workspace] INFO  o.e.m.c.i.embedder.EclipseLogger - Using 'UTF-8' encoding to copy filtered resources.
2019-03-30 05:14:13,066 [Worker-12: Building workspace] INFO  o.e.m.c.i.embedder.EclipseLogger - skip non existing resourceDirectory D:\Java\Eclipse\DatConverter\converter.dat\src\main\resources
2019-03-30 05:14:13,068 [Worker-12: Building workspace] INFO  o.e.m.c.i.embedder.EclipseLogger - Using 'UTF-8' encoding to copy filtered resources.
2019-03-30 05:14:13,069 [Worker-12: Building workspace] INFO  o.e.m.c.i.embedder.EclipseLogger - skip non existing resourceDirectory D:\Java\Eclipse\DatConverter\converter.dat\src\test\resources
2019-03-30 05:14:21,769 [Worker-8: Building workspace] INFO  o.e.m.c.i.embedder.EclipseLogger - Using 'UTF-8' encoding to copy filtered resources.
2019-03-30 05:14:21,770 [Worker-8: Building workspace] INFO  o.e.m.c.i.embedder.EclipseLogger - skip non existing resourceDirectory D:\Java\Eclipse\DatConverter\converter.dat\src\main\resources
2019-03-30 05:14:21,773 [Worker-8: Building workspace] INFO  o.e.m.c.i.embedder.EclipseLogger - Using 'UTF-8' encoding to copy filtered resources.
2019-03-30 05:14:21,774 [Worker-8: Building workspace] INFO  o.e.m.c.i.embedder.EclipseLogger - skip non existing resourceDirectory D:\Java\Eclipse\DatConverter\converter.dat\src\test\resources
2019-03-30 05:19:42,217 [Worker-14: Launching App] INFO  o.e.m.c.i.embedder.EclipseLogger - Using 'UTF-8' encoding to copy filtered resources.
2019-03-30 05:19:42,218 [Worker-14: Launching App] INFO  o.e.m.c.i.embedder.EclipseLogger - skip non existing resourceDirectory D:\Java\Eclipse\DatConverter\converter.dat\src\main\resources
2019-03-30 05:19:42,219 [Worker-14: Launching App] INFO  o.e.m.c.i.embedder.EclipseLogger - Using 'UTF-8' encoding to copy filtered resources.
2019-03-30 05:19:42,219 [Worker-14: Launching App] INFO  o.e.m.c.i.embedder.EclipseLogger - skip non existing resourceDirectory D:\Java\Eclipse\DatConverter\converter.dat\src\test\resources
2019-03-30 05:19:54,917 [Worker-8: Launching App] INFO  o.e.m.c.i.embedder.EclipseLogger - Using 'UTF-8' encoding to copy filtered resources.
2019-03-30 05:19:54,918 [Worker-8: Launching App] INFO  o.e.m.c.i.embedder.EclipseLogger - skip non existing resourceDirectory D:\Java\Eclipse\DatConverter\converter.dat\src\main\resources
2019-03-30 05:19:54,919 [Worker-8: Launching App] INFO  o.e.m.c.i.embedder.EclipseLogger - Using 'UTF-8' encoding to copy filtered resources.
2019-03-30 05:19:54,920 [Worker-8: Launching App] INFO  o.e.m.c.i.embedder.EclipseLogger - skip non existing resourceDirectory D:\Java\Eclipse\DatConverter\converter.dat\src\test\resources
2019-03-30 05:20:05,975 [Worker-15: Launching App] INFO  o.e.m.c.i.embedder.EclipseLogger - Using 'UTF-8' encoding to copy filtered resources.
2019-03-30 05:20:05,978 [Worker-15: Launching App] INFO  o.e.m.c.i.embedder.EclipseLogger - skip non existing resourceDirectory D:\Java\Eclipse\DatConverter\converter.dat\src\main\resources
2019-03-30 05:20:05,980 [Worker-15: Launching App] INFO  o.e.m.c.i.embedder.EclipseLogger - Using 'UTF-8' encoding to copy filtered resources.
2019-03-30 05:20:05,982 [Worker-15: Launching App] INFO  o.e.m.c.i.embedder.EclipseLogger - skip non existing resourceDirectory D:\Java\Eclipse\DatConverter\converter.dat\src\test\resources
2019-03-30 05:25:42,996 [Worker-8: Building workspace] INFO  o.e.m.c.i.embedder.EclipseLogger - Using 'UTF-8' encoding to copy filtered resources.
2019-03-30 05:25:42,997 [Worker-8: Building workspace] INFO  o.e.m.c.i.embedder.EclipseLogger - skip non existing resourceDirectory D:\Java\Eclipse\DatConverter\converter.dat\src\main\resources
2019-03-30 05:25:42,999 [Worker-8: Building workspace] INFO  o.e.m.c.i.embedder.EclipseLogger - Using 'UTF-8' encoding to copy filtered resources.
2019-03-30 05:25:42,999 [Worker-8: Building workspace] INFO  o.e.m.c.i.embedder.EclipseLogger - skip non existing resourceDirectory D:\Java\Eclipse\DatConverter\converter.dat\src\test\resources
2019-03-30 05:25:44,453 [Worker-8: Building workspace] INFO  o.e.m.c.i.embedder.EclipseLogger - Using 'UTF-8' encoding to copy filtered resources.
2019-03-30 05:25:44,453 [Worker-8: Building workspace] INFO  o.e.m.c.i.embedder.EclipseLogger - skip non existing resourceDirectory D:\Java\Eclipse\DatConverter\converter.dat\src\main\resources
2019-03-30 05:25:44,454 [Worker-8: Building workspace] INFO  o.e.m.c.i.embedder.EclipseLogger - Using 'UTF-8' encoding to copy filtered resources.
2019-03-30 05:25:44,455 [Worker-8: Building workspace] INFO  o.e.m.c.i.embedder.EclipseLogger - skip non existing resourceDirectory D:\Java\Eclipse\DatConverter\converter.dat\src\test\resources
2019-03-30 05:26:30,461 [Worker-12: Building workspace] INFO  o.e.m.c.i.embedder.EclipseLogger - Using 'UTF-8' encoding to copy filtered resources.
2019-03-30 05:26:30,462 [Worker-12: Building workspace] INFO  o.e.m.c.i.embedder.EclipseLogger - skip non existing resourceDirectory D:\Java\Eclipse\DatConverter\converter.dat\src\main\resources
2019-03-30 05:26:30,464 [Worker-12: Building workspace] INFO  o.e.m.c.i.embedder.EclipseLogger - Using 'UTF-8' encoding to copy filtered resources.
2019-03-30 05:26:30,464 [Worker-12: Building workspace] INFO  o.e.m.c.i.embedder.EclipseLogger - skip non existing resourceDirectory D:\Java\Eclipse\DatConverter\converter.dat\src\test\resources
2019-03-30 05:26:34,760 [Worker-8: Building workspace] INFO  o.e.m.c.i.embedder.EclipseLogger - Using 'UTF-8' encoding to copy filtered resources.
2019-03-30 05:26:34,761 [Worker-8: Building workspace] INFO  o.e.m.c.i.embedder.EclipseLogger - skip non existing resourceDirectory D:\Java\Eclipse\DatConverter\converter.dat\src\main\resources
2019-03-30 05:26:34,763 [Worker-8: Building workspace] INFO  o.e.m.c.i.embedder.EclipseLogger - Using 'UTF-8' encoding to copy filtered resources.
2019-03-30 05:26:34,764 [Worker-8: Building workspace] INFO  o.e.m.c.i.embedder.EclipseLogger - skip non existing resourceDirectory D:\Java\Eclipse\DatConverter\converter.dat\src\test\resources
2019-03-30 05:27:47,823 [Worker-12: Launching App] INFO  o.e.m.c.i.embedder.EclipseLogger - Using 'UTF-8' encoding to copy filtered resources.
2019-03-30 05:27:47,824 [Worker-12: Launching App] INFO  o.e.m.c.i.embedder.EclipseLogger - skip non existing resourceDirectory D:\Java\Eclipse\DatConverter\converter.dat\src\main\resources
2019-03-30 05:27:47,825 [Worker-12: Launching App] INFO  o.e.m.c.i.embedder.EclipseLogger - Using 'UTF-8' encoding to copy filtered resources.
2019-03-30 05:27:47,826 [Worker-12: Launching App] INFO  o.e.m.c.i.embedder.EclipseLogger - skip non existing resourceDirectory D:\Java\Eclipse\DatConverter\converter.dat\src\test\resources
2019-03-30 05:28:09,567 [Worker-15: Building workspace] INFO  o.e.m.c.i.embedder.EclipseLogger - Using 'UTF-8' encoding to copy filtered resources.
2019-03-30 05:28:09,568 [Worker-15: Building workspace] INFO  o.e.m.c.i.embedder.EclipseLogger - skip non existing resourceDirectory D:\Java\Eclipse\DatConverter\converter.dat\src\main\resources
2019-03-30 05:28:09,570 [Worker-15: Building workspace] INFO  o.e.m.c.i.embedder.EclipseLogger - Using 'UTF-8' encoding to copy filtered resources.
2019-03-30 05:28:09,571 [Worker-15: Building workspace] INFO  o.e.m.c.i.embedder.EclipseLogger - skip non existing resourceDirectory D:\Java\Eclipse\DatConverter\converter.dat\src\test\resources
2019-03-30 05:28:48,433 [Worker-18: Building workspace] INFO  o.e.m.c.i.embedder.EclipseLogger - Using 'UTF-8' encoding to copy filtered resources.
2019-03-30 05:28:48,434 [Worker-18: Building workspace] INFO  o.e.m.c.i.embedder.EclipseLogger - skip non existing resourceDirectory D:\Java\Eclipse\DatConverter\converter.dat\src\main\resources
2019-03-30 05:28:48,436 [Worker-18: Building workspace] INFO  o.e.m.c.i.embedder.EclipseLogger - Using 'UTF-8' encoding to copy filtered resources.
2019-03-30 05:28:48,437 [Worker-18: Building workspace] INFO  o.e.m.c.i.embedder.EclipseLogger - skip non existing resourceDirectory D:\Java\Eclipse\DatConverter\converter.dat\src\test\resources
2019-03-30 05:29:05,000 [Worker-16: Building workspace] INFO  o.e.m.c.i.embedder.EclipseLogger - Using 'UTF-8' encoding to copy filtered resources.
2019-03-30 05:29:05,000 [Worker-16: Building workspace] INFO  o.e.m.c.i.embedder.EclipseLogger - skip non existing resourceDirectory D:\Java\Eclipse\DatConverter\converter.dat\src\main\resources
2019-03-30 05:29:05,003 [Worker-16: Building workspace] INFO  o.e.m.c.i.embedder.EclipseLogger - Using 'UTF-8' encoding to copy filtered resources.
2019-03-30 05:29:05,004 [Worker-16: Building workspace] INFO  o.e.m.c.i.embedder.EclipseLogger - skip non existing resourceDirectory D:\Java\Eclipse\DatConverter\converter.dat\src\test\resources
2019-03-30 05:29:22,263 [Worker-17: Building workspace] INFO  o.e.m.c.i.embedder.EclipseLogger - Using 'UTF-8' encoding to copy filtered resources.
2019-03-30 05:29:22,263 [Worker-17: Building workspace] INFO  o.e.m.c.i.embedder.EclipseLogger - skip non existing resourceDirectory D:\Java\Eclipse\DatConverter\converter.dat\src\main\resources
2019-03-30 05:29:22,265 [Worker-17: Building workspace] INFO  o.e.m.c.i.embedder.EclipseLogger - Using 'UTF-8' encoding to copy filtered resources.
2019-03-30 05:29:22,265 [Worker-17: Building workspace] INFO  o.e.m.c.i.embedder.EclipseLogger - skip non existing resourceDirectory D:\Java\Eclipse\DatConverter\converter.dat\src\test\resources
2019-03-30 05:29:39,291 [Worker-16: Building workspace] INFO  o.e.m.c.i.embedder.EclipseLogger - Using 'UTF-8' encoding to copy filtered resources.
2019-03-30 05:29:39,292 [Worker-16: Building workspace] INFO  o.e.m.c.i.embedder.EclipseLogger - skip non existing resourceDirectory D:\Java\Eclipse\DatConverter\converter.dat\src\main\resources
2019-03-30 05:29:39,294 [Worker-16: Building workspace] INFO  o.e.m.c.i.embedder.EclipseLogger - Using 'UTF-8' encoding to copy filtered resources.
2019-03-30 05:29:39,295 [Worker-16: Building workspace] INFO  o.e.m.c.i.embedder.EclipseLogger - skip non existing resourceDirectory D:\Java\Eclipse\DatConverter\converter.dat\src\test\resources
2019-03-30 05:30:44,160 [Worker-17: Building workspace] INFO  o.e.m.c.i.embedder.EclipseLogger - Using 'UTF-8' encoding to copy filtered resources.
2019-03-30 05:30:44,161 [Worker-17: Building workspace] INFO  o.e.m.c.i.embedder.EclipseLogger - skip non existing resourceDirectory D:\Java\Eclipse\DatConverter\converter.dat\src\main\resources
2019-03-30 05:30:44,165 [Worker-17: Building workspace] INFO  o.e.m.c.i.embedder.EclipseLogger - Using 'UTF-8' encoding to copy filtered resources.
2019-03-30 05:30:44,166 [Worker-17: Building workspace] INFO  o.e.m.c.i.embedder.EclipseLogger - skip non existing resourceDirectory D:\Java\Eclipse\DatConverter\converter.dat\src\test\resources
2019-03-30 05:31:39,549 [Worker-8: Building workspace] INFO  o.e.m.c.i.embedder.EclipseLogger - Using 'UTF-8' encoding to copy filtered resources.
2019-03-30 05:31:39,549 [Worker-8: Building workspace] INFO  o.e.m.c.i.embedder.EclipseLogger - skip non existing resourceDirectory D:\Java\Eclipse\DatConverter\converter.dat\src\main\resources
2019-03-30 05:31:39,553 [Worker-8: Building workspace] INFO  o.e.m.c.i.embedder.EclipseLogger - Using 'UTF-8' encoding to copy filtered resources.
2019-03-30 05:31:39,554 [Worker-8: Building workspace] INFO  o.e.m.c.i.embedder.EclipseLogger - skip non existing resourceDirectory D:\Java\Eclipse\DatConverter\converter.dat\src\test\resources
2019-03-30 05:31:42,941 [Worker-15: Building workspace] INFO  o.e.m.c.i.embedder.EclipseLogger - Using 'UTF-8' encoding to copy filtered resources.
2019-03-30 05:31:42,942 [Worker-15: Building workspace] INFO  o.e.m.c.i.embedder.EclipseLogger - skip non existing resourceDirectory D:\Java\Eclipse\DatConverter\converter.dat\src\main\resources
2019-03-30 05:31:42,944 [Worker-15: Building workspace] INFO  o.e.m.c.i.embedder.EclipseLogger - Using 'UTF-8' encoding to copy filtered resources.
2019-03-30 05:31:42,944 [Worker-15: Building workspace] INFO  o.e.m.c.i.embedder.EclipseLogger - skip non existing resourceDirectory D:\Java\Eclipse\DatConverter\converter.dat\src\test\resources
2019-03-30 05:32:04,769 [Worker-12: Building workspace] INFO  o.e.m.c.i.embedder.EclipseLogger - Using 'UTF-8' encoding to copy filtered resources.
2019-03-30 05:32:04,769 [Worker-12: Building workspace] INFO  o.e.m.c.i.embedder.EclipseLogger - skip non existing resourceDirectory D:\Java\Eclipse\DatConverter\converter.dat\src\main\resources
2019-03-30 05:32:04,771 [Worker-12: Building workspace] INFO  o.e.m.c.i.embedder.EclipseLogger - Using 'UTF-8' encoding to copy filtered resources.
2019-03-30 05:32:04,771 [Worker-12: Building workspace] INFO  o.e.m.c.i.embedder.EclipseLogger - skip non existing resourceDirectory D:\Java\Eclipse\DatConverter\converter.dat\src\test\resources
2019-03-30 05:36:01,064 [Worker-17: Building workspace] INFO  o.e.m.c.i.embedder.EclipseLogger - Using 'UTF-8' encoding to copy filtered resources.
2019-03-30 05:36:01,065 [Worker-17: Building workspace] INFO  o.e.m.c.i.embedder.EclipseLogger - skip non existing resourceDirectory D:\Java\Eclipse\DatConverter\converter.dat\src\main\resources
2019-03-30 05:36:01,067 [Worker-17: Building workspace] INFO  o.e.m.c.i.embedder.EclipseLogger - Using 'UTF-8' encoding to copy filtered resources.
2019-03-30 05:36:01,067 [Worker-17: Building workspace] INFO  o.e.m.c.i.embedder.EclipseLogger - skip non existing resourceDirectory D:\Java\Eclipse\DatConverter\converter.dat\src\test\resources
2019-03-30 05:37:12,027 [Worker-20: Building workspace] INFO  o.e.m.c.i.embedder.EclipseLogger - Using 'UTF-8' encoding to copy filtered resources.
2019-03-30 05:37:12,027 [Worker-20: Building workspace] INFO  o.e.m.c.i.embedder.EclipseLogger - skip non existing resourceDirectory D:\Java\Eclipse\DatConverter\converter.dat\src\main\resources
2019-03-30 05:37:12,029 [Worker-20: Building workspace] INFO  o.e.m.c.i.embedder.EclipseLogger - Using 'UTF-8' encoding to copy filtered resources.
2019-03-30 05:37:12,030 [Worker-20: Building workspace] INFO  o.e.m.c.i.embedder.EclipseLogger - skip non existing resourceDirectory D:\Java\Eclipse\DatConverter\converter.dat\src\test\resources
2019-03-30 05:37:22,889 [Worker-20: Building workspace] INFO  o.e.m.c.i.embedder.EclipseLogger - Using 'UTF-8' encoding to copy filtered resources.
2019-03-30 05:37:22,889 [Worker-20: Building workspace] INFO  o.e.m.c.i.embedder.EclipseLogger - skip non existing resourceDirectory D:\Java\Eclipse\DatConverter\converter.dat\src\main\resources
2019-03-30 05:37:22,891 [Worker-20: Building workspace] INFO  o.e.m.c.i.embedder.EclipseLogger - Using 'UTF-8' encoding to copy filtered resources.
2019-03-30 05:37:22,891 [Worker-20: Building workspace] INFO  o.e.m.c.i.embedder.EclipseLogger - skip non existing resourceDirectory D:\Java\Eclipse\DatConverter\converter.dat\src\test\resources
2019-03-30 05:40:37,363 [Worker-22: Launching App] INFO  o.e.m.c.i.embedder.EclipseLogger - Using 'UTF-8' encoding to copy filtered resources.
2019-03-30 05:40:37,364 [Worker-22: Launching App] INFO  o.e.m.c.i.embedder.EclipseLogger - skip non existing resourceDirectory D:\Java\Eclipse\DatConverter\converter.dat\src\main\resources
2019-03-30 05:40:37,365 [Worker-22: Launching App] INFO  o.e.m.c.i.embedder.EclipseLogger - Using 'UTF-8' encoding to copy filtered resources.
2019-03-30 05:40:37,366 [Worker-22: Launching App] INFO  o.e.m.c.i.embedder.EclipseLogger - skip non existing resourceDirectory D:\Java\Eclipse\DatConverter\converter.dat\src\test\resources
2019-03-30 05:40:58,908 [Worker-28: Building workspace] INFO  o.e.m.c.i.embedder.EclipseLogger - Using 'UTF-8' encoding to copy filtered resources.
2019-03-30 05:40:58,909 [Worker-28: Building workspace] INFO  o.e.m.c.i.embedder.EclipseLogger - skip non existing resourceDirectory D:\Java\Eclipse\DatConverter\converter.dat\src\main\resources
2019-03-30 05:40:58,910 [Worker-28: Building workspace] INFO  o.e.m.c.i.embedder.EclipseLogger - Using 'UTF-8' encoding to copy filtered resources.
2019-03-30 05:40:58,911 [Worker-28: Building workspace] INFO  o.e.m.c.i.embedder.EclipseLogger - skip non existing resourceDirectory D:\Java\Eclipse\DatConverter\converter.dat\src\test\resources
2019-03-30 05:43:26,361 [Worker-28: Building workspace] INFO  o.e.m.c.i.embedder.EclipseLogger - Using 'UTF-8' encoding to copy filtered resources.
2019-03-30 05:43:26,362 [Worker-28: Building workspace] INFO  o.e.m.c.i.embedder.EclipseLogger - skip non existing resourceDirectory D:\Java\Eclipse\DatConverter\converter.dat\src\main\resources
2019-03-30 05:43:26,364 [Worker-28: Building workspace] INFO  o.e.m.c.i.embedder.EclipseLogger - Using 'UTF-8' encoding to copy filtered resources.
2019-03-30 05:43:26,364 [Worker-28: Building workspace] INFO  o.e.m.c.i.embedder.EclipseLogger - skip non existing resourceDirectory D:\Java\Eclipse\DatConverter\converter.dat\src\test\resources
2019-03-30 05:43:46,964 [Worker-29: Building workspace] INFO  o.e.m.c.i.embedder.EclipseLogger - Using 'UTF-8' encoding to copy filtered resources.
2019-03-30 05:43:46,966 [Worker-29: Building workspace] INFO  o.e.m.c.i.embedder.EclipseLogger - skip non existing resourceDirectory D:\Java\Eclipse\DatConverter\converter.dat\src\main\resources
2019-03-30 05:43:46,967 [Worker-29: Building workspace] INFO  o.e.m.c.i.embedder.EclipseLogger - Using 'UTF-8' encoding to copy filtered resources.
2019-03-30 05:43:46,968 [Worker-29: Building workspace] INFO  o.e.m.c.i.embedder.EclipseLogger - skip non existing resourceDirectory D:\Java\Eclipse\DatConverter\converter.dat\src\test\resources
2019-03-30 05:43:57,466 [Worker-30: Building workspace] INFO  o.e.m.c.i.embedder.EclipseLogger - Using 'UTF-8' encoding to copy filtered resources.
2019-03-30 05:43:57,467 [Worker-30: Building workspace] INFO  o.e.m.c.i.embedder.EclipseLogger - skip non existing resourceDirectory D:\Java\Eclipse\DatConverter\converter.dat\src\main\resources
2019-03-30 05:43:57,468 [Worker-30: Building workspace] INFO  o.e.m.c.i.embedder.EclipseLogger - Using 'UTF-8' encoding to copy filtered resources.
2019-03-30 05:43:57,469 [Worker-30: Building workspace] INFO  o.e.m.c.i.embedder.EclipseLogger - skip non existing resourceDirectory D:\Java\Eclipse\DatConverter\converter.dat\src\test\resources
2019-03-30 05:44:04,973 [Worker-30: Building workspace] INFO  o.e.m.c.i.embedder.EclipseLogger - Using 'UTF-8' encoding to copy filtered resources.
2019-03-30 05:44:04,973 [Worker-30: Building workspace] INFO  o.e.m.c.i.embedder.EclipseLogger - skip non existing resourceDirectory D:\Java\Eclipse\DatConverter\converter.dat\src\main\resources
2019-03-30 05:44:04,975 [Worker-30: Building workspace] INFO  o.e.m.c.i.embedder.EclipseLogger - Using 'UTF-8' encoding to copy filtered resources.
2019-03-30 05:44:04,975 [Worker-30: Building workspace] INFO  o.e.m.c.i.embedder.EclipseLogger - skip non existing resourceDirectory D:\Java\Eclipse\DatConverter\converter.dat\src\test\resources
2019-03-30 05:44:11,983 [Worker-30: Launching App] INFO  o.e.m.c.i.embedder.EclipseLogger - Using 'UTF-8' encoding to copy filtered resources.
2019-03-30 05:44:11,983 [Worker-30: Launching App] INFO  o.e.m.c.i.embedder.EclipseLogger - skip non existing resourceDirectory D:\Java\Eclipse\DatConverter\converter.dat\src\main\resources
2019-03-30 05:44:11,985 [Worker-30: Launching App] INFO  o.e.m.c.i.embedder.EclipseLogger - Using 'UTF-8' encoding to copy filtered resources.
2019-03-30 05:44:11,985 [Worker-30: Launching App] INFO  o.e.m.c.i.embedder.EclipseLogger - skip non existing resourceDirectory D:\Java\Eclipse\DatConverter\converter.dat\src\test\resources
2019-03-30 05:44:29,801 [Worker-26: Building workspace] INFO  o.e.m.c.i.embedder.EclipseLogger - Using 'UTF-8' encoding to copy filtered resources.
2019-03-30 05:44:29,802 [Worker-26: Building workspace] INFO  o.e.m.c.i.embedder.EclipseLogger - skip non existing resourceDirectory D:\Java\Eclipse\DatConverter\converter.dat\src\main\resources
2019-03-30 05:44:29,804 [Worker-26: Building workspace] INFO  o.e.m.c.i.embedder.EclipseLogger - Using 'UTF-8' encoding to copy filtered resources.
2019-03-30 05:44:29,805 [Worker-26: Building workspace] INFO  o.e.m.c.i.embedder.EclipseLogger - skip non existing resourceDirectory D:\Java\Eclipse\DatConverter\converter.dat\src\test\resources
2019-03-30 05:44:54,066 [Worker-31: Building workspace] INFO  o.e.m.c.i.embedder.EclipseLogger - Using 'UTF-8' encoding to copy filtered resources.
2019-03-30 05:44:54,067 [Worker-31: Building workspace] INFO  o.e.m.c.i.embedder.EclipseLogger - skip non existing resourceDirectory D:\Java\Eclipse\DatConverter\converter.dat\src\main\resources
2019-03-30 05:44:54,069 [Worker-31: Building workspace] INFO  o.e.m.c.i.embedder.EclipseLogger - Using 'UTF-8' encoding to copy filtered resources.
2019-03-30 05:44:54,070 [Worker-31: Building workspace] INFO  o.e.m.c.i.embedder.EclipseLogger - skip non existing resourceDirectory D:\Java\Eclipse\DatConverter\converter.dat\src\test\resources
2019-03-30 05:46:33,750 [Worker-27: Building workspace] INFO  o.e.m.c.i.embedder.EclipseLogger - Using 'UTF-8' encoding to copy filtered resources.
2019-03-30 05:46:33,750 [Worker-27: Building workspace] INFO  o.e.m.c.i.embedder.EclipseLogger - skip non existing resourceDirectory D:\Java\Eclipse\DatConverter\converter.dat\src\main\resources
2019-03-30 05:46:33,752 [Worker-27: Building workspace] INFO  o.e.m.c.i.embedder.EclipseLogger - Using 'UTF-8' encoding to copy filtered resources.
2019-03-30 05:46:33,752 [Worker-27: Building workspace] INFO  o.e.m.c.i.embedder.EclipseLogger - skip non existing resourceDirectory D:\Java\Eclipse\DatConverter\converter.dat\src\test\resources
2019-03-30 05:46:39,685 [Worker-29: Building workspace] INFO  o.e.m.c.i.embedder.EclipseLogger - Using 'UTF-8' encoding to copy filtered resources.
2019-03-30 05:46:39,685 [Worker-29: Building workspace] INFO  o.e.m.c.i.embedder.EclipseLogger - skip non existing resourceDirectory D:\Java\Eclipse\DatConverter\converter.dat\src\main\resources
2019-03-30 05:46:39,687 [Worker-29: Building workspace] INFO  o.e.m.c.i.embedder.EclipseLogger - Using 'UTF-8' encoding to copy filtered resources.
2019-03-30 05:46:39,688 [Worker-29: Building workspace] INFO  o.e.m.c.i.embedder.EclipseLogger - skip non existing resourceDirectory D:\Java\Eclipse\DatConverter\converter.dat\src\test\resources
2019-03-30 05:46:46,981 [Worker-26: Building workspace] INFO  o.e.m.c.i.embedder.EclipseLogger - Using 'UTF-8' encoding to copy filtered resources.
2019-03-30 05:46:46,981 [Worker-26: Building workspace] INFO  o.e.m.c.i.embedder.EclipseLogger - skip non existing resourceDirectory D:\Java\Eclipse\DatConverter\converter.dat\src\main\resources
2019-03-30 05:46:46,983 [Worker-26: Building workspace] INFO  o.e.m.c.i.embedder.EclipseLogger - Using 'UTF-8' encoding to copy filtered resources.
2019-03-30 05:46:46,983 [Worker-26: Building workspace] INFO  o.e.m.c.i.embedder.EclipseLogger - skip non existing resourceDirectory D:\Java\Eclipse\DatConverter\converter.dat\src\test\resources
2019-03-30 05:47:35,862 [Worker-27: Building workspace] INFO  o.e.m.c.i.embedder.EclipseLogger - Using 'UTF-8' encoding to copy filtered resources.
2019-03-30 05:47:35,862 [Worker-27: Building workspace] INFO  o.e.m.c.i.embedder.EclipseLogger - skip non existing resourceDirectory D:\Java\Eclipse\DatConverter\converter.dat\src\main\resources
2019-03-30 05:47:35,864 [Worker-27: Building workspace] INFO  o.e.m.c.i.embedder.EclipseLogger - Using 'UTF-8' encoding to copy filtered resources.
2019-03-30 05:47:35,864 [Worker-27: Building workspace] INFO  o.e.m.c.i.embedder.EclipseLogger - skip non existing resourceDirectory D:\Java\Eclipse\DatConverter\converter.dat\src\test\resources
2019-03-30 05:48:45,574 [Worker-25: Building workspace] INFO  o.e.m.c.i.embedder.EclipseLogger - Using 'UTF-8' encoding to copy filtered resources.
2019-03-30 05:48:45,575 [Worker-25: Building workspace] INFO  o.e.m.c.i.embedder.EclipseLogger - skip non existing resourceDirectory D:\Java\Eclipse\DatConverter\converter.dat\src\main\resources
2019-03-30 05:48:45,591 [Worker-25: Building workspace] INFO  o.e.m.c.i.embedder.EclipseLogger - Using 'UTF-8' encoding to copy filtered resources.
2019-03-30 05:48:45,592 [Worker-25: Building workspace] INFO  o.e.m.c.i.embedder.EclipseLogger - skip non existing resourceDirectory D:\Java\Eclipse\DatConverter\converter.dat\src\test\resources
2019-03-30 05:49:14,824 [Worker-29: Building workspace] INFO  o.e.m.c.i.embedder.EclipseLogger - Using 'UTF-8' encoding to copy filtered resources.
2019-03-30 05:49:14,825 [Worker-29: Building workspace] INFO  o.e.m.c.i.embedder.EclipseLogger - skip non existing resourceDirectory D:\Java\Eclipse\DatConverter\converter.dat\src\main\resources
2019-03-30 05:49:14,827 [Worker-29: Building workspace] INFO  o.e.m.c.i.embedder.EclipseLogger - Using 'UTF-8' encoding to copy filtered resources.
2019-03-30 05:49:14,828 [Worker-29: Building workspace] INFO  o.e.m.c.i.embedder.EclipseLogger - skip non existing resourceDirectory D:\Java\Eclipse\DatConverter\converter.dat\src\test\resources
2019-03-30 05:51:14,178 [Worker-29: Building workspace] INFO  o.e.m.c.i.embedder.EclipseLogger - Using 'UTF-8' encoding to copy filtered resources.
2019-03-30 05:51:14,178 [Worker-29: Building workspace] INFO  o.e.m.c.i.embedder.EclipseLogger - skip non existing resourceDirectory D:\Java\Eclipse\DatConverter\converter.dat\src\main\resources
2019-03-30 05:51:14,180 [Worker-29: Building workspace] INFO  o.e.m.c.i.embedder.EclipseLogger - Using 'UTF-8' encoding to copy filtered resources.
2019-03-30 05:51:14,181 [Worker-29: Building workspace] INFO  o.e.m.c.i.embedder.EclipseLogger - skip non existing resourceDirectory D:\Java\Eclipse\DatConverter\converter.dat\src\test\resources
2019-03-30 05:51:18,385 [Worker-25: Building workspace] INFO  o.e.m.c.i.embedder.EclipseLogger - Using 'UTF-8' encoding to copy filtered resources.
2019-03-30 05:51:18,386 [Worker-25: Building workspace] INFO  o.e.m.c.i.embedder.EclipseLogger - skip non existing resourceDirectory D:\Java\Eclipse\DatConverter\converter.dat\src\main\resources
2019-03-30 05:51:18,388 [Worker-25: Building workspace] INFO  o.e.m.c.i.embedder.EclipseLogger - Using 'UTF-8' encoding to copy filtered resources.
2019-03-30 05:51:18,390 [Worker-25: Building workspace] INFO  o.e.m.c.i.embedder.EclipseLogger - skip non existing resourceDirectory D:\Java\Eclipse\DatConverter\converter.dat\src\test\resources
2019-03-30 05:51:25,762 [Worker-29: Building workspace] INFO  o.e.m.c.i.embedder.EclipseLogger - Using 'UTF-8' encoding to copy filtered resources.
2019-03-30 05:51:25,762 [Worker-29: Building workspace] INFO  o.e.m.c.i.embedder.EclipseLogger - skip non existing resourceDirectory D:\Java\Eclipse\DatConverter\converter.dat\src\main\resources
2019-03-30 05:51:25,764 [Worker-29: Building workspace] INFO  o.e.m.c.i.embedder.EclipseLogger - Using 'UTF-8' encoding to copy filtered resources.
2019-03-30 05:51:25,764 [Worker-29: Building workspace] INFO  o.e.m.c.i.embedder.EclipseLogger - skip non existing resourceDirectory D:\Java\Eclipse\DatConverter\converter.dat\src\test\resources
2019-03-30 05:51:38,163 [Worker-29: Launching App] INFO  o.e.m.c.i.embedder.EclipseLogger - Using 'UTF-8' encoding to copy filtered resources.
2019-03-30 05:51:38,163 [Worker-29: Launching App] INFO  o.e.m.c.i.embedder.EclipseLogger - skip non existing resourceDirectory D:\Java\Eclipse\DatConverter\converter.dat\src\main\resources
2019-03-30 05:51:38,164 [Worker-29: Launching App] INFO  o.e.m.c.i.embedder.EclipseLogger - Using 'UTF-8' encoding to copy filtered resources.
2019-03-30 05:51:38,165 [Worker-29: Launching App] INFO  o.e.m.c.i.embedder.EclipseLogger - skip non existing resourceDirectory D:\Java\Eclipse\DatConverter\converter.dat\src\test\resources
2019-03-30 05:51:56,919 [Worker-31: Building workspace] INFO  o.e.m.c.i.embedder.EclipseLogger - Using 'UTF-8' encoding to copy filtered resources.
2019-03-30 05:51:56,920 [Worker-31: Building workspace] INFO  o.e.m.c.i.embedder.EclipseLogger - skip non existing resourceDirectory D:\Java\Eclipse\DatConverter\converter.dat\src\main\resources
2019-03-30 05:51:56,922 [Worker-31: Building workspace] INFO  o.e.m.c.i.embedder.EclipseLogger - Using 'UTF-8' encoding to copy filtered resources.
2019-03-30 05:51:56,923 [Worker-31: Building workspace] INFO  o.e.m.c.i.embedder.EclipseLogger - skip non existing resourceDirectory D:\Java\Eclipse\DatConverter\converter.dat\src\test\resources
2019-03-30 05:52:02,218 [Worker-29: Building workspace] INFO  o.e.m.c.i.embedder.EclipseLogger - Using 'UTF-8' encoding to copy filtered resources.
2019-03-30 05:52:02,218 [Worker-29: Building workspace] INFO  o.e.m.c.i.embedder.EclipseLogger - skip non existing resourceDirectory D:\Java\Eclipse\DatConverter\converter.dat\src\main\resources
2019-03-30 05:52:02,220 [Worker-29: Building workspace] INFO  o.e.m.c.i.embedder.EclipseLogger - Using 'UTF-8' encoding to copy filtered resources.
2019-03-30 05:52:02,221 [Worker-29: Building workspace] INFO  o.e.m.c.i.embedder.EclipseLogger - skip non existing resourceDirectory D:\Java\Eclipse\DatConverter\converter.dat\src\test\resources
2019-03-30 05:55:00,285 [Worker-26: Building workspace] INFO  o.e.m.c.i.embedder.EclipseLogger - Using 'UTF-8' encoding to copy filtered resources.
2019-03-30 05:55:00,285 [Worker-26: Building workspace] INFO  o.e.m.c.i.embedder.EclipseLogger - skip non existing resourceDirectory D:\Java\Eclipse\DatConverter\converter.dat\src\main\resources
2019-03-30 05:55:00,286 [Worker-26: Building workspace] INFO  o.e.m.c.i.embedder.EclipseLogger - Using 'UTF-8' encoding to copy filtered resources.
2019-03-30 05:55:00,287 [Worker-26: Building workspace] INFO  o.e.m.c.i.embedder.EclipseLogger - skip non existing resourceDirectory D:\Java\Eclipse\DatConverter\converter.dat\src\test\resources
2019-03-30 05:55:10,448 [Worker-27: Building workspace] INFO  o.e.m.c.i.embedder.EclipseLogger - Using 'UTF-8' encoding to copy filtered resources.
2019-03-30 05:55:10,448 [Worker-27: Building workspace] INFO  o.e.m.c.i.embedder.EclipseLogger - skip non existing resourceDirectory D:\Java\Eclipse\DatConverter\converter.dat\src\main\resources
2019-03-30 05:55:10,450 [Worker-27: Building workspace] INFO  o.e.m.c.i.embedder.EclipseLogger - Using 'UTF-8' encoding to copy filtered resources.
2019-03-30 05:55:10,450 [Worker-27: Building workspace] INFO  o.e.m.c.i.embedder.EclipseLogger - skip non existing resourceDirectory D:\Java\Eclipse\DatConverter\converter.dat\src\test\resources
2019-03-30 05:56:51,136 [Worker-32: Building workspace] INFO  o.e.m.c.i.embedder.EclipseLogger - Using 'UTF-8' encoding to copy filtered resources.
2019-03-30 05:56:51,137 [Worker-32: Building workspace] INFO  o.e.m.c.i.embedder.EclipseLogger - skip non existing resourceDirectory D:\Java\Eclipse\DatConverter\converter.dat\src\main\resources
2019-03-30 05:56:51,139 [Worker-32: Building workspace] INFO  o.e.m.c.i.embedder.EclipseLogger - Using 'UTF-8' encoding to copy filtered resources.
2019-03-30 05:56:51,139 [Worker-32: Building workspace] INFO  o.e.m.c.i.embedder.EclipseLogger - skip non existing resourceDirectory D:\Java\Eclipse\DatConverter\converter.dat\src\test\resources
2019-03-30 05:57:02,563 [Worker-33: Building workspace] INFO  o.e.m.c.i.embedder.EclipseLogger - Using 'UTF-8' encoding to copy filtered resources.
2019-03-30 05:57:02,564 [Worker-33: Building workspace] INFO  o.e.m.c.i.embedder.EclipseLogger - skip non existing resourceDirectory D:\Java\Eclipse\DatConverter\converter.dat\src\main\resources
2019-03-30 05:57:02,565 [Worker-33: Building workspace] INFO  o.e.m.c.i.embedder.EclipseLogger - Using 'UTF-8' encoding to copy filtered resources.
2019-03-30 05:57:02,566 [Worker-33: Building workspace] INFO  o.e.m.c.i.embedder.EclipseLogger - skip non existing resourceDirectory D:\Java\Eclipse\DatConverter\converter.dat\src\test\resources
2019-03-30 05:57:19,850 [Worker-33: Building workspace] INFO  o.e.m.c.i.embedder.EclipseLogger - Using 'UTF-8' encoding to copy filtered resources.
2019-03-30 05:57:19,851 [Worker-33: Building workspace] INFO  o.e.m.c.i.embedder.EclipseLogger - skip non existing resourceDirectory D:\Java\Eclipse\DatConverter\converter.dat\src\main\resources
2019-03-30 05:57:19,854 [Worker-33: Building workspace] INFO  o.e.m.c.i.embedder.EclipseLogger - Using 'UTF-8' encoding to copy filtered resources.
2019-03-30 05:57:19,854 [Worker-33: Building workspace] INFO  o.e.m.c.i.embedder.EclipseLogger - skip non existing resourceDirectory D:\Java\Eclipse\DatConverter\converter.dat\src\test\resources
2019-03-30 05:57:23,346 [Worker-25: Building workspace] INFO  o.e.m.c.i.embedder.EclipseLogger - Using 'UTF-8' encoding to copy filtered resources.
2019-03-30 05:57:23,347 [Worker-25: Building workspace] INFO  o.e.m.c.i.embedder.EclipseLogger - skip non existing resourceDirectory D:\Java\Eclipse\DatConverter\converter.dat\src\main\resources
2019-03-30 05:57:23,348 [Worker-25: Building workspace] INFO  o.e.m.c.i.embedder.EclipseLogger - Using 'UTF-8' encoding to copy filtered resources.
2019-03-30 05:57:23,349 [Worker-25: Building workspace] INFO  o.e.m.c.i.embedder.EclipseLogger - skip non existing resourceDirectory D:\Java\Eclipse\DatConverter\converter.dat\src\test\resources
2019-03-30 05:57:27,609 [Worker-29: Building workspace] INFO  o.e.m.c.i.embedder.EclipseLogger - Using 'UTF-8' encoding to copy filtered resources.
2019-03-30 05:57:27,610 [Worker-29: Building workspace] INFO  o.e.m.c.i.embedder.EclipseLogger - skip non existing resourceDirectory D:\Java\Eclipse\DatConverter\converter.dat\src\main\resources
2019-03-30 05:57:27,612 [Worker-29: Building workspace] INFO  o.e.m.c.i.embedder.EclipseLogger - Using 'UTF-8' encoding to copy filtered resources.
2019-03-30 05:57:27,612 [Worker-29: Building workspace] INFO  o.e.m.c.i.embedder.EclipseLogger - skip non existing resourceDirectory D:\Java\Eclipse\DatConverter\converter.dat\src\test\resources
2019-03-30 05:58:05,861 [Worker-34: Building workspace] INFO  o.e.m.c.i.embedder.EclipseLogger - Using 'UTF-8' encoding to copy filtered resources.
2019-03-30 05:58:05,862 [Worker-34: Building workspace] INFO  o.e.m.c.i.embedder.EclipseLogger - skip non existing resourceDirectory D:\Java\Eclipse\DatConverter\converter.dat\src\main\resources
2019-03-30 05:58:05,863 [Worker-34: Building workspace] INFO  o.e.m.c.i.embedder.EclipseLogger - Using 'UTF-8' encoding to copy filtered resources.
2019-03-30 05:58:05,863 [Worker-34: Building workspace] INFO  o.e.m.c.i.embedder.EclipseLogger - skip non existing resourceDirectory D:\Java\Eclipse\DatConverter\converter.dat\src\test\resources
2019-03-30 05:59:37,171 [Worker-27: Building workspace] INFO  o.e.m.c.i.embedder.EclipseLogger - Using 'UTF-8' encoding to copy filtered resources.
2019-03-30 05:59:37,172 [Worker-27: Building workspace] INFO  o.e.m.c.i.embedder.EclipseLogger - skip non existing resourceDirectory D:\Java\Eclipse\DatConverter\converter.dat\src\main\resources
2019-03-30 05:59:37,173 [Worker-27: Building workspace] INFO  o.e.m.c.i.embedder.EclipseLogger - Using 'UTF-8' encoding to copy filtered resources.
2019-03-30 05:59:37,174 [Worker-27: Building workspace] INFO  o.e.m.c.i.embedder.EclipseLogger - skip non existing resourceDirectory D:\Java\Eclipse\DatConverter\converter.dat\src\test\resources
2019-03-30 05:59:44,627 [Worker-27: Building workspace] INFO  o.e.m.c.i.embedder.EclipseLogger - Using 'UTF-8' encoding to copy filtered resources.
2019-03-30 05:59:44,628 [Worker-27: Building workspace] INFO  o.e.m.c.i.embedder.EclipseLogger - skip non existing resourceDirectory D:\Java\Eclipse\DatConverter\converter.dat\src\main\resources
2019-03-30 05:59:44,629 [Worker-27: Building workspace] INFO  o.e.m.c.i.embedder.EclipseLogger - Using 'UTF-8' encoding to copy filtered resources.
2019-03-30 05:59:44,630 [Worker-27: Building workspace] INFO  o.e.m.c.i.embedder.EclipseLogger - skip non existing resourceDirectory D:\Java\Eclipse\DatConverter\converter.dat\src\test\resources
2019-03-30 06:00:41,208 [Worker-27: Building workspace] INFO  o.e.m.c.i.embedder.EclipseLogger - Using 'UTF-8' encoding to copy filtered resources.
2019-03-30 06:00:41,209 [Worker-27: Building workspace] INFO  o.e.m.c.i.embedder.EclipseLogger - skip non existing resourceDirectory D:\Java\Eclipse\DatConverter\converter.dat\src\main\resources
2019-03-30 06:00:41,211 [Worker-27: Building workspace] INFO  o.e.m.c.i.embedder.EclipseLogger - Using 'UTF-8' encoding to copy filtered resources.
2019-03-30 06:00:41,211 [Worker-27: Building workspace] INFO  o.e.m.c.i.embedder.EclipseLogger - skip non existing resourceDirectory D:\Java\Eclipse\DatConverter\converter.dat\src\test\resources
2019-03-30 06:01:31,859 [Worker-32: Launching App] INFO  o.e.m.c.i.embedder.EclipseLogger - Using 'UTF-8' encoding to copy filtered resources.
2019-03-30 06:01:31,860 [Worker-32: Launching App] INFO  o.e.m.c.i.embedder.EclipseLogger - skip non existing resourceDirectory D:\Java\Eclipse\DatConverter\converter.dat\src\main\resources
2019-03-30 06:01:31,861 [Worker-32: Launching App] INFO  o.e.m.c.i.embedder.EclipseLogger - Using 'UTF-8' encoding to copy filtered resources.
2019-03-30 06:01:31,862 [Worker-32: Launching App] INFO  o.e.m.c.i.embedder.EclipseLogger - skip non existing resourceDirectory D:\Java\Eclipse\DatConverter\converter.dat\src\test\resources
2019-03-30 06:01:48,362 [Worker-34: Building workspace] INFO  o.e.m.c.i.embedder.EclipseLogger - Using 'UTF-8' encoding to copy filtered resources.
2019-03-30 06:01:48,362 [Worker-34: Building workspace] INFO  o.e.m.c.i.embedder.EclipseLogger - skip non existing resourceDirectory D:\Java\Eclipse\DatConverter\converter.dat\src\main\resources
2019-03-30 06:01:48,364 [Worker-34: Building workspace] INFO  o.e.m.c.i.embedder.EclipseLogger - Using 'UTF-8' encoding to copy filtered resources.
2019-03-30 06:01:48,364 [Worker-34: Building workspace] INFO  o.e.m.c.i.embedder.EclipseLogger - skip non existing resourceDirectory D:\Java\Eclipse\DatConverter\converter.dat\src\test\resources
2019-03-30 14:46:52,357 [Worker-43: Building workspace] INFO  o.e.m.c.i.embedder.EclipseLogger - Using 'UTF-8' encoding to copy filtered resources.
2019-03-30 14:46:52,358 [Worker-43: Building workspace] INFO  o.e.m.c.i.embedder.EclipseLogger - skip non existing resourceDirectory D:\Java\Eclipse\DatConverter\converter.dat\src\main\resources
2019-03-30 14:46:52,359 [Worker-43: Building workspace] INFO  o.e.m.c.i.embedder.EclipseLogger - Using 'UTF-8' encoding to copy filtered resources.
2019-03-30 14:46:52,360 [Worker-43: Building workspace] INFO  o.e.m.c.i.embedder.EclipseLogger - skip non existing resourceDirectory D:\Java\Eclipse\DatConverter\converter.dat\src\test\resources
2019-03-30 14:51:49,679 [Worker-43: Building workspace] INFO  o.e.m.c.i.embedder.EclipseLogger - Using 'UTF-8' encoding to copy filtered resources.
2019-03-30 14:51:49,679 [Worker-43: Building workspace] INFO  o.e.m.c.i.embedder.EclipseLogger - skip non existing resourceDirectory D:\Java\Eclipse\DatConverter\converter.dat\src\main\resources
2019-03-30 14:51:49,681 [Worker-43: Building workspace] INFO  o.e.m.c.i.embedder.EclipseLogger - Using 'UTF-8' encoding to copy filtered resources.
2019-03-30 14:51:49,682 [Worker-43: Building workspace] INFO  o.e.m.c.i.embedder.EclipseLogger - skip non existing resourceDirectory D:\Java\Eclipse\DatConverter\converter.dat\src\test\resources
2019-03-30 14:52:42,127 [Worker-43: Building workspace] INFO  o.e.m.c.i.embedder.EclipseLogger - Using 'UTF-8' encoding to copy filtered resources.
2019-03-30 14:52:42,128 [Worker-43: Building workspace] INFO  o.e.m.c.i.embedder.EclipseLogger - skip non existing resourceDirectory D:\Java\Eclipse\DatConverter\converter.dat\src\main\resources
2019-03-30 14:52:42,130 [Worker-43: Building workspace] INFO  o.e.m.c.i.embedder.EclipseLogger - Using 'UTF-8' encoding to copy filtered resources.
2019-03-30 14:52:42,132 [Worker-43: Building workspace] INFO  o.e.m.c.i.embedder.EclipseLogger - skip non existing resourceDirectory D:\Java\Eclipse\DatConverter\converter.dat\src\test\resources
2019-03-30 14:57:51,111 [Worker-48: Launching App] INFO  o.e.m.c.i.embedder.EclipseLogger - Using 'UTF-8' encoding to copy filtered resources.
2019-03-30 14:57:51,112 [Worker-48: Launching App] INFO  o.e.m.c.i.embedder.EclipseLogger - skip non existing resourceDirectory D:\Java\Eclipse\DatConverter\converter.dat\src\main\resources
2019-03-30 14:57:51,113 [Worker-48: Launching App] INFO  o.e.m.c.i.embedder.EclipseLogger - Using 'UTF-8' encoding to copy filtered resources.
2019-03-30 14:57:51,114 [Worker-48: Launching App] INFO  o.e.m.c.i.embedder.EclipseLogger - skip non existing resourceDirectory D:\Java\Eclipse\DatConverter\converter.dat\src\test\resources
2019-03-30 14:58:10,040 [Worker-55: Launching App] INFO  o.e.m.c.i.embedder.EclipseLogger - Using 'UTF-8' encoding to copy filtered resources.
2019-03-30 14:58:10,041 [Worker-55: Launching App] INFO  o.e.m.c.i.embedder.EclipseLogger - skip non existing resourceDirectory D:\Java\Eclipse\DatConverter\converter.dat\src\main\resources
2019-03-30 14:58:10,042 [Worker-55: Launching App] INFO  o.e.m.c.i.embedder.EclipseLogger - Using 'UTF-8' encoding to copy filtered resources.
2019-03-30 14:58:10,043 [Worker-55: Launching App] INFO  o.e.m.c.i.embedder.EclipseLogger - skip non existing resourceDirectory D:\Java\Eclipse\DatConverter\converter.dat\src\test\resources
2019-03-30 14:58:40,036 [Worker-50: Launching App] INFO  o.e.m.c.i.embedder.EclipseLogger - Using 'UTF-8' encoding to copy filtered resources.
2019-03-30 14:58:40,037 [Worker-50: Launching App] INFO  o.e.m.c.i.embedder.EclipseLogger - skip non existing resourceDirectory D:\Java\Eclipse\DatConverter\converter.dat\src\main\resources
2019-03-30 14:58:40,039 [Worker-50: Launching App] INFO  o.e.m.c.i.embedder.EclipseLogger - Using 'UTF-8' encoding to copy filtered resources.
2019-03-30 14:58:40,039 [Worker-50: Launching App] INFO  o.e.m.c.i.embedder.EclipseLogger - skip non existing resourceDirectory D:\Java\Eclipse\DatConverter\converter.dat\src\test\resources
2019-03-30 14:59:59,222 [Worker-56: Building workspace] INFO  o.e.m.c.i.embedder.EclipseLogger - Using 'UTF-8' encoding to copy filtered resources.
2019-03-30 14:59:59,222 [Worker-56: Building workspace] INFO  o.e.m.c.i.embedder.EclipseLogger - skip non existing resourceDirectory D:\Java\Eclipse\DatConverter\converter.dat\src\main\resources
2019-03-30 14:59:59,224 [Worker-56: Building workspace] INFO  o.e.m.c.i.embedder.EclipseLogger - Using 'UTF-8' encoding to copy filtered resources.
2019-03-30 14:59:59,225 [Worker-56: Building workspace] INFO  o.e.m.c.i.embedder.EclipseLogger - skip non existing resourceDirectory D:\Java\Eclipse\DatConverter\converter.dat\src\test\resources
2019-03-30 15:01:00,939 [Worker-54: Building workspace] INFO  o.e.m.c.i.embedder.EclipseLogger - Using 'UTF-8' encoding to copy filtered resources.
2019-03-30 15:01:00,939 [Worker-54: Building workspace] INFO  o.e.m.c.i.embedder.EclipseLogger - skip non existing resourceDirectory D:\Java\Eclipse\DatConverter\converter.dat\src\main\resources
2019-03-30 15:01:00,942 [Worker-54: Building workspace] INFO  o.e.m.c.i.embedder.EclipseLogger - Using 'UTF-8' encoding to copy filtered resources.
2019-03-30 15:01:00,943 [Worker-54: Building workspace] INFO  o.e.m.c.i.embedder.EclipseLogger - skip non existing resourceDirectory D:\Java\Eclipse\DatConverter\converter.dat\src\test\resources
2019-03-30 15:04:11,397 [Worker-50: Building workspace] INFO  o.e.m.c.i.embedder.EclipseLogger - Using 'UTF-8' encoding to copy filtered resources.
2019-03-30 15:04:11,398 [Worker-50: Building workspace] INFO  o.e.m.c.i.embedder.EclipseLogger - skip non existing resourceDirectory D:\Java\Eclipse\DatConverter\converter.dat\src\main\resources
2019-03-30 15:04:11,400 [Worker-50: Building workspace] INFO  o.e.m.c.i.embedder.EclipseLogger - Using 'UTF-8' encoding to copy filtered resources.
2019-03-30 15:04:11,400 [Worker-50: Building workspace] INFO  o.e.m.c.i.embedder.EclipseLogger - skip non existing resourceDirectory D:\Java\Eclipse\DatConverter\converter.dat\src\test\resources
2019-03-30 15:04:36,911 [Worker-57: Building workspace] INFO  o.e.m.c.i.embedder.EclipseLogger - Using 'UTF-8' encoding to copy filtered resources.
2019-03-30 15:04:36,912 [Worker-57: Building workspace] INFO  o.e.m.c.i.embedder.EclipseLogger - skip non existing resourceDirectory D:\Java\Eclipse\DatConverter\converter.dat\src\main\resources
2019-03-30 15:04:36,913 [Worker-57: Building workspace] INFO  o.e.m.c.i.embedder.EclipseLogger - Using 'UTF-8' encoding to copy filtered resources.
2019-03-30 15:04:36,914 [Worker-57: Building workspace] INFO  o.e.m.c.i.embedder.EclipseLogger - skip non existing resourceDirectory D:\Java\Eclipse\DatConverter\converter.dat\src\test\resources
2019-03-30 15:05:19,425 [Worker-50: Building workspace] INFO  o.e.m.c.i.embedder.EclipseLogger - Using 'UTF-8' encoding to copy filtered resources.
2019-03-30 15:05:19,425 [Worker-50: Building workspace] INFO  o.e.m.c.i.embedder.EclipseLogger - skip non existing resourceDirectory D:\Java\Eclipse\DatConverter\converter.dat\src\main\resources
2019-03-30 15:05:19,427 [Worker-50: Building workspace] INFO  o.e.m.c.i.embedder.EclipseLogger - Using 'UTF-8' encoding to copy filtered resources.
2019-03-30 15:05:19,427 [Worker-50: Building workspace] INFO  o.e.m.c.i.embedder.EclipseLogger - skip non existing resourceDirectory D:\Java\Eclipse\DatConverter\converter.dat\src\test\resources
2019-03-30 15:05:32,423 [Worker-58: Building workspace] INFO  o.e.m.c.i.embedder.EclipseLogger - Using 'UTF-8' encoding to copy filtered resources.
2019-03-30 15:05:32,423 [Worker-58: Building workspace] INFO  o.e.m.c.i.embedder.EclipseLogger - skip non existing resourceDirectory D:\Java\Eclipse\DatConverter\converter.dat\src\main\resources
2019-03-30 15:05:32,427 [Worker-58: Building workspace] INFO  o.e.m.c.i.embedder.EclipseLogger - Using 'UTF-8' encoding to copy filtered resources.
2019-03-30 15:05:32,427 [Worker-58: Building workspace] INFO  o.e.m.c.i.embedder.EclipseLogger - skip non existing resourceDirectory D:\Java\Eclipse\DatConverter\converter.dat\src\test\resources
2019-03-30 15:05:39,297 [Worker-57: Building workspace] INFO  o.e.m.c.i.embedder.EclipseLogger - Using 'UTF-8' encoding to copy filtered resources.
2019-03-30 15:05:39,298 [Worker-57: Building workspace] INFO  o.e.m.c.i.embedder.EclipseLogger - skip non existing resourceDirectory D:\Java\Eclipse\DatConverter\converter.dat\src\main\resources
2019-03-30 15:05:39,299 [Worker-57: Building workspace] INFO  o.e.m.c.i.embedder.EclipseLogger - Using 'UTF-8' encoding to copy filtered resources.
2019-03-30 15:05:39,300 [Worker-57: Building workspace] INFO  o.e.m.c.i.embedder.EclipseLogger - skip non existing resourceDirectory D:\Java\Eclipse\DatConverter\converter.dat\src\test\resources
2019-03-30 15:06:50,360 [Worker-58: Building workspace] INFO  o.e.m.c.i.embedder.EclipseLogger - Using 'UTF-8' encoding to copy filtered resources.
2019-03-30 15:06:50,361 [Worker-58: Building workspace] INFO  o.e.m.c.i.embedder.EclipseLogger - skip non existing resourceDirectory D:\Java\Eclipse\DatConverter\converter.dat\src\main\resources
2019-03-30 15:06:50,362 [Worker-58: Building workspace] INFO  o.e.m.c.i.embedder.EclipseLogger - Using 'UTF-8' encoding to copy filtered resources.
2019-03-30 15:06:50,363 [Worker-58: Building workspace] INFO  o.e.m.c.i.embedder.EclipseLogger - skip non existing resourceDirectory D:\Java\Eclipse\DatConverter\converter.dat\src\test\resources
2019-03-30 15:07:09,358 [Worker-50: Building workspace] INFO  o.e.m.c.i.embedder.EclipseLogger - Using 'UTF-8' encoding to copy filtered resources.
2019-03-30 15:07:09,359 [Worker-50: Building workspace] INFO  o.e.m.c.i.embedder.EclipseLogger - skip non existing resourceDirectory D:\Java\Eclipse\DatConverter\converter.dat\src\main\resources
2019-03-30 15:07:09,360 [Worker-50: Building workspace] INFO  o.e.m.c.i.embedder.EclipseLogger - Using 'UTF-8' encoding to copy filtered resources.
2019-03-30 15:07:09,361 [Worker-50: Building workspace] INFO  o.e.m.c.i.embedder.EclipseLogger - skip non existing resourceDirectory D:\Java\Eclipse\DatConverter\converter.dat\src\test\resources
2019-03-30 15:08:16,326 [Worker-59: Building workspace] INFO  o.e.m.c.i.embedder.EclipseLogger - Using 'UTF-8' encoding to copy filtered resources.
2019-03-30 15:08:16,327 [Worker-59: Building workspace] INFO  o.e.m.c.i.embedder.EclipseLogger - skip non existing resourceDirectory D:\Java\Eclipse\DatConverter\converter.dat\src\main\resources
2019-03-30 15:08:16,330 [Worker-59: Building workspace] INFO  o.e.m.c.i.embedder.EclipseLogger - Using 'UTF-8' encoding to copy filtered resources.
2019-03-30 15:08:16,331 [Worker-59: Building workspace] INFO  o.e.m.c.i.embedder.EclipseLogger - skip non existing resourceDirectory D:\Java\Eclipse\DatConverter\converter.dat\src\test\resources
2019-03-30 15:08:19,794 [Worker-58: Building workspace] INFO  o.e.m.c.i.embedder.EclipseLogger - Using 'UTF-8' encoding to copy filtered resources.
2019-03-30 15:08:19,795 [Worker-58: Building workspace] INFO  o.e.m.c.i.embedder.EclipseLogger - skip non existing resourceDirectory D:\Java\Eclipse\DatConverter\converter.dat\src\main\resources
2019-03-30 15:08:19,798 [Worker-58: Building workspace] INFO  o.e.m.c.i.embedder.EclipseLogger - Using 'UTF-8' encoding to copy filtered resources.
2019-03-30 15:08:19,799 [Worker-58: Building workspace] INFO  o.e.m.c.i.embedder.EclipseLogger - skip non existing resourceDirectory D:\Java\Eclipse\DatConverter\converter.dat\src\test\resources
2019-03-30 15:08:35,744 [Worker-57: Building workspace] INFO  o.e.m.c.i.embedder.EclipseLogger - Using 'UTF-8' encoding to copy filtered resources.
2019-03-30 15:08:35,745 [Worker-57: Building workspace] INFO  o.e.m.c.i.embedder.EclipseLogger - skip non existing resourceDirectory D:\Java\Eclipse\DatConverter\converter.dat\src\main\resources
2019-03-30 15:08:35,747 [Worker-57: Building workspace] INFO  o.e.m.c.i.embedder.EclipseLogger - Using 'UTF-8' encoding to copy filtered resources.
2019-03-30 15:08:35,748 [Worker-57: Building workspace] INFO  o.e.m.c.i.embedder.EclipseLogger - skip non existing resourceDirectory D:\Java\Eclipse\DatConverter\converter.dat\src\test\resources
2019-03-30 15:08:50,855 [Worker-57: Building workspace] INFO  o.e.m.c.i.embedder.EclipseLogger - Using 'UTF-8' encoding to copy filtered resources.
2019-03-30 15:08:50,855 [Worker-57: Building workspace] INFO  o.e.m.c.i.embedder.EclipseLogger - skip non existing resourceDirectory D:\Java\Eclipse\DatConverter\converter.dat\src\main\resources
2019-03-30 15:08:50,857 [Worker-57: Building workspace] INFO  o.e.m.c.i.embedder.EclipseLogger - Using 'UTF-8' encoding to copy filtered resources.
2019-03-30 15:08:50,857 [Worker-57: Building workspace] INFO  o.e.m.c.i.embedder.EclipseLogger - skip non existing resourceDirectory D:\Java\Eclipse\DatConverter\converter.dat\src\test\resources
2019-03-30 15:09:11,523 [Worker-58: Building workspace] INFO  o.e.m.c.i.embedder.EclipseLogger - Using 'UTF-8' encoding to copy filtered resources.
2019-03-30 15:09:11,524 [Worker-58: Building workspace] INFO  o.e.m.c.i.embedder.EclipseLogger - skip non existing resourceDirectory D:\Java\Eclipse\DatConverter\converter.dat\src\main\resources
2019-03-30 15:09:11,525 [Worker-58: Building workspace] INFO  o.e.m.c.i.embedder.EclipseLogger - Using 'UTF-8' encoding to copy filtered resources.
2019-03-30 15:09:11,526 [Worker-58: Building workspace] INFO  o.e.m.c.i.embedder.EclipseLogger - skip non existing resourceDirectory D:\Java\Eclipse\DatConverter\converter.dat\src\test\resources
2019-03-30 15:10:11,919 [Worker-59: Building workspace] INFO  o.e.m.c.i.embedder.EclipseLogger - Using 'UTF-8' encoding to copy filtered resources.
2019-03-30 15:10:11,919 [Worker-59: Building workspace] INFO  o.e.m.c.i.embedder.EclipseLogger - skip non existing resourceDirectory D:\Java\Eclipse\DatConverter\converter.dat\src\main\resources
2019-03-30 15:10:11,920 [Worker-59: Building workspace] INFO  o.e.m.c.i.embedder.EclipseLogger - Using 'UTF-8' encoding to copy filtered resources.
2019-03-30 15:10:11,921 [Worker-59: Building workspace] INFO  o.e.m.c.i.embedder.EclipseLogger - skip non existing resourceDirectory D:\Java\Eclipse\DatConverter\converter.dat\src\test\resources
2019-03-30 15:10:15,896 [Worker-59: Building workspace] INFO  o.e.m.c.i.embedder.EclipseLogger - Using 'UTF-8' encoding to copy filtered resources.
2019-03-30 15:10:15,896 [Worker-59: Building workspace] INFO  o.e.m.c.i.embedder.EclipseLogger - skip non existing resourceDirectory D:\Java\Eclipse\DatConverter\converter.dat\src\main\resources
2019-03-30 15:10:15,898 [Worker-59: Building workspace] INFO  o.e.m.c.i.embedder.EclipseLogger - Using 'UTF-8' encoding to copy filtered resources.
2019-03-30 15:10:15,898 [Worker-59: Building workspace] INFO  o.e.m.c.i.embedder.EclipseLogger - skip non existing resourceDirectory D:\Java\Eclipse\DatConverter\converter.dat\src\test\resources
2019-03-30 15:10:30,206 [Worker-54: Building workspace] INFO  o.e.m.c.i.embedder.EclipseLogger - Using 'UTF-8' encoding to copy filtered resources.
2019-03-30 15:10:30,207 [Worker-54: Building workspace] INFO  o.e.m.c.i.embedder.EclipseLogger - skip non existing resourceDirectory D:\Java\Eclipse\DatConverter\converter.dat\src\main\resources
2019-03-30 15:10:30,208 [Worker-54: Building workspace] INFO  o.e.m.c.i.embedder.EclipseLogger - Using 'UTF-8' encoding to copy filtered resources.
2019-03-30 15:10:30,209 [Worker-54: Building workspace] INFO  o.e.m.c.i.embedder.EclipseLogger - skip non existing resourceDirectory D:\Java\Eclipse\DatConverter\converter.dat\src\test\resources
2019-03-30 15:10:38,935 [Worker-54: Building workspace] INFO  o.e.m.c.i.embedder.EclipseLogger - Using 'UTF-8' encoding to copy filtered resources.
2019-03-30 15:10:38,936 [Worker-54: Building workspace] INFO  o.e.m.c.i.embedder.EclipseLogger - skip non existing resourceDirectory D:\Java\Eclipse\DatConverter\converter.dat\src\main\resources
2019-03-30 15:10:38,938 [Worker-54: Building workspace] INFO  o.e.m.c.i.embedder.EclipseLogger - Using 'UTF-8' encoding to copy filtered resources.
2019-03-30 15:10:38,939 [Worker-54: Building workspace] INFO  o.e.m.c.i.embedder.EclipseLogger - skip non existing resourceDirectory D:\Java\Eclipse\DatConverter\converter.dat\src\test\resources
2019-03-30 15:10:57,125 [Worker-59: Building workspace] INFO  o.e.m.c.i.embedder.EclipseLogger - Using 'UTF-8' encoding to copy filtered resources.
2019-03-30 15:10:57,126 [Worker-59: Building workspace] INFO  o.e.m.c.i.embedder.EclipseLogger - skip non existing resourceDirectory D:\Java\Eclipse\DatConverter\converter.dat\src\main\resources
2019-03-30 15:10:57,127 [Worker-59: Building workspace] INFO  o.e.m.c.i.embedder.EclipseLogger - Using 'UTF-8' encoding to copy filtered resources.
2019-03-30 15:10:57,128 [Worker-59: Building workspace] INFO  o.e.m.c.i.embedder.EclipseLogger - skip non existing resourceDirectory D:\Java\Eclipse\DatConverter\converter.dat\src\test\resources
2019-03-30 15:11:12,531 [Worker-60: Building workspace] INFO  o.e.m.c.i.embedder.EclipseLogger - Using 'UTF-8' encoding to copy filtered resources.
2019-03-30 15:11:12,532 [Worker-60: Building workspace] INFO  o.e.m.c.i.embedder.EclipseLogger - skip non existing resourceDirectory D:\Java\Eclipse\DatConverter\converter.dat\src\main\resources
2019-03-30 15:11:12,534 [Worker-60: Building workspace] INFO  o.e.m.c.i.embedder.EclipseLogger - Using 'UTF-8' encoding to copy filtered resources.
2019-03-30 15:11:12,534 [Worker-60: Building workspace] INFO  o.e.m.c.i.embedder.EclipseLogger - skip non existing resourceDirectory D:\Java\Eclipse\DatConverter\converter.dat\src\test\resources
2019-03-30 15:12:03,000 [Worker-58: Building workspace] INFO  o.e.m.c.i.embedder.EclipseLogger - Using 'UTF-8' encoding to copy filtered resources.
2019-03-30 15:12:03,001 [Worker-58: Building workspace] INFO  o.e.m.c.i.embedder.EclipseLogger - skip non existing resourceDirectory D:\Java\Eclipse\DatConverter\converter.dat\src\main\resources
2019-03-30 15:12:03,002 [Worker-58: Building workspace] INFO  o.e.m.c.i.embedder.EclipseLogger - Using 'UTF-8' encoding to copy filtered resources.
2019-03-30 15:12:03,002 [Worker-58: Building workspace] INFO  o.e.m.c.i.embedder.EclipseLogger - skip non existing resourceDirectory D:\Java\Eclipse\DatConverter\converter.dat\src\test\resources
2019-03-30 15:12:06,391 [Worker-57: Building workspace] INFO  o.e.m.c.i.embedder.EclipseLogger - Using 'UTF-8' encoding to copy filtered resources.
2019-03-30 15:12:06,392 [Worker-57: Building workspace] INFO  o.e.m.c.i.embedder.EclipseLogger - skip non existing resourceDirectory D:\Java\Eclipse\DatConverter\converter.dat\src\main\resources
2019-03-30 15:12:06,393 [Worker-57: Building workspace] INFO  o.e.m.c.i.embedder.EclipseLogger - Using 'UTF-8' encoding to copy filtered resources.
2019-03-30 15:12:06,394 [Worker-57: Building workspace] INFO  o.e.m.c.i.embedder.EclipseLogger - skip non existing resourceDirectory D:\Java\Eclipse\DatConverter\converter.dat\src\test\resources
2019-03-30 15:12:32,820 [Worker-58: Building workspace] INFO  o.e.m.c.i.embedder.EclipseLogger - Using 'UTF-8' encoding to copy filtered resources.
2019-03-30 15:12:32,820 [Worker-58: Building workspace] INFO  o.e.m.c.i.embedder.EclipseLogger - skip non existing resourceDirectory D:\Java\Eclipse\DatConverter\converter.dat\src\main\resources
2019-03-30 15:12:32,821 [Worker-58: Building workspace] INFO  o.e.m.c.i.embedder.EclipseLogger - Using 'UTF-8' encoding to copy filtered resources.
2019-03-30 15:12:32,822 [Worker-58: Building workspace] INFO  o.e.m.c.i.embedder.EclipseLogger - skip non existing resourceDirectory D:\Java\Eclipse\DatConverter\converter.dat\src\test\resources
2019-03-30 15:13:02,718 [Worker-50: Building workspace] INFO  o.e.m.c.i.embedder.EclipseLogger - Using 'UTF-8' encoding to copy filtered resources.
2019-03-30 15:13:02,719 [Worker-50: Building workspace] INFO  o.e.m.c.i.embedder.EclipseLogger - skip non existing resourceDirectory D:\Java\Eclipse\DatConverter\converter.dat\src\main\resources
2019-03-30 15:13:02,720 [Worker-50: Building workspace] INFO  o.e.m.c.i.embedder.EclipseLogger - Using 'UTF-8' encoding to copy filtered resources.
2019-03-30 15:13:02,721 [Worker-50: Building workspace] INFO  o.e.m.c.i.embedder.EclipseLogger - skip non existing resourceDirectory D:\Java\Eclipse\DatConverter\converter.dat\src\test\resources
2019-03-30 15:13:05,869 [Worker-54: Building workspace] INFO  o.e.m.c.i.embedder.EclipseLogger - Using 'UTF-8' encoding to copy filtered resources.
2019-03-30 15:13:05,870 [Worker-54: Building workspace] INFO  o.e.m.c.i.embedder.EclipseLogger - skip non existing resourceDirectory D:\Java\Eclipse\DatConverter\converter.dat\src\main\resources
2019-03-30 15:13:05,871 [Worker-54: Building workspace] INFO  o.e.m.c.i.embedder.EclipseLogger - Using 'UTF-8' encoding to copy filtered resources.
2019-03-30 15:13:05,872 [Worker-54: Building workspace] INFO  o.e.m.c.i.embedder.EclipseLogger - skip non existing resourceDirectory D:\Java\Eclipse\DatConverter\converter.dat\src\test\resources
2019-03-30 15:13:58,089 [Worker-58: Building workspace] INFO  o.e.m.c.i.embedder.EclipseLogger - Using 'UTF-8' encoding to copy filtered resources.
2019-03-30 15:13:58,090 [Worker-58: Building workspace] INFO  o.e.m.c.i.embedder.EclipseLogger - skip non existing resourceDirectory D:\Java\Eclipse\DatConverter\converter.dat\src\main\resources
2019-03-30 15:13:58,091 [Worker-58: Building workspace] INFO  o.e.m.c.i.embedder.EclipseLogger - Using 'UTF-8' encoding to copy filtered resources.
2019-03-30 15:13:58,092 [Worker-58: Building workspace] INFO  o.e.m.c.i.embedder.EclipseLogger - skip non existing resourceDirectory D:\Java\Eclipse\DatConverter\converter.dat\src\test\resources
2019-03-30 15:14:43,926 [Worker-54: Building workspace] INFO  o.e.m.c.i.embedder.EclipseLogger - Using 'UTF-8' encoding to copy filtered resources.
2019-03-30 15:14:43,926 [Worker-54: Building workspace] INFO  o.e.m.c.i.embedder.EclipseLogger - skip non existing resourceDirectory D:\Java\Eclipse\DatConverter\converter.dat\src\main\resources
2019-03-30 15:14:43,928 [Worker-54: Building workspace] INFO  o.e.m.c.i.embedder.EclipseLogger - Using 'UTF-8' encoding to copy filtered resources.
2019-03-30 15:14:43,929 [Worker-54: Building workspace] INFO  o.e.m.c.i.embedder.EclipseLogger - skip non existing resourceDirectory D:\Java\Eclipse\DatConverter\converter.dat\src\test\resources
2019-03-30 15:15:08,613 [Worker-58: Building workspace] INFO  o.e.m.c.i.embedder.EclipseLogger - Using 'UTF-8' encoding to copy filtered resources.
2019-03-30 15:15:08,613 [Worker-58: Building workspace] INFO  o.e.m.c.i.embedder.EclipseLogger - skip non existing resourceDirectory D:\Java\Eclipse\DatConverter\converter.dat\src\main\resources
2019-03-30 15:15:08,615 [Worker-58: Building workspace] INFO  o.e.m.c.i.embedder.EclipseLogger - Using 'UTF-8' encoding to copy filtered resources.
2019-03-30 15:15:08,615 [Worker-58: Building workspace] INFO  o.e.m.c.i.embedder.EclipseLogger - skip non existing resourceDirectory D:\Java\Eclipse\DatConverter\converter.dat\src\test\resources
2019-03-30 15:15:10,595 [Worker-57: Building workspace] INFO  o.e.m.c.i.embedder.EclipseLogger - Using 'UTF-8' encoding to copy filtered resources.
2019-03-30 15:15:10,595 [Worker-57: Building workspace] INFO  o.e.m.c.i.embedder.EclipseLogger - skip non existing resourceDirectory D:\Java\Eclipse\DatConverter\converter.dat\src\main\resources
2019-03-30 15:15:10,597 [Worker-57: Building workspace] INFO  o.e.m.c.i.embedder.EclipseLogger - Using 'UTF-8' encoding to copy filtered resources.
2019-03-30 15:15:10,598 [Worker-57: Building workspace] INFO  o.e.m.c.i.embedder.EclipseLogger - skip non existing resourceDirectory D:\Java\Eclipse\DatConverter\converter.dat\src\test\resources
2019-03-30 15:15:18,414 [Worker-57: Building workspace] INFO  o.e.m.c.i.embedder.EclipseLogger - Using 'UTF-8' encoding to copy filtered resources.
2019-03-30 15:15:18,415 [Worker-57: Building workspace] INFO  o.e.m.c.i.embedder.EclipseLogger - skip non existing resourceDirectory D:\Java\Eclipse\DatConverter\converter.dat\src\main\resources
2019-03-30 15:15:18,416 [Worker-57: Building workspace] INFO  o.e.m.c.i.embedder.EclipseLogger - Using 'UTF-8' encoding to copy filtered resources.
2019-03-30 15:15:18,417 [Worker-57: Building workspace] INFO  o.e.m.c.i.embedder.EclipseLogger - skip non existing resourceDirectory D:\Java\Eclipse\DatConverter\converter.dat\src\test\resources
2019-03-30 15:15:55,379 [Worker-60: Building workspace] INFO  o.e.m.c.i.embedder.EclipseLogger - Using 'UTF-8' encoding to copy filtered resources.
2019-03-30 15:15:55,379 [Worker-60: Building workspace] INFO  o.e.m.c.i.embedder.EclipseLogger - skip non existing resourceDirectory D:\Java\Eclipse\DatConverter\converter.dat\src\main\resources
2019-03-30 15:15:55,380 [Worker-60: Building workspace] INFO  o.e.m.c.i.embedder.EclipseLogger - Using 'UTF-8' encoding to copy filtered resources.
2019-03-30 15:15:55,381 [Worker-60: Building workspace] INFO  o.e.m.c.i.embedder.EclipseLogger - skip non existing resourceDirectory D:\Java\Eclipse\DatConverter\converter.dat\src\test\resources
2019-03-30 15:17:15,310 [Worker-60: Building workspace] INFO  o.e.m.c.i.embedder.EclipseLogger - Using 'UTF-8' encoding to copy filtered resources.
2019-03-30 15:17:15,310 [Worker-60: Building workspace] INFO  o.e.m.c.i.embedder.EclipseLogger - skip non existing resourceDirectory D:\Java\Eclipse\DatConverter\converter.dat\src\main\resources
2019-03-30 15:17:15,311 [Worker-60: Building workspace] INFO  o.e.m.c.i.embedder.EclipseLogger - Using 'UTF-8' encoding to copy filtered resources.
2019-03-30 15:17:15,312 [Worker-60: Building workspace] INFO  o.e.m.c.i.embedder.EclipseLogger - skip non existing resourceDirectory D:\Java\Eclipse\DatConverter\converter.dat\src\test\resources
2019-03-30 15:17:32,591 [Worker-58: Building workspace] INFO  o.e.m.c.i.embedder.EclipseLogger - Using 'UTF-8' encoding to copy filtered resources.
2019-03-30 15:17:32,592 [Worker-58: Building workspace] INFO  o.e.m.c.i.embedder.EclipseLogger - skip non existing resourceDirectory D:\Java\Eclipse\DatConverter\converter.dat\src\main\resources
2019-03-30 15:17:32,593 [Worker-58: Building workspace] INFO  o.e.m.c.i.embedder.EclipseLogger - Using 'UTF-8' encoding to copy filtered resources.
2019-03-30 15:17:32,594 [Worker-58: Building workspace] INFO  o.e.m.c.i.embedder.EclipseLogger - skip non existing resourceDirectory D:\Java\Eclipse\DatConverter\converter.dat\src\test\resources
2019-03-30 15:17:56,450 [Worker-50: Building workspace] INFO  o.e.m.c.i.embedder.EclipseLogger - Using 'UTF-8' encoding to copy filtered resources.
2019-03-30 15:17:56,451 [Worker-50: Building workspace] INFO  o.e.m.c.i.embedder.EclipseLogger - skip non existing resourceDirectory D:\Java\Eclipse\DatConverter\converter.dat\src\main\resources
2019-03-30 15:17:56,452 [Worker-50: Building workspace] INFO  o.e.m.c.i.embedder.EclipseLogger - Using 'UTF-8' encoding to copy filtered resources.
2019-03-30 15:17:56,453 [Worker-50: Building workspace] INFO  o.e.m.c.i.embedder.EclipseLogger - skip non existing resourceDirectory D:\Java\Eclipse\DatConverter\converter.dat\src\test\resources
2019-03-30 15:18:01,613 [Worker-57: Building workspace] INFO  o.e.m.c.i.embedder.EclipseLogger - Using 'UTF-8' encoding to copy filtered resources.
2019-03-30 15:18:01,614 [Worker-57: Building workspace] INFO  o.e.m.c.i.embedder.EclipseLogger - skip non existing resourceDirectory D:\Java\Eclipse\DatConverter\converter.dat\src\main\resources
2019-03-30 15:18:01,615 [Worker-57: Building workspace] INFO  o.e.m.c.i.embedder.EclipseLogger - Using 'UTF-8' encoding to copy filtered resources.
2019-03-30 15:18:01,616 [Worker-57: Building workspace] INFO  o.e.m.c.i.embedder.EclipseLogger - skip non existing resourceDirectory D:\Java\Eclipse\DatConverter\converter.dat\src\test\resources
2019-03-30 15:19:41,343 [Worker-57: Building workspace] INFO  o.e.m.c.i.embedder.EclipseLogger - Using 'UTF-8' encoding to copy filtered resources.
2019-03-30 15:19:41,343 [Worker-57: Building workspace] INFO  o.e.m.c.i.embedder.EclipseLogger - skip non existing resourceDirectory D:\Java\Eclipse\DatConverter\converter.dat\src\main\resources
2019-03-30 15:19:41,345 [Worker-57: Building workspace] INFO  o.e.m.c.i.embedder.EclipseLogger - Using 'UTF-8' encoding to copy filtered resources.
2019-03-30 15:19:41,345 [Worker-57: Building workspace] INFO  o.e.m.c.i.embedder.EclipseLogger - skip non existing resourceDirectory D:\Java\Eclipse\DatConverter\converter.dat\src\test\resources
2019-03-30 15:19:46,585 [Worker-58: Building workspace] INFO  o.e.m.c.i.embedder.EclipseLogger - Using 'UTF-8' encoding to copy filtered resources.
2019-03-30 15:19:46,586 [Worker-58: Building workspace] INFO  o.e.m.c.i.embedder.EclipseLogger - skip non existing resourceDirectory D:\Java\Eclipse\DatConverter\converter.dat\src\main\resources
2019-03-30 15:19:46,587 [Worker-58: Building workspace] INFO  o.e.m.c.i.embedder.EclipseLogger - Using 'UTF-8' encoding to copy filtered resources.
2019-03-30 15:19:46,588 [Worker-58: Building workspace] INFO  o.e.m.c.i.embedder.EclipseLogger - skip non existing resourceDirectory D:\Java\Eclipse\DatConverter\converter.dat\src\test\resources
2019-03-30 15:19:54,956 [Worker-58: Building workspace] INFO  o.e.m.c.i.embedder.EclipseLogger - Using 'UTF-8' encoding to copy filtered resources.
2019-03-30 15:19:54,956 [Worker-58: Building workspace] INFO  o.e.m.c.i.embedder.EclipseLogger - skip non existing resourceDirectory D:\Java\Eclipse\DatConverter\converter.dat\src\main\resources
2019-03-30 15:19:54,957 [Worker-58: Building workspace] INFO  o.e.m.c.i.embedder.EclipseLogger - Using 'UTF-8' encoding to copy filtered resources.
2019-03-30 15:19:54,958 [Worker-58: Building workspace] INFO  o.e.m.c.i.embedder.EclipseLogger - skip non existing resourceDirectory D:\Java\Eclipse\DatConverter\converter.dat\src\test\resources
2019-03-30 15:19:56,270 [Worker-58: Building workspace] INFO  o.e.m.c.i.embedder.EclipseLogger - Using 'UTF-8' encoding to copy filtered resources.
2019-03-30 15:19:56,270 [Worker-58: Building workspace] INFO  o.e.m.c.i.embedder.EclipseLogger - skip non existing resourceDirectory D:\Java\Eclipse\DatConverter\converter.dat\src\main\resources
2019-03-30 15:19:56,272 [Worker-58: Building workspace] INFO  o.e.m.c.i.embedder.EclipseLogger - Using 'UTF-8' encoding to copy filtered resources.
2019-03-30 15:19:56,272 [Worker-58: Building workspace] INFO  o.e.m.c.i.embedder.EclipseLogger - skip non existing resourceDirectory D:\Java\Eclipse\DatConverter\converter.dat\src\test\resources
2019-03-30 15:20:06,211 [Worker-62: Building workspace] INFO  o.e.m.c.i.embedder.EclipseLogger - Using 'UTF-8' encoding to copy filtered resources.
2019-03-30 15:20:06,212 [Worker-62: Building workspace] INFO  o.e.m.c.i.embedder.EclipseLogger - skip non existing resourceDirectory D:\Java\Eclipse\DatConverter\converter.dat\src\main\resources
2019-03-30 15:20:06,213 [Worker-62: Building workspace] INFO  o.e.m.c.i.embedder.EclipseLogger - Using 'UTF-8' encoding to copy filtered resources.
2019-03-30 15:20:06,214 [Worker-62: Building workspace] INFO  o.e.m.c.i.embedder.EclipseLogger - skip non existing resourceDirectory D:\Java\Eclipse\DatConverter\converter.dat\src\test\resources
2019-03-30 15:20:08,270 [Worker-54: Building workspace] INFO  o.e.m.c.i.embedder.EclipseLogger - Using 'UTF-8' encoding to copy filtered resources.
2019-03-30 15:20:08,271 [Worker-54: Building workspace] INFO  o.e.m.c.i.embedder.EclipseLogger - skip non existing resourceDirectory D:\Java\Eclipse\DatConverter\converter.dat\src\main\resources
2019-03-30 15:20:08,272 [Worker-54: Building workspace] INFO  o.e.m.c.i.embedder.EclipseLogger - Using 'UTF-8' encoding to copy filtered resources.
2019-03-30 15:20:08,274 [Worker-54: Building workspace] INFO  o.e.m.c.i.embedder.EclipseLogger - skip non existing resourceDirectory D:\Java\Eclipse\DatConverter\converter.dat\src\test\resources
2019-03-30 15:20:14,059 [Worker-58: Building workspace] INFO  o.e.m.c.i.embedder.EclipseLogger - Using 'UTF-8' encoding to copy filtered resources.
2019-03-30 15:20:14,060 [Worker-58: Building workspace] INFO  o.e.m.c.i.embedder.EclipseLogger - skip non existing resourceDirectory D:\Java\Eclipse\DatConverter\converter.dat\src\main\resources
2019-03-30 15:20:14,061 [Worker-58: Building workspace] INFO  o.e.m.c.i.embedder.EclipseLogger - Using 'UTF-8' encoding to copy filtered resources.
2019-03-30 15:20:14,062 [Worker-58: Building workspace] INFO  o.e.m.c.i.embedder.EclipseLogger - skip non existing resourceDirectory D:\Java\Eclipse\DatConverter\converter.dat\src\test\resources
2019-03-30 15:20:33,900 [Worker-54: Building workspace] INFO  o.e.m.c.i.embedder.EclipseLogger - Using 'UTF-8' encoding to copy filtered resources.
2019-03-30 15:20:33,901 [Worker-54: Building workspace] INFO  o.e.m.c.i.embedder.EclipseLogger - skip non existing resourceDirectory D:\Java\Eclipse\DatConverter\converter.dat\src\main\resources
2019-03-30 15:20:33,902 [Worker-54: Building workspace] INFO  o.e.m.c.i.embedder.EclipseLogger - Using 'UTF-8' encoding to copy filtered resources.
2019-03-30 15:20:33,903 [Worker-54: Building workspace] INFO  o.e.m.c.i.embedder.EclipseLogger - skip non existing resourceDirectory D:\Java\Eclipse\DatConverter\converter.dat\src\test\resources
2019-03-30 15:20:46,593 [Worker-57: Building workspace] INFO  o.e.m.c.i.embedder.EclipseLogger - Using 'UTF-8' encoding to copy filtered resources.
2019-03-30 15:20:46,594 [Worker-57: Building workspace] INFO  o.e.m.c.i.embedder.EclipseLogger - skip non existing resourceDirectory D:\Java\Eclipse\DatConverter\converter.dat\src\main\resources
2019-03-30 15:20:46,595 [Worker-57: Building workspace] INFO  o.e.m.c.i.embedder.EclipseLogger - Using 'UTF-8' encoding to copy filtered resources.
2019-03-30 15:20:46,596 [Worker-57: Building workspace] INFO  o.e.m.c.i.embedder.EclipseLogger - skip non existing resourceDirectory D:\Java\Eclipse\DatConverter\converter.dat\src\test\resources
2019-03-30 15:21:05,404 [Worker-50: Building workspace] INFO  o.e.m.c.i.embedder.EclipseLogger - Using 'UTF-8' encoding to copy filtered resources.
2019-03-30 15:21:05,405 [Worker-50: Building workspace] INFO  o.e.m.c.i.embedder.EclipseLogger - skip non existing resourceDirectory D:\Java\Eclipse\DatConverter\converter.dat\src\main\resources
2019-03-30 15:21:05,406 [Worker-50: Building workspace] INFO  o.e.m.c.i.embedder.EclipseLogger - Using 'UTF-8' encoding to copy filtered resources.
2019-03-30 15:21:05,406 [Worker-50: Building workspace] INFO  o.e.m.c.i.embedder.EclipseLogger - skip non existing resourceDirectory D:\Java\Eclipse\DatConverter\converter.dat\src\test\resources
2019-03-30 15:21:37,273 [Worker-54: Building workspace] INFO  o.e.m.c.i.embedder.EclipseLogger - Using 'UTF-8' encoding to copy filtered resources.
2019-03-30 15:21:37,274 [Worker-54: Building workspace] INFO  o.e.m.c.i.embedder.EclipseLogger - skip non existing resourceDirectory D:\Java\Eclipse\DatConverter\converter.dat\src\main\resources
2019-03-30 15:21:37,275 [Worker-54: Building workspace] INFO  o.e.m.c.i.embedder.EclipseLogger - Using 'UTF-8' encoding to copy filtered resources.
2019-03-30 15:21:37,275 [Worker-54: Building workspace] INFO  o.e.m.c.i.embedder.EclipseLogger - skip non existing resourceDirectory D:\Java\Eclipse\DatConverter\converter.dat\src\test\resources
2019-03-30 15:22:30,027 [Worker-62: Building workspace] INFO  o.e.m.c.i.embedder.EclipseLogger - Using 'UTF-8' encoding to copy filtered resources.
2019-03-30 15:22:30,028 [Worker-62: Building workspace] INFO  o.e.m.c.i.embedder.EclipseLogger - skip non existing resourceDirectory D:\Java\Eclipse\DatConverter\converter.dat\src\main\resources
2019-03-30 15:22:30,029 [Worker-62: Building workspace] INFO  o.e.m.c.i.embedder.EclipseLogger - Using 'UTF-8' encoding to copy filtered resources.
2019-03-30 15:22:30,030 [Worker-62: Building workspace] INFO  o.e.m.c.i.embedder.EclipseLogger - skip non existing resourceDirectory D:\Java\Eclipse\DatConverter\converter.dat\src\test\resources
2019-03-30 15:22:39,913 [Worker-58: Building workspace] INFO  o.e.m.c.i.embedder.EclipseLogger - Using 'UTF-8' encoding to copy filtered resources.
2019-03-30 15:22:39,914 [Worker-58: Building workspace] INFO  o.e.m.c.i.embedder.EclipseLogger - skip non existing resourceDirectory D:\Java\Eclipse\DatConverter\converter.dat\src\main\resources
2019-03-30 15:22:39,915 [Worker-58: Building workspace] INFO  o.e.m.c.i.embedder.EclipseLogger - Using 'UTF-8' encoding to copy filtered resources.
2019-03-30 15:22:39,916 [Worker-58: Building workspace] INFO  o.e.m.c.i.embedder.EclipseLogger - skip non existing resourceDirectory D:\Java\Eclipse\DatConverter\converter.dat\src\test\resources
2019-03-30 15:22:54,936 [Worker-57: Building workspace] INFO  o.e.m.c.i.embedder.EclipseLogger - Using 'UTF-8' encoding to copy filtered resources.
2019-03-30 15:22:54,936 [Worker-57: Building workspace] INFO  o.e.m.c.i.embedder.EclipseLogger - skip non existing resourceDirectory D:\Java\Eclipse\DatConverter\converter.dat\src\main\resources
2019-03-30 15:22:54,937 [Worker-57: Building workspace] INFO  o.e.m.c.i.embedder.EclipseLogger - Using 'UTF-8' encoding to copy filtered resources.
2019-03-30 15:22:54,938 [Worker-57: Building workspace] INFO  o.e.m.c.i.embedder.EclipseLogger - skip non existing resourceDirectory D:\Java\Eclipse\DatConverter\converter.dat\src\test\resources
2019-03-30 15:23:08,675 [Worker-57: Building workspace] INFO  o.e.m.c.i.embedder.EclipseLogger - Using 'UTF-8' encoding to copy filtered resources.
2019-03-30 15:23:08,675 [Worker-57: Building workspace] INFO  o.e.m.c.i.embedder.EclipseLogger - skip non existing resourceDirectory D:\Java\Eclipse\DatConverter\converter.dat\src\main\resources
2019-03-30 15:23:08,677 [Worker-57: Building workspace] INFO  o.e.m.c.i.embedder.EclipseLogger - Using 'UTF-8' encoding to copy filtered resources.
2019-03-30 15:23:08,678 [Worker-57: Building workspace] INFO  o.e.m.c.i.embedder.EclipseLogger - skip non existing resourceDirectory D:\Java\Eclipse\DatConverter\converter.dat\src\test\resources
2019-03-30 15:23:22,081 [Worker-63: Building workspace] INFO  o.e.m.c.i.embedder.EclipseLogger - Using 'UTF-8' encoding to copy filtered resources.
2019-03-30 15:23:22,082 [Worker-63: Building workspace] INFO  o.e.m.c.i.embedder.EclipseLogger - skip non existing resourceDirectory D:\Java\Eclipse\DatConverter\converter.dat\src\main\resources
2019-03-30 15:23:22,083 [Worker-63: Building workspace] INFO  o.e.m.c.i.embedder.EclipseLogger - Using 'UTF-8' encoding to copy filtered resources.
2019-03-30 15:23:22,085 [Worker-63: Building workspace] INFO  o.e.m.c.i.embedder.EclipseLogger - skip non existing resourceDirectory D:\Java\Eclipse\DatConverter\converter.dat\src\test\resources
2019-03-30 15:24:15,342 [Worker-58: Building workspace] INFO  o.e.m.c.i.embedder.EclipseLogger - Using 'UTF-8' encoding to copy filtered resources.
2019-03-30 15:24:15,343 [Worker-58: Building workspace] INFO  o.e.m.c.i.embedder.EclipseLogger - skip non existing resourceDirectory D:\Java\Eclipse\DatConverter\converter.dat\src\main\resources
2019-03-30 15:24:15,344 [Worker-58: Building workspace] INFO  o.e.m.c.i.embedder.EclipseLogger - Using 'UTF-8' encoding to copy filtered resources.
2019-03-30 15:24:15,345 [Worker-58: Building workspace] INFO  o.e.m.c.i.embedder.EclipseLogger - skip non existing resourceDirectory D:\Java\Eclipse\DatConverter\converter.dat\src\test\resources
2019-03-30 15:24:36,332 [Worker-63: Building workspace] INFO  o.e.m.c.i.embedder.EclipseLogger - Using 'UTF-8' encoding to copy filtered resources.
2019-03-30 15:24:36,333 [Worker-63: Building workspace] INFO  o.e.m.c.i.embedder.EclipseLogger - skip non existing resourceDirectory D:\Java\Eclipse\DatConverter\converter.dat\src\main\resources
2019-03-30 15:24:36,336 [Worker-63: Building workspace] INFO  o.e.m.c.i.embedder.EclipseLogger - Using 'UTF-8' encoding to copy filtered resources.
2019-03-30 15:24:36,337 [Worker-63: Building workspace] INFO  o.e.m.c.i.embedder.EclipseLogger - skip non existing resourceDirectory D:\Java\Eclipse\DatConverter\converter.dat\src\test\resources
2019-03-30 15:26:06,552 [Worker-57: Building workspace] INFO  o.e.m.c.i.embedder.EclipseLogger - Using 'UTF-8' encoding to copy filtered resources.
2019-03-30 15:26:06,553 [Worker-57: Building workspace] INFO  o.e.m.c.i.embedder.EclipseLogger - skip non existing resourceDirectory D:\Java\Eclipse\DatConverter\converter.dat\src\main\resources
2019-03-30 15:26:06,554 [Worker-57: Building workspace] INFO  o.e.m.c.i.embedder.EclipseLogger - Using 'UTF-8' encoding to copy filtered resources.
2019-03-30 15:26:06,554 [Worker-57: Building workspace] INFO  o.e.m.c.i.embedder.EclipseLogger - skip non existing resourceDirectory D:\Java\Eclipse\DatConverter\converter.dat\src\test\resources
2019-03-30 15:26:09,342 [Worker-57: Building workspace] INFO  o.e.m.c.i.embedder.EclipseLogger - Using 'UTF-8' encoding to copy filtered resources.
2019-03-30 15:26:09,342 [Worker-57: Building workspace] INFO  o.e.m.c.i.embedder.EclipseLogger - skip non existing resourceDirectory D:\Java\Eclipse\DatConverter\converter.dat\src\main\resources
2019-03-30 15:26:09,344 [Worker-57: Building workspace] INFO  o.e.m.c.i.embedder.EclipseLogger - Using 'UTF-8' encoding to copy filtered resources.
2019-03-30 15:26:09,344 [Worker-57: Building workspace] INFO  o.e.m.c.i.embedder.EclipseLogger - skip non existing resourceDirectory D:\Java\Eclipse\DatConverter\converter.dat\src\test\resources
2019-03-30 15:26:13,237 [Worker-57: Building workspace] INFO  o.e.m.c.i.embedder.EclipseLogger - Using 'UTF-8' encoding to copy filtered resources.
2019-03-30 15:26:13,238 [Worker-57: Building workspace] INFO  o.e.m.c.i.embedder.EclipseLogger - skip non existing resourceDirectory D:\Java\Eclipse\DatConverter\converter.dat\src\main\resources
2019-03-30 15:26:13,240 [Worker-57: Building workspace] INFO  o.e.m.c.i.embedder.EclipseLogger - Using 'UTF-8' encoding to copy filtered resources.
2019-03-30 15:26:13,240 [Worker-57: Building workspace] INFO  o.e.m.c.i.embedder.EclipseLogger - skip non existing resourceDirectory D:\Java\Eclipse\DatConverter\converter.dat\src\test\resources
2019-03-30 15:27:41,847 [Worker-54: Building workspace] INFO  o.e.m.c.i.embedder.EclipseLogger - Using 'UTF-8' encoding to copy filtered resources.
2019-03-30 15:27:41,847 [Worker-54: Building workspace] INFO  o.e.m.c.i.embedder.EclipseLogger - skip non existing resourceDirectory D:\Java\Eclipse\DatConverter\converter.dat\src\main\resources
2019-03-30 15:27:41,850 [Worker-54: Building workspace] INFO  o.e.m.c.i.embedder.EclipseLogger - Using 'UTF-8' encoding to copy filtered resources.
2019-03-30 15:27:41,850 [Worker-54: Building workspace] INFO  o.e.m.c.i.embedder.EclipseLogger - skip non existing resourceDirectory D:\Java\Eclipse\DatConverter\converter.dat\src\test\resources
2019-03-30 15:27:58,782 [Worker-57: Building workspace] INFO  o.e.m.c.i.embedder.EclipseLogger - Using 'UTF-8' encoding to copy filtered resources.
2019-03-30 15:27:58,783 [Worker-57: Building workspace] INFO  o.e.m.c.i.embedder.EclipseLogger - skip non existing resourceDirectory D:\Java\Eclipse\DatConverter\converter.dat\src\main\resources
2019-03-30 15:27:58,784 [Worker-57: Building workspace] INFO  o.e.m.c.i.embedder.EclipseLogger - Using 'UTF-8' encoding to copy filtered resources.
2019-03-30 15:27:58,784 [Worker-57: Building workspace] INFO  o.e.m.c.i.embedder.EclipseLogger - skip non existing resourceDirectory D:\Java\Eclipse\DatConverter\converter.dat\src\test\resources
2019-03-30 15:28:14,156 [Worker-50: Building workspace] INFO  o.e.m.c.i.embedder.EclipseLogger - Using 'UTF-8' encoding to copy filtered resources.
2019-03-30 15:28:14,157 [Worker-50: Building workspace] INFO  o.e.m.c.i.embedder.EclipseLogger - skip non existing resourceDirectory D:\Java\Eclipse\DatConverter\converter.dat\src\main\resources
2019-03-30 15:28:14,159 [Worker-50: Building workspace] INFO  o.e.m.c.i.embedder.EclipseLogger - Using 'UTF-8' encoding to copy filtered resources.
2019-03-30 15:28:14,160 [Worker-50: Building workspace] INFO  o.e.m.c.i.embedder.EclipseLogger - skip non existing resourceDirectory D:\Java\Eclipse\DatConverter\converter.dat\src\test\resources
2019-03-30 15:28:38,968 [Worker-54: Building workspace] INFO  o.e.m.c.i.embedder.EclipseLogger - Using 'UTF-8' encoding to copy filtered resources.
2019-03-30 15:28:38,969 [Worker-54: Building workspace] INFO  o.e.m.c.i.embedder.EclipseLogger - skip non existing resourceDirectory D:\Java\Eclipse\DatConverter\converter.dat\src\main\resources
2019-03-30 15:28:38,970 [Worker-54: Building workspace] INFO  o.e.m.c.i.embedder.EclipseLogger - Using 'UTF-8' encoding to copy filtered resources.
2019-03-30 15:28:38,971 [Worker-54: Building workspace] INFO  o.e.m.c.i.embedder.EclipseLogger - skip non existing resourceDirectory D:\Java\Eclipse\DatConverter\converter.dat\src\test\resources
2019-03-30 15:29:14,335 [Worker-54: Building workspace] INFO  o.e.m.c.i.embedder.EclipseLogger - Using 'UTF-8' encoding to copy filtered resources.
2019-03-30 15:29:14,335 [Worker-54: Building workspace] INFO  o.e.m.c.i.embedder.EclipseLogger - skip non existing resourceDirectory D:\Java\Eclipse\DatConverter\converter.dat\src\main\resources
2019-03-30 15:29:14,336 [Worker-54: Building workspace] INFO  o.e.m.c.i.embedder.EclipseLogger - Using 'UTF-8' encoding to copy filtered resources.
2019-03-30 15:29:14,337 [Worker-54: Building workspace] INFO  o.e.m.c.i.embedder.EclipseLogger - skip non existing resourceDirectory D:\Java\Eclipse\DatConverter\converter.dat\src\test\resources
2019-03-30 15:29:38,866 [Worker-58: Building workspace] INFO  o.e.m.c.i.embedder.EclipseLogger - Using 'UTF-8' encoding to copy filtered resources.
2019-03-30 15:29:38,866 [Worker-58: Building workspace] INFO  o.e.m.c.i.embedder.EclipseLogger - skip non existing resourceDirectory D:\Java\Eclipse\DatConverter\converter.dat\src\main\resources
2019-03-30 15:29:38,868 [Worker-58: Building workspace] INFO  o.e.m.c.i.embedder.EclipseLogger - Using 'UTF-8' encoding to copy filtered resources.
2019-03-30 15:29:38,869 [Worker-58: Building workspace] INFO  o.e.m.c.i.embedder.EclipseLogger - skip non existing resourceDirectory D:\Java\Eclipse\DatConverter\converter.dat\src\test\resources
2019-03-30 15:29:42,451 [Worker-58: Building workspace] INFO  o.e.m.c.i.embedder.EclipseLogger - Using 'UTF-8' encoding to copy filtered resources.
2019-03-30 15:29:42,451 [Worker-58: Building workspace] INFO  o.e.m.c.i.embedder.EclipseLogger - skip non existing resourceDirectory D:\Java\Eclipse\DatConverter\converter.dat\src\main\resources
2019-03-30 15:29:42,452 [Worker-58: Building workspace] INFO  o.e.m.c.i.embedder.EclipseLogger - Using 'UTF-8' encoding to copy filtered resources.
2019-03-30 15:29:42,453 [Worker-58: Building workspace] INFO  o.e.m.c.i.embedder.EclipseLogger - skip non existing resourceDirectory D:\Java\Eclipse\DatConverter\converter.dat\src\test\resources
2019-03-30 15:29:51,591 [Worker-62: Building workspace] INFO  o.e.m.c.i.embedder.EclipseLogger - Using 'UTF-8' encoding to copy filtered resources.
2019-03-30 15:29:51,591 [Worker-62: Building workspace] INFO  o.e.m.c.i.embedder.EclipseLogger - skip non existing resourceDirectory D:\Java\Eclipse\DatConverter\converter.dat\src\main\resources
2019-03-30 15:29:51,592 [Worker-62: Building workspace] INFO  o.e.m.c.i.embedder.EclipseLogger - Using 'UTF-8' encoding to copy filtered resources.
2019-03-30 15:29:51,593 [Worker-62: Building workspace] INFO  o.e.m.c.i.embedder.EclipseLogger - skip non existing resourceDirectory D:\Java\Eclipse\DatConverter\converter.dat\src\test\resources
2019-03-30 15:32:54,785 [Worker-64: Building workspace] INFO  o.e.m.c.i.embedder.EclipseLogger - Using 'UTF-8' encoding to copy filtered resources.
2019-03-30 15:32:54,785 [Worker-64: Building workspace] INFO  o.e.m.c.i.embedder.EclipseLogger - skip non existing resourceDirectory D:\Java\Eclipse\DatConverter\converter.dat\src\main\resources
2019-03-30 15:32:54,787 [Worker-64: Building workspace] INFO  o.e.m.c.i.embedder.EclipseLogger - Using 'UTF-8' encoding to copy filtered resources.
2019-03-30 15:32:54,787 [Worker-64: Building workspace] INFO  o.e.m.c.i.embedder.EclipseLogger - skip non existing resourceDirectory D:\Java\Eclipse\DatConverter\converter.dat\src\test\resources
2019-03-30 15:34:38,716 [Worker-67: Building workspace] INFO  o.e.m.c.i.embedder.EclipseLogger - Using 'UTF-8' encoding to copy filtered resources.
2019-03-30 15:34:38,716 [Worker-67: Building workspace] INFO  o.e.m.c.i.embedder.EclipseLogger - skip non existing resourceDirectory D:\Java\Eclipse\DatConverter\converter.dat\src\main\resources
2019-03-30 15:34:38,718 [Worker-67: Building workspace] INFO  o.e.m.c.i.embedder.EclipseLogger - Using 'UTF-8' encoding to copy filtered resources.
2019-03-30 15:34:38,718 [Worker-67: Building workspace] INFO  o.e.m.c.i.embedder.EclipseLogger - skip non existing resourceDirectory D:\Java\Eclipse\DatConverter\converter.dat\src\test\resources
2019-03-30 15:35:03,926 [Worker-67: Building workspace] INFO  o.e.m.c.i.embedder.EclipseLogger - Using 'UTF-8' encoding to copy filtered resources.
2019-03-30 15:35:03,927 [Worker-67: Building workspace] INFO  o.e.m.c.i.embedder.EclipseLogger - skip non existing resourceDirectory D:\Java\Eclipse\DatConverter\converter.dat\src\main\resources
2019-03-30 15:35:03,928 [Worker-67: Building workspace] INFO  o.e.m.c.i.embedder.EclipseLogger - Using 'UTF-8' encoding to copy filtered resources.
2019-03-30 15:35:03,930 [Worker-67: Building workspace] INFO  o.e.m.c.i.embedder.EclipseLogger - skip non existing resourceDirectory D:\Java\Eclipse\DatConverter\converter.dat\src\test\resources
2019-03-30 15:35:22,035 [Worker-57: Building workspace] INFO  o.e.m.c.i.embedder.EclipseLogger - Using 'UTF-8' encoding to copy filtered resources.
2019-03-30 15:35:22,036 [Worker-57: Building workspace] INFO  o.e.m.c.i.embedder.EclipseLogger - skip non existing resourceDirectory D:\Java\Eclipse\DatConverter\converter.dat\src\main\resources
2019-03-30 15:35:22,038 [Worker-57: Building workspace] INFO  o.e.m.c.i.embedder.EclipseLogger - Using 'UTF-8' encoding to copy filtered resources.
2019-03-30 15:35:22,039 [Worker-57: Building workspace] INFO  o.e.m.c.i.embedder.EclipseLogger - skip non existing resourceDirectory D:\Java\Eclipse\DatConverter\converter.dat\src\test\resources
2019-03-30 15:35:34,920 [Worker-65: Building workspace] INFO  o.e.m.c.i.embedder.EclipseLogger - Using 'UTF-8' encoding to copy filtered resources.
2019-03-30 15:35:34,921 [Worker-65: Building workspace] INFO  o.e.m.c.i.embedder.EclipseLogger - skip non existing resourceDirectory D:\Java\Eclipse\DatConverter\converter.dat\src\main\resources
2019-03-30 15:35:34,922 [Worker-65: Building workspace] INFO  o.e.m.c.i.embedder.EclipseLogger - Using 'UTF-8' encoding to copy filtered resources.
2019-03-30 15:35:34,923 [Worker-65: Building workspace] INFO  o.e.m.c.i.embedder.EclipseLogger - skip non existing resourceDirectory D:\Java\Eclipse\DatConverter\converter.dat\src\test\resources
2019-03-30 15:35:38,910 [Worker-62: Building workspace] INFO  o.e.m.c.i.embedder.EclipseLogger - Using 'UTF-8' encoding to copy filtered resources.
2019-03-30 15:35:38,911 [Worker-62: Building workspace] INFO  o.e.m.c.i.embedder.EclipseLogger - skip non existing resourceDirectory D:\Java\Eclipse\DatConverter\converter.dat\src\main\resources
2019-03-30 15:35:38,912 [Worker-62: Building workspace] INFO  o.e.m.c.i.embedder.EclipseLogger - Using 'UTF-8' encoding to copy filtered resources.
2019-03-30 15:35:38,913 [Worker-62: Building workspace] INFO  o.e.m.c.i.embedder.EclipseLogger - skip non existing resourceDirectory D:\Java\Eclipse\DatConverter\converter.dat\src\test\resources
2019-03-30 15:36:15,992 [Worker-66: Building workspace] INFO  o.e.m.c.i.embedder.EclipseLogger - Using 'UTF-8' encoding to copy filtered resources.
2019-03-30 15:36:15,993 [Worker-66: Building workspace] INFO  o.e.m.c.i.embedder.EclipseLogger - skip non existing resourceDirectory D:\Java\Eclipse\DatConverter\converter.dat\src\main\resources
2019-03-30 15:36:15,995 [Worker-66: Building workspace] INFO  o.e.m.c.i.embedder.EclipseLogger - Using 'UTF-8' encoding to copy filtered resources.
2019-03-30 15:36:15,995 [Worker-66: Building workspace] INFO  o.e.m.c.i.embedder.EclipseLogger - skip non existing resourceDirectory D:\Java\Eclipse\DatConverter\converter.dat\src\test\resources
2019-03-30 15:36:25,723 [Worker-67: Building workspace] INFO  o.e.m.c.i.embedder.EclipseLogger - Using 'UTF-8' encoding to copy filtered resources.
2019-03-30 15:36:25,725 [Worker-67: Building workspace] INFO  o.e.m.c.i.embedder.EclipseLogger - skip non existing resourceDirectory D:\Java\Eclipse\DatConverter\converter.dat\src\main\resources
2019-03-30 15:36:25,726 [Worker-67: Building workspace] INFO  o.e.m.c.i.embedder.EclipseLogger - Using 'UTF-8' encoding to copy filtered resources.
2019-03-30 15:36:25,727 [Worker-67: Building workspace] INFO  o.e.m.c.i.embedder.EclipseLogger - skip non existing resourceDirectory D:\Java\Eclipse\DatConverter\converter.dat\src\test\resources
2019-03-30 15:37:07,289 [Worker-57: Building workspace] INFO  o.e.m.c.i.embedder.EclipseLogger - Using 'UTF-8' encoding to copy filtered resources.
2019-03-30 15:37:07,290 [Worker-57: Building workspace] INFO  o.e.m.c.i.embedder.EclipseLogger - skip non existing resourceDirectory D:\Java\Eclipse\DatConverter\converter.dat\src\main\resources
2019-03-30 15:37:07,292 [Worker-57: Building workspace] INFO  o.e.m.c.i.embedder.EclipseLogger - Using 'UTF-8' encoding to copy filtered resources.
2019-03-30 15:37:07,293 [Worker-57: Building workspace] INFO  o.e.m.c.i.embedder.EclipseLogger - skip non existing resourceDirectory D:\Java\Eclipse\DatConverter\converter.dat\src\test\resources
2019-03-30 15:37:29,272 [Worker-67: Building workspace] INFO  o.e.m.c.i.embedder.EclipseLogger - Using 'UTF-8' encoding to copy filtered resources.
2019-03-30 15:37:29,273 [Worker-67: Building workspace] INFO  o.e.m.c.i.embedder.EclipseLogger - skip non existing resourceDirectory D:\Java\Eclipse\DatConverter\converter.dat\src\main\resources
2019-03-30 15:37:29,274 [Worker-67: Building workspace] INFO  o.e.m.c.i.embedder.EclipseLogger - Using 'UTF-8' encoding to copy filtered resources.
2019-03-30 15:37:29,274 [Worker-67: Building workspace] INFO  o.e.m.c.i.embedder.EclipseLogger - skip non existing resourceDirectory D:\Java\Eclipse\DatConverter\converter.dat\src\test\resources
2019-03-30 15:40:50,642 [Worker-65: Building workspace] INFO  o.e.m.c.i.embedder.EclipseLogger - Using 'UTF-8' encoding to copy filtered resources.
2019-03-30 15:40:50,642 [Worker-65: Building workspace] INFO  o.e.m.c.i.embedder.EclipseLogger - skip non existing resourceDirectory D:\Java\Eclipse\DatConverter\converter.dat\src\main\resources
2019-03-30 15:40:50,644 [Worker-65: Building workspace] INFO  o.e.m.c.i.embedder.EclipseLogger - Using 'UTF-8' encoding to copy filtered resources.
2019-03-30 15:40:50,645 [Worker-65: Building workspace] INFO  o.e.m.c.i.embedder.EclipseLogger - skip non existing resourceDirectory D:\Java\Eclipse\DatConverter\converter.dat\src\test\resources
2019-03-30 15:41:25,590 [Worker-70: Building workspace] INFO  o.e.m.c.i.embedder.EclipseLogger - Using 'UTF-8' encoding to copy filtered resources.
2019-03-30 15:41:25,591 [Worker-70: Building workspace] INFO  o.e.m.c.i.embedder.EclipseLogger - skip non existing resourceDirectory D:\Java\Eclipse\DatConverter\converter.dat\src\main\resources
2019-03-30 15:41:25,592 [Worker-70: Building workspace] INFO  o.e.m.c.i.embedder.EclipseLogger - Using 'UTF-8' encoding to copy filtered resources.
2019-03-30 15:41:25,593 [Worker-70: Building workspace] INFO  o.e.m.c.i.embedder.EclipseLogger - skip non existing resourceDirectory D:\Java\Eclipse\DatConverter\converter.dat\src\test\resources
2019-03-30 15:41:35,959 [Worker-66: Building workspace] INFO  o.e.m.c.i.embedder.EclipseLogger - Using 'UTF-8' encoding to copy filtered resources.
2019-03-30 15:41:35,960 [Worker-66: Building workspace] INFO  o.e.m.c.i.embedder.EclipseLogger - skip non existing resourceDirectory D:\Java\Eclipse\DatConverter\converter.dat\src\main\resources
2019-03-30 15:41:35,962 [Worker-66: Building workspace] INFO  o.e.m.c.i.embedder.EclipseLogger - Using 'UTF-8' encoding to copy filtered resources.
2019-03-30 15:41:35,963 [Worker-66: Building workspace] INFO  o.e.m.c.i.embedder.EclipseLogger - skip non existing resourceDirectory D:\Java\Eclipse\DatConverter\converter.dat\src\test\resources
2019-03-30 15:42:00,542 [Worker-69: Launching App] INFO  o.e.m.c.i.embedder.EclipseLogger - Using 'UTF-8' encoding to copy filtered resources.
2019-03-30 15:42:00,543 [Worker-69: Launching App] INFO  o.e.m.c.i.embedder.EclipseLogger - skip non existing resourceDirectory D:\Java\Eclipse\DatConverter\converter.dat\src\main\resources
2019-03-30 15:42:00,544 [Worker-69: Launching App] INFO  o.e.m.c.i.embedder.EclipseLogger - Using 'UTF-8' encoding to copy filtered resources.
2019-03-30 15:42:00,544 [Worker-69: Launching App] INFO  o.e.m.c.i.embedder.EclipseLogger - skip non existing resourceDirectory D:\Java\Eclipse\DatConverter\converter.dat\src\test\resources
2019-03-30 15:42:16,509 [Worker-64: Launching App] INFO  o.e.m.c.i.embedder.EclipseLogger - Using 'UTF-8' encoding to copy filtered resources.
2019-03-30 15:42:16,509 [Worker-64: Launching App] INFO  o.e.m.c.i.embedder.EclipseLogger - skip non existing resourceDirectory D:\Java\Eclipse\DatConverter\converter.dat\src\main\resources
2019-03-30 15:42:16,512 [Worker-64: Launching App] INFO  o.e.m.c.i.embedder.EclipseLogger - Using 'UTF-8' encoding to copy filtered resources.
2019-03-30 15:42:16,513 [Worker-64: Launching App] INFO  o.e.m.c.i.embedder.EclipseLogger - skip non existing resourceDirectory D:\Java\Eclipse\DatConverter\converter.dat\src\test\resources
2019-03-30 15:42:33,192 [Worker-65: Launching App] INFO  o.e.m.c.i.embedder.EclipseLogger - Using 'UTF-8' encoding to copy filtered resources.
2019-03-30 15:42:33,194 [Worker-65: Launching App] INFO  o.e.m.c.i.embedder.EclipseLogger - skip non existing resourceDirectory D:\Java\Eclipse\DatConverter\converter.dat\src\main\resources
2019-03-30 15:42:33,195 [Worker-65: Launching App] INFO  o.e.m.c.i.embedder.EclipseLogger - Using 'UTF-8' encoding to copy filtered resources.
2019-03-30 15:42:33,196 [Worker-65: Launching App] INFO  o.e.m.c.i.embedder.EclipseLogger - skip non existing resourceDirectory D:\Java\Eclipse\DatConverter\converter.dat\src\test\resources
2019-03-30 15:42:56,415 [Worker-64: Launching App] INFO  o.e.m.c.i.embedder.EclipseLogger - Using 'UTF-8' encoding to copy filtered resources.
2019-03-30 15:42:56,416 [Worker-64: Launching App] INFO  o.e.m.c.i.embedder.EclipseLogger - skip non existing resourceDirectory D:\Java\Eclipse\DatConverter\converter.dat\src\main\resources
2019-03-30 15:42:56,419 [Worker-64: Launching App] INFO  o.e.m.c.i.embedder.EclipseLogger - Using 'UTF-8' encoding to copy filtered resources.
2019-03-30 15:42:56,420 [Worker-64: Launching App] INFO  o.e.m.c.i.embedder.EclipseLogger - skip non existing resourceDirectory D:\Java\Eclipse\DatConverter\converter.dat\src\test\resources
2019-03-30 15:43:47,363 [Worker-57: Building workspace] INFO  o.e.m.c.i.embedder.EclipseLogger - Using 'UTF-8' encoding to copy filtered resources.
2019-03-30 15:43:47,364 [Worker-57: Building workspace] INFO  o.e.m.c.i.embedder.EclipseLogger - skip non existing resourceDirectory D:\Java\Eclipse\DatConverter\converter.dat\src\main\resources
2019-03-30 15:43:47,365 [Worker-57: Building workspace] INFO  o.e.m.c.i.embedder.EclipseLogger - Using 'UTF-8' encoding to copy filtered resources.
2019-03-30 15:43:47,366 [Worker-57: Building workspace] INFO  o.e.m.c.i.embedder.EclipseLogger - skip non existing resourceDirectory D:\Java\Eclipse\DatConverter\converter.dat\src\test\resources
2019-03-30 15:44:11,248 [Worker-66: Launching App] INFO  o.e.m.c.i.embedder.EclipseLogger - Using 'UTF-8' encoding to copy filtered resources.
2019-03-30 15:44:11,249 [Worker-66: Launching App] INFO  o.e.m.c.i.embedder.EclipseLogger - skip non existing resourceDirectory D:\Java\Eclipse\DatConverter\converter.dat\src\main\resources
2019-03-30 15:44:11,251 [Worker-66: Launching App] INFO  o.e.m.c.i.embedder.EclipseLogger - Using 'UTF-8' encoding to copy filtered resources.
2019-03-30 15:44:11,252 [Worker-66: Launching App] INFO  o.e.m.c.i.embedder.EclipseLogger - skip non existing resourceDirectory D:\Java\Eclipse\DatConverter\converter.dat\src\test\resources
2019-03-30 15:44:48,839 [Worker-65: Launching App] INFO  o.e.m.c.i.embedder.EclipseLogger - Using 'UTF-8' encoding to copy filtered resources.
2019-03-30 15:44:48,840 [Worker-65: Launching App] INFO  o.e.m.c.i.embedder.EclipseLogger - skip non existing resourceDirectory D:\Java\Eclipse\DatConverter\converter.dat\src\main\resources
2019-03-30 15:44:48,841 [Worker-65: Launching App] INFO  o.e.m.c.i.embedder.EclipseLogger - Using 'UTF-8' encoding to copy filtered resources.
2019-03-30 15:44:48,842 [Worker-65: Launching App] INFO  o.e.m.c.i.embedder.EclipseLogger - skip non existing resourceDirectory D:\Java\Eclipse\DatConverter\converter.dat\src\test\resources
2019-03-30 15:45:07,333 [Worker-64: Launching App] INFO  o.e.m.c.i.embedder.EclipseLogger - Using 'UTF-8' encoding to copy filtered resources.
2019-03-30 15:45:07,334 [Worker-64: Launching App] INFO  o.e.m.c.i.embedder.EclipseLogger - skip non existing resourceDirectory D:\Java\Eclipse\DatConverter\converter.dat\src\main\resources
2019-03-30 15:45:07,335 [Worker-64: Launching App] INFO  o.e.m.c.i.embedder.EclipseLogger - Using 'UTF-8' encoding to copy filtered resources.
2019-03-30 15:45:07,336 [Worker-64: Launching App] INFO  o.e.m.c.i.embedder.EclipseLogger - skip non existing resourceDirectory D:\Java\Eclipse\DatConverter\converter.dat\src\test\resources
2019-03-30 15:45:20,506 [Worker-64: Launching App] INFO  o.e.m.c.i.embedder.EclipseLogger - Using 'UTF-8' encoding to copy filtered resources.
2019-03-30 15:45:20,508 [Worker-64: Launching App] INFO  o.e.m.c.i.embedder.EclipseLogger - skip non existing resourceDirectory D:\Java\Eclipse\DatConverter\converter.dat\src\main\resources
2019-03-30 15:45:20,510 [Worker-64: Launching App] INFO  o.e.m.c.i.embedder.EclipseLogger - Using 'UTF-8' encoding to copy filtered resources.
2019-03-30 15:45:20,510 [Worker-64: Launching App] INFO  o.e.m.c.i.embedder.EclipseLogger - skip non existing resourceDirectory D:\Java\Eclipse\DatConverter\converter.dat\src\test\resources
2019-03-30 15:45:58,414 [Worker-67: Launching App] INFO  o.e.m.c.i.embedder.EclipseLogger - Using 'UTF-8' encoding to copy filtered resources.
2019-03-30 15:45:58,415 [Worker-67: Launching App] INFO  o.e.m.c.i.embedder.EclipseLogger - skip non existing resourceDirectory D:\Java\Eclipse\DatConverter\converter.dat\src\main\resources
2019-03-30 15:45:58,416 [Worker-67: Launching App] INFO  o.e.m.c.i.embedder.EclipseLogger - Using 'UTF-8' encoding to copy filtered resources.
2019-03-30 15:45:58,417 [Worker-67: Launching App] INFO  o.e.m.c.i.embedder.EclipseLogger - skip non existing resourceDirectory D:\Java\Eclipse\DatConverter\converter.dat\src\test\resources
2019-03-30 15:47:01,299 [Worker-57: Launching App] INFO  o.e.m.c.i.embedder.EclipseLogger - Using 'UTF-8' encoding to copy filtered resources.
2019-03-30 15:47:01,299 [Worker-57: Launching App] INFO  o.e.m.c.i.embedder.EclipseLogger - skip non existing resourceDirectory D:\Java\Eclipse\DatConverter\converter.dat\src\main\resources
2019-03-30 15:47:01,300 [Worker-57: Launching App] INFO  o.e.m.c.i.embedder.EclipseLogger - Using 'UTF-8' encoding to copy filtered resources.
2019-03-30 15:47:01,301 [Worker-57: Launching App] INFO  o.e.m.c.i.embedder.EclipseLogger - skip non existing resourceDirectory D:\Java\Eclipse\DatConverter\converter.dat\src\test\resources
2019-03-30 15:47:33,654 [Worker-65: Building workspace] INFO  o.e.m.c.i.embedder.EclipseLogger - Using 'UTF-8' encoding to copy filtered resources.
2019-03-30 15:47:33,655 [Worker-65: Building workspace] INFO  o.e.m.c.i.embedder.EclipseLogger - skip non existing resourceDirectory D:\Java\Eclipse\DatConverter\converter.dat\src\main\resources
2019-03-30 15:47:33,656 [Worker-65: Building workspace] INFO  o.e.m.c.i.embedder.EclipseLogger - Using 'UTF-8' encoding to copy filtered resources.
2019-03-30 15:47:33,657 [Worker-65: Building workspace] INFO  o.e.m.c.i.embedder.EclipseLogger - skip non existing resourceDirectory D:\Java\Eclipse\DatConverter\converter.dat\src\test\resources
2019-03-30 15:48:15,930 [Worker-57: Launching App] INFO  o.e.m.c.i.embedder.EclipseLogger - Using 'UTF-8' encoding to copy filtered resources.
2019-03-30 15:48:15,931 [Worker-57: Launching App] INFO  o.e.m.c.i.embedder.EclipseLogger - skip non existing resourceDirectory D:\Java\Eclipse\DatConverter\converter.dat\src\main\resources
2019-03-30 15:48:15,932 [Worker-57: Launching App] INFO  o.e.m.c.i.embedder.EclipseLogger - Using 'UTF-8' encoding to copy filtered resources.
2019-03-30 15:48:15,933 [Worker-57: Launching App] INFO  o.e.m.c.i.embedder.EclipseLogger - skip non existing resourceDirectory D:\Java\Eclipse\DatConverter\converter.dat\src\test\resources
2019-03-30 15:48:37,796 [Worker-70: Launching App] INFO  o.e.m.c.i.embedder.EclipseLogger - Using 'UTF-8' encoding to copy filtered resources.
2019-03-30 15:48:37,796 [Worker-70: Launching App] INFO  o.e.m.c.i.embedder.EclipseLogger - skip non existing resourceDirectory D:\Java\Eclipse\DatConverter\converter.dat\src\main\resources
2019-03-30 15:48:37,798 [Worker-70: Launching App] INFO  o.e.m.c.i.embedder.EclipseLogger - Using 'UTF-8' encoding to copy filtered resources.
2019-03-30 15:48:37,799 [Worker-70: Launching App] INFO  o.e.m.c.i.embedder.EclipseLogger - skip non existing resourceDirectory D:\Java\Eclipse\DatConverter\converter.dat\src\test\resources
2019-03-30 15:48:47,767 [Worker-64: Launching App] INFO  o.e.m.c.i.embedder.EclipseLogger - Using 'UTF-8' encoding to copy filtered resources.
2019-03-30 15:48:47,768 [Worker-64: Launching App] INFO  o.e.m.c.i.embedder.EclipseLogger - skip non existing resourceDirectory D:\Java\Eclipse\DatConverter\converter.dat\src\main\resources
2019-03-30 15:48:47,776 [Worker-64: Launching App] INFO  o.e.m.c.i.embedder.EclipseLogger - Using 'UTF-8' encoding to copy filtered resources.
2019-03-30 15:48:47,777 [Worker-64: Launching App] INFO  o.e.m.c.i.embedder.EclipseLogger - skip non existing resourceDirectory D:\Java\Eclipse\DatConverter\converter.dat\src\test\resources
2019-03-30 15:49:28,318 [Worker-57: Launching App] INFO  o.e.m.c.i.embedder.EclipseLogger - Using 'UTF-8' encoding to copy filtered resources.
2019-03-30 15:49:28,318 [Worker-57: Launching App] INFO  o.e.m.c.i.embedder.EclipseLogger - skip non existing resourceDirectory D:\Java\Eclipse\DatConverter\converter.dat\src\main\resources
2019-03-30 15:49:28,319 [Worker-57: Launching App] INFO  o.e.m.c.i.embedder.EclipseLogger - Using 'UTF-8' encoding to copy filtered resources.
2019-03-30 15:49:28,320 [Worker-57: Launching App] INFO  o.e.m.c.i.embedder.EclipseLogger - skip non existing resourceDirectory D:\Java\Eclipse\DatConverter\converter.dat\src\test\resources
2019-03-30 15:50:36,068 [Worker-70: Launching App] INFO  o.e.m.c.i.embedder.EclipseLogger - Using 'UTF-8' encoding to copy filtered resources.
2019-03-30 15:50:36,069 [Worker-70: Launching App] INFO  o.e.m.c.i.embedder.EclipseLogger - skip non existing resourceDirectory D:\Java\Eclipse\DatConverter\converter.dat\src\main\resources
2019-03-30 15:50:36,071 [Worker-70: Launching App] INFO  o.e.m.c.i.embedder.EclipseLogger - Using 'UTF-8' encoding to copy filtered resources.
2019-03-30 15:50:36,071 [Worker-70: Launching App] INFO  o.e.m.c.i.embedder.EclipseLogger - skip non existing resourceDirectory D:\Java\Eclipse\DatConverter\converter.dat\src\test\resources
2019-03-30 15:51:14,729 [Worker-69: Launching App] INFO  o.e.m.c.i.embedder.EclipseLogger - Using 'UTF-8' encoding to copy filtered resources.
2019-03-30 15:51:14,730 [Worker-69: Launching App] INFO  o.e.m.c.i.embedder.EclipseLogger - skip non existing resourceDirectory D:\Java\Eclipse\DatConverter\converter.dat\src\main\resources
2019-03-30 15:51:14,732 [Worker-69: Launching App] INFO  o.e.m.c.i.embedder.EclipseLogger - Using 'UTF-8' encoding to copy filtered resources.
2019-03-30 15:51:14,733 [Worker-69: Launching App] INFO  o.e.m.c.i.embedder.EclipseLogger - skip non existing resourceDirectory D:\Java\Eclipse\DatConverter\converter.dat\src\test\resources
2019-03-30 15:52:37,020 [Worker-69: Launching App] INFO  o.e.m.c.i.embedder.EclipseLogger - Using 'UTF-8' encoding to copy filtered resources.
2019-03-30 15:52:37,020 [Worker-69: Launching App] INFO  o.e.m.c.i.embedder.EclipseLogger - skip non existing resourceDirectory D:\Java\Eclipse\DatConverter\converter.dat\src\main\resources
2019-03-30 15:52:37,022 [Worker-69: Launching App] INFO  o.e.m.c.i.embedder.EclipseLogger - Using 'UTF-8' encoding to copy filtered resources.
2019-03-30 15:52:37,023 [Worker-69: Launching App] INFO  o.e.m.c.i.embedder.EclipseLogger - skip non existing resourceDirectory D:\Java\Eclipse\DatConverter\converter.dat\src\test\resources
2019-03-30 15:53:46,495 [Worker-69: Launching App] INFO  o.e.m.c.i.embedder.EclipseLogger - Using 'UTF-8' encoding to copy filtered resources.
2019-03-30 15:53:46,495 [Worker-69: Launching App] INFO  o.e.m.c.i.embedder.EclipseLogger - skip non existing resourceDirectory D:\Java\Eclipse\DatConverter\converter.dat\src\main\resources
2019-03-30 15:53:46,497 [Worker-69: Launching App] INFO  o.e.m.c.i.embedder.EclipseLogger - Using 'UTF-8' encoding to copy filtered resources.
2019-03-30 15:53:46,498 [Worker-69: Launching App] INFO  o.e.m.c.i.embedder.EclipseLogger - skip non existing resourceDirectory D:\Java\Eclipse\DatConverter\converter.dat\src\test\resources
2019-03-30 15:54:06,346 [Worker-64: Launching App] INFO  o.e.m.c.i.embedder.EclipseLogger - Using 'UTF-8' encoding to copy filtered resources.
2019-03-30 15:54:06,347 [Worker-64: Launching App] INFO  o.e.m.c.i.embedder.EclipseLogger - skip non existing resourceDirectory D:\Java\Eclipse\DatConverter\converter.dat\src\main\resources
2019-03-30 15:54:06,349 [Worker-64: Launching App] INFO  o.e.m.c.i.embedder.EclipseLogger - Using 'UTF-8' encoding to copy filtered resources.
2019-03-30 15:54:06,349 [Worker-64: Launching App] INFO  o.e.m.c.i.embedder.EclipseLogger - skip non existing resourceDirectory D:\Java\Eclipse\DatConverter\converter.dat\src\test\resources
2019-03-30 15:54:50,579 [Worker-64: Building workspace] INFO  o.e.m.c.i.embedder.EclipseLogger - Using 'UTF-8' encoding to copy filtered resources.
2019-03-30 15:54:50,580 [Worker-64: Building workspace] INFO  o.e.m.c.i.embedder.EclipseLogger - skip non existing resourceDirectory D:\Java\Eclipse\DatConverter\converter.dat\src\main\resources
2019-03-30 15:54:50,581 [Worker-64: Building workspace] INFO  o.e.m.c.i.embedder.EclipseLogger - Using 'UTF-8' encoding to copy filtered resources.
2019-03-30 15:54:50,581 [Worker-64: Building workspace] INFO  o.e.m.c.i.embedder.EclipseLogger - skip non existing resourceDirectory D:\Java\Eclipse\DatConverter\converter.dat\src\test\resources
2019-03-30 15:55:24,868 [Worker-65: Building workspace] INFO  o.e.m.c.i.embedder.EclipseLogger - Using 'UTF-8' encoding to copy filtered resources.
2019-03-30 15:55:24,869 [Worker-65: Building workspace] INFO  o.e.m.c.i.embedder.EclipseLogger - skip non existing resourceDirectory D:\Java\Eclipse\DatConverter\converter.dat\src\main\resources
2019-03-30 15:55:24,870 [Worker-65: Building workspace] INFO  o.e.m.c.i.embedder.EclipseLogger - Using 'UTF-8' encoding to copy filtered resources.
2019-03-30 15:55:24,870 [Worker-65: Building workspace] INFO  o.e.m.c.i.embedder.EclipseLogger - skip non existing resourceDirectory D:\Java\Eclipse\DatConverter\converter.dat\src\test\resources
2019-03-30 15:55:58,261 [Worker-57: Building workspace] INFO  o.e.m.c.i.embedder.EclipseLogger - Using 'UTF-8' encoding to copy filtered resources.
2019-03-30 15:55:58,262 [Worker-57: Building workspace] INFO  o.e.m.c.i.embedder.EclipseLogger - skip non existing resourceDirectory D:\Java\Eclipse\DatConverter\converter.dat\src\main\resources
2019-03-30 15:55:58,264 [Worker-57: Building workspace] INFO  o.e.m.c.i.embedder.EclipseLogger - Using 'UTF-8' encoding to copy filtered resources.
2019-03-30 15:55:58,265 [Worker-57: Building workspace] INFO  o.e.m.c.i.embedder.EclipseLogger - skip non existing resourceDirectory D:\Java\Eclipse\DatConverter\converter.dat\src\test\resources
2019-03-30 15:56:16,001 [Worker-57: Building workspace] INFO  o.e.m.c.i.embedder.EclipseLogger - Using 'UTF-8' encoding to copy filtered resources.
2019-03-30 15:56:16,001 [Worker-57: Building workspace] INFO  o.e.m.c.i.embedder.EclipseLogger - skip non existing resourceDirectory D:\Java\Eclipse\DatConverter\converter.dat\src\main\resources
2019-03-30 15:56:16,003 [Worker-57: Building workspace] INFO  o.e.m.c.i.embedder.EclipseLogger - Using 'UTF-8' encoding to copy filtered resources.
2019-03-30 15:56:16,003 [Worker-57: Building workspace] INFO  o.e.m.c.i.embedder.EclipseLogger - skip non existing resourceDirectory D:\Java\Eclipse\DatConverter\converter.dat\src\test\resources
2019-03-30 15:56:50,045 [Worker-65: Building workspace] INFO  o.e.m.c.i.embedder.EclipseLogger - Using 'UTF-8' encoding to copy filtered resources.
2019-03-30 15:56:50,046 [Worker-65: Building workspace] INFO  o.e.m.c.i.embedder.EclipseLogger - skip non existing resourceDirectory D:\Java\Eclipse\DatConverter\converter.dat\src\main\resources
2019-03-30 15:56:50,047 [Worker-65: Building workspace] INFO  o.e.m.c.i.embedder.EclipseLogger - Using 'UTF-8' encoding to copy filtered resources.
2019-03-30 15:56:50,047 [Worker-65: Building workspace] INFO  o.e.m.c.i.embedder.EclipseLogger - skip non existing resourceDirectory D:\Java\Eclipse\DatConverter\converter.dat\src\test\resources
2019-03-30 15:57:02,038 [Worker-66: Building workspace] INFO  o.e.m.c.i.embedder.EclipseLogger - Using 'UTF-8' encoding to copy filtered resources.
2019-03-30 15:57:02,038 [Worker-66: Building workspace] INFO  o.e.m.c.i.embedder.EclipseLogger - skip non existing resourceDirectory D:\Java\Eclipse\DatConverter\converter.dat\src\main\resources
2019-03-30 15:57:02,040 [Worker-66: Building workspace] INFO  o.e.m.c.i.embedder.EclipseLogger - Using 'UTF-8' encoding to copy filtered resources.
2019-03-30 15:57:02,040 [Worker-66: Building workspace] INFO  o.e.m.c.i.embedder.EclipseLogger - skip non existing resourceDirectory D:\Java\Eclipse\DatConverter\converter.dat\src\test\resources
2019-03-30 15:57:32,576 [Worker-66: Building workspace] INFO  o.e.m.c.i.embedder.EclipseLogger - Using 'UTF-8' encoding to copy filtered resources.
2019-03-30 15:57:32,577 [Worker-66: Building workspace] INFO  o.e.m.c.i.embedder.EclipseLogger - skip non existing resourceDirectory D:\Java\Eclipse\DatConverter\converter.dat\src\main\resources
2019-03-30 15:57:32,578 [Worker-66: Building workspace] INFO  o.e.m.c.i.embedder.EclipseLogger - Using 'UTF-8' encoding to copy filtered resources.
2019-03-30 15:57:32,578 [Worker-66: Building workspace] INFO  o.e.m.c.i.embedder.EclipseLogger - skip non existing resourceDirectory D:\Java\Eclipse\DatConverter\converter.dat\src\test\resources
2019-03-30 15:57:46,601 [Worker-67: Building workspace] INFO  o.e.m.c.i.embedder.EclipseLogger - Using 'UTF-8' encoding to copy filtered resources.
2019-03-30 15:57:46,602 [Worker-67: Building workspace] INFO  o.e.m.c.i.embedder.EclipseLogger - skip non existing resourceDirectory D:\Java\Eclipse\DatConverter\converter.dat\src\main\resources
2019-03-30 15:57:46,603 [Worker-67: Building workspace] INFO  o.e.m.c.i.embedder.EclipseLogger - Using 'UTF-8' encoding to copy filtered resources.
2019-03-30 15:57:46,604 [Worker-67: Building workspace] INFO  o.e.m.c.i.embedder.EclipseLogger - skip non existing resourceDirectory D:\Java\Eclipse\DatConverter\converter.dat\src\test\resources
2019-03-30 15:57:51,467 [Worker-57: Building workspace] INFO  o.e.m.c.i.embedder.EclipseLogger - Using 'UTF-8' encoding to copy filtered resources.
2019-03-30 15:57:51,468 [Worker-57: Building workspace] INFO  o.e.m.c.i.embedder.EclipseLogger - skip non existing resourceDirectory D:\Java\Eclipse\DatConverter\converter.dat\src\main\resources
2019-03-30 15:57:51,469 [Worker-57: Building workspace] INFO  o.e.m.c.i.embedder.EclipseLogger - Using 'UTF-8' encoding to copy filtered resources.
2019-03-30 15:57:51,469 [Worker-57: Building workspace] INFO  o.e.m.c.i.embedder.EclipseLogger - skip non existing resourceDirectory D:\Java\Eclipse\DatConverter\converter.dat\src\test\resources
2019-03-30 15:57:55,869 [Worker-67: Building workspace] INFO  o.e.m.c.i.embedder.EclipseLogger - Using 'UTF-8' encoding to copy filtered resources.
2019-03-30 15:57:55,870 [Worker-67: Building workspace] INFO  o.e.m.c.i.embedder.EclipseLogger - skip non existing resourceDirectory D:\Java\Eclipse\DatConverter\converter.dat\src\main\resources
2019-03-30 15:57:55,871 [Worker-67: Building workspace] INFO  o.e.m.c.i.embedder.EclipseLogger - Using 'UTF-8' encoding to copy filtered resources.
2019-03-30 15:57:55,872 [Worker-67: Building workspace] INFO  o.e.m.c.i.embedder.EclipseLogger - skip non existing resourceDirectory D:\Java\Eclipse\DatConverter\converter.dat\src\test\resources
2019-03-30 15:58:07,362 [Worker-66: Building workspace] INFO  o.e.m.c.i.embedder.EclipseLogger - Using 'UTF-8' encoding to copy filtered resources.
2019-03-30 15:58:07,362 [Worker-66: Building workspace] INFO  o.e.m.c.i.embedder.EclipseLogger - skip non existing resourceDirectory D:\Java\Eclipse\DatConverter\converter.dat\src\main\resources
2019-03-30 15:58:07,364 [Worker-66: Building workspace] INFO  o.e.m.c.i.embedder.EclipseLogger - Using 'UTF-8' encoding to copy filtered resources.
2019-03-30 15:58:07,364 [Worker-66: Building workspace] INFO  o.e.m.c.i.embedder.EclipseLogger - skip non existing resourceDirectory D:\Java\Eclipse\DatConverter\converter.dat\src\test\resources
2019-03-30 15:58:30,493 [Worker-66: Building workspace] INFO  o.e.m.c.i.embedder.EclipseLogger - Using 'UTF-8' encoding to copy filtered resources.
2019-03-30 15:58:30,494 [Worker-66: Building workspace] INFO  o.e.m.c.i.embedder.EclipseLogger - skip non existing resourceDirectory D:\Java\Eclipse\DatConverter\converter.dat\src\main\resources
2019-03-30 15:58:30,495 [Worker-66: Building workspace] INFO  o.e.m.c.i.embedder.EclipseLogger - Using 'UTF-8' encoding to copy filtered resources.
2019-03-30 15:58:30,496 [Worker-66: Building workspace] INFO  o.e.m.c.i.embedder.EclipseLogger - skip non existing resourceDirectory D:\Java\Eclipse\DatConverter\converter.dat\src\test\resources
2019-03-30 15:58:55,101 [Worker-64: Building workspace] INFO  o.e.m.c.i.embedder.EclipseLogger - Using 'UTF-8' encoding to copy filtered resources.
2019-03-30 15:58:55,101 [Worker-64: Building workspace] INFO  o.e.m.c.i.embedder.EclipseLogger - skip non existing resourceDirectory D:\Java\Eclipse\DatConverter\converter.dat\src\main\resources
2019-03-30 15:58:55,102 [Worker-64: Building workspace] INFO  o.e.m.c.i.embedder.EclipseLogger - Using 'UTF-8' encoding to copy filtered resources.
2019-03-30 15:58:55,103 [Worker-64: Building workspace] INFO  o.e.m.c.i.embedder.EclipseLogger - skip non existing resourceDirectory D:\Java\Eclipse\DatConverter\converter.dat\src\test\resources
2019-03-30 15:59:17,653 [Worker-65: Building workspace] INFO  o.e.m.c.i.embedder.EclipseLogger - Using 'UTF-8' encoding to copy filtered resources.
2019-03-30 15:59:17,654 [Worker-65: Building workspace] INFO  o.e.m.c.i.embedder.EclipseLogger - skip non existing resourceDirectory D:\Java\Eclipse\DatConverter\converter.dat\src\main\resources
2019-03-30 15:59:17,655 [Worker-65: Building workspace] INFO  o.e.m.c.i.embedder.EclipseLogger - Using 'UTF-8' encoding to copy filtered resources.
2019-03-30 15:59:17,656 [Worker-65: Building workspace] INFO  o.e.m.c.i.embedder.EclipseLogger - skip non existing resourceDirectory D:\Java\Eclipse\DatConverter\converter.dat\src\test\resources
2019-03-30 15:59:25,070 [Worker-57: Building workspace] INFO  o.e.m.c.i.embedder.EclipseLogger - Using 'UTF-8' encoding to copy filtered resources.
2019-03-30 15:59:25,071 [Worker-57: Building workspace] INFO  o.e.m.c.i.embedder.EclipseLogger - skip non existing resourceDirectory D:\Java\Eclipse\DatConverter\converter.dat\src\main\resources
2019-03-30 15:59:25,073 [Worker-57: Building workspace] INFO  o.e.m.c.i.embedder.EclipseLogger - Using 'UTF-8' encoding to copy filtered resources.
2019-03-30 15:59:25,074 [Worker-57: Building workspace] INFO  o.e.m.c.i.embedder.EclipseLogger - skip non existing resourceDirectory D:\Java\Eclipse\DatConverter\converter.dat\src\test\resources
2019-03-30 16:02:03,087 [Worker-66: Building workspace] INFO  o.e.m.c.i.embedder.EclipseLogger - Using 'UTF-8' encoding to copy filtered resources.
2019-03-30 16:02:03,088 [Worker-66: Building workspace] INFO  o.e.m.c.i.embedder.EclipseLogger - skip non existing resourceDirectory D:\Java\Eclipse\DatConverter\converter.dat\src\main\resources
2019-03-30 16:02:03,089 [Worker-66: Building workspace] INFO  o.e.m.c.i.embedder.EclipseLogger - Using 'UTF-8' encoding to copy filtered resources.
2019-03-30 16:02:03,090 [Worker-66: Building workspace] INFO  o.e.m.c.i.embedder.EclipseLogger - skip non existing resourceDirectory D:\Java\Eclipse\DatConverter\converter.dat\src\test\resources
2019-03-30 16:02:17,634 [Worker-70: Building workspace] INFO  o.e.m.c.i.embedder.EclipseLogger - Using 'UTF-8' encoding to copy filtered resources.
2019-03-30 16:02:17,635 [Worker-70: Building workspace] INFO  o.e.m.c.i.embedder.EclipseLogger - skip non existing resourceDirectory D:\Java\Eclipse\DatConverter\converter.dat\src\main\resources
2019-03-30 16:02:17,637 [Worker-70: Building workspace] INFO  o.e.m.c.i.embedder.EclipseLogger - Using 'UTF-8' encoding to copy filtered resources.
2019-03-30 16:02:17,638 [Worker-70: Building workspace] INFO  o.e.m.c.i.embedder.EclipseLogger - skip non existing resourceDirectory D:\Java\Eclipse\DatConverter\converter.dat\src\test\resources
2019-03-30 16:05:00,359 [Worker-65: Building workspace] INFO  o.e.m.c.i.embedder.EclipseLogger - Using 'UTF-8' encoding to copy filtered resources.
2019-03-30 16:05:00,360 [Worker-65: Building workspace] INFO  o.e.m.c.i.embedder.EclipseLogger - skip non existing resourceDirectory D:\Java\Eclipse\DatConverter\converter.dat\src\main\resources
2019-03-30 16:05:00,361 [Worker-65: Building workspace] INFO  o.e.m.c.i.embedder.EclipseLogger - Using 'UTF-8' encoding to copy filtered resources.
2019-03-30 16:05:00,362 [Worker-65: Building workspace] INFO  o.e.m.c.i.embedder.EclipseLogger - skip non existing resourceDirectory D:\Java\Eclipse\DatConverter\converter.dat\src\test\resources
2019-03-30 16:05:49,572 [Worker-64: Building workspace] INFO  o.e.m.c.i.embedder.EclipseLogger - Using 'UTF-8' encoding to copy filtered resources.
2019-03-30 16:05:49,572 [Worker-64: Building workspace] INFO  o.e.m.c.i.embedder.EclipseLogger - skip non existing resourceDirectory D:\Java\Eclipse\DatConverter\converter.dat\src\main\resources
2019-03-30 16:05:49,574 [Worker-64: Building workspace] INFO  o.e.m.c.i.embedder.EclipseLogger - Using 'UTF-8' encoding to copy filtered resources.
2019-03-30 16:05:49,575 [Worker-64: Building workspace] INFO  o.e.m.c.i.embedder.EclipseLogger - skip non existing resourceDirectory D:\Java\Eclipse\DatConverter\converter.dat\src\test\resources
2019-03-30 16:06:09,165 [Worker-69: Building workspace] INFO  o.e.m.c.i.embedder.EclipseLogger - Using 'UTF-8' encoding to copy filtered resources.
2019-03-30 16:06:09,166 [Worker-69: Building workspace] INFO  o.e.m.c.i.embedder.EclipseLogger - skip non existing resourceDirectory D:\Java\Eclipse\DatConverter\converter.dat\src\main\resources
2019-03-30 16:06:09,167 [Worker-69: Building workspace] INFO  o.e.m.c.i.embedder.EclipseLogger - Using 'UTF-8' encoding to copy filtered resources.
2019-03-30 16:06:09,168 [Worker-69: Building workspace] INFO  o.e.m.c.i.embedder.EclipseLogger - skip non existing resourceDirectory D:\Java\Eclipse\DatConverter\converter.dat\src\test\resources
2019-03-30 16:06:48,099 [Worker-67: Building workspace] INFO  o.e.m.c.i.embedder.EclipseLogger - Using 'UTF-8' encoding to copy filtered resources.
2019-03-30 16:06:48,100 [Worker-67: Building workspace] INFO  o.e.m.c.i.embedder.EclipseLogger - skip non existing resourceDirectory D:\Java\Eclipse\DatConverter\converter.dat\src\main\resources
2019-03-30 16:06:48,101 [Worker-67: Building workspace] INFO  o.e.m.c.i.embedder.EclipseLogger - Using 'UTF-8' encoding to copy filtered resources.
2019-03-30 16:06:48,102 [Worker-67: Building workspace] INFO  o.e.m.c.i.embedder.EclipseLogger - skip non existing resourceDirectory D:\Java\Eclipse\DatConverter\converter.dat\src\test\resources
2019-03-30 16:07:11,097 [Worker-69: Building workspace] INFO  o.e.m.c.i.embedder.EclipseLogger - Using 'UTF-8' encoding to copy filtered resources.
2019-03-30 16:07:11,098 [Worker-69: Building workspace] INFO  o.e.m.c.i.embedder.EclipseLogger - skip non existing resourceDirectory D:\Java\Eclipse\DatConverter\converter.dat\src\main\resources
2019-03-30 16:07:11,099 [Worker-69: Building workspace] INFO  o.e.m.c.i.embedder.EclipseLogger - Using 'UTF-8' encoding to copy filtered resources.
2019-03-30 16:07:11,100 [Worker-69: Building workspace] INFO  o.e.m.c.i.embedder.EclipseLogger - skip non existing resourceDirectory D:\Java\Eclipse\DatConverter\converter.dat\src\test\resources
2019-03-30 16:07:56,129 [Worker-64: Building workspace] INFO  o.e.m.c.i.embedder.EclipseLogger - Using 'UTF-8' encoding to copy filtered resources.
2019-03-30 16:07:56,129 [Worker-64: Building workspace] INFO  o.e.m.c.i.embedder.EclipseLogger - skip non existing resourceDirectory D:\Java\Eclipse\DatConverter\converter.dat\src\main\resources
2019-03-30 16:07:56,131 [Worker-64: Building workspace] INFO  o.e.m.c.i.embedder.EclipseLogger - Using 'UTF-8' encoding to copy filtered resources.
2019-03-30 16:07:56,132 [Worker-64: Building workspace] INFO  o.e.m.c.i.embedder.EclipseLogger - skip non existing resourceDirectory D:\Java\Eclipse\DatConverter\converter.dat\src\test\resources
2019-03-30 16:08:25,501 [Worker-72: Building workspace] INFO  o.e.m.c.i.embedder.EclipseLogger - Using 'UTF-8' encoding to copy filtered resources.
2019-03-30 16:08:25,503 [Worker-72: Building workspace] INFO  o.e.m.c.i.embedder.EclipseLogger - skip non existing resourceDirectory D:\Java\Eclipse\DatConverter\converter.dat\src\main\resources
2019-03-30 16:08:25,504 [Worker-72: Building workspace] INFO  o.e.m.c.i.embedder.EclipseLogger - Using 'UTF-8' encoding to copy filtered resources.
2019-03-30 16:08:25,505 [Worker-72: Building workspace] INFO  o.e.m.c.i.embedder.EclipseLogger - skip non existing resourceDirectory D:\Java\Eclipse\DatConverter\converter.dat\src\test\resources
2019-03-30 16:08:59,234 [Worker-67: Building workspace] INFO  o.e.m.c.i.embedder.EclipseLogger - Using 'UTF-8' encoding to copy filtered resources.
2019-03-30 16:08:59,235 [Worker-67: Building workspace] INFO  o.e.m.c.i.embedder.EclipseLogger - skip non existing resourceDirectory D:\Java\Eclipse\DatConverter\converter.dat\src\main\resources
2019-03-30 16:08:59,236 [Worker-67: Building workspace] INFO  o.e.m.c.i.embedder.EclipseLogger - Using 'UTF-8' encoding to copy filtered resources.
2019-03-30 16:08:59,237 [Worker-67: Building workspace] INFO  o.e.m.c.i.embedder.EclipseLogger - skip non existing resourceDirectory D:\Java\Eclipse\DatConverter\converter.dat\src\test\resources
2019-03-30 16:09:05,678 [Worker-64: Building workspace] INFO  o.e.m.c.i.embedder.EclipseLogger - Using 'UTF-8' encoding to copy filtered resources.
2019-03-30 16:09:05,679 [Worker-64: Building workspace] INFO  o.e.m.c.i.embedder.EclipseLogger - skip non existing resourceDirectory D:\Java\Eclipse\DatConverter\converter.dat\src\main\resources
2019-03-30 16:09:05,680 [Worker-64: Building workspace] INFO  o.e.m.c.i.embedder.EclipseLogger - Using 'UTF-8' encoding to copy filtered resources.
2019-03-30 16:09:05,681 [Worker-64: Building workspace] INFO  o.e.m.c.i.embedder.EclipseLogger - skip non existing resourceDirectory D:\Java\Eclipse\DatConverter\converter.dat\src\test\resources
2019-03-30 16:09:10,828 [Worker-67: Building workspace] INFO  o.e.m.c.i.embedder.EclipseLogger - Using 'UTF-8' encoding to copy filtered resources.
2019-03-30 16:09:10,829 [Worker-67: Building workspace] INFO  o.e.m.c.i.embedder.EclipseLogger - skip non existing resourceDirectory D:\Java\Eclipse\DatConverter\converter.dat\src\main\resources
2019-03-30 16:09:10,831 [Worker-67: Building workspace] INFO  o.e.m.c.i.embedder.EclipseLogger - Using 'UTF-8' encoding to copy filtered resources.
2019-03-30 16:09:10,832 [Worker-67: Building workspace] INFO  o.e.m.c.i.embedder.EclipseLogger - skip non existing resourceDirectory D:\Java\Eclipse\DatConverter\converter.dat\src\test\resources
2019-03-30 16:09:49,113 [Worker-67: Building workspace] INFO  o.e.m.c.i.embedder.EclipseLogger - Using 'UTF-8' encoding to copy filtered resources.
2019-03-30 16:09:49,114 [Worker-67: Building workspace] INFO  o.e.m.c.i.embedder.EclipseLogger - skip non existing resourceDirectory D:\Java\Eclipse\DatConverter\converter.dat\src\main\resources
2019-03-30 16:09:49,115 [Worker-67: Building workspace] INFO  o.e.m.c.i.embedder.EclipseLogger - Using 'UTF-8' encoding to copy filtered resources.
2019-03-30 16:09:49,115 [Worker-67: Building workspace] INFO  o.e.m.c.i.embedder.EclipseLogger - skip non existing resourceDirectory D:\Java\Eclipse\DatConverter\converter.dat\src\test\resources
2019-03-30 16:09:52,749 [Worker-66: Building workspace] INFO  o.e.m.c.i.embedder.EclipseLogger - Using 'UTF-8' encoding to copy filtered resources.
2019-03-30 16:09:52,750 [Worker-66: Building workspace] INFO  o.e.m.c.i.embedder.EclipseLogger - skip non existing resourceDirectory D:\Java\Eclipse\DatConverter\converter.dat\src\main\resources
2019-03-30 16:09:52,753 [Worker-66: Building workspace] INFO  o.e.m.c.i.embedder.EclipseLogger - Using 'UTF-8' encoding to copy filtered resources.
2019-03-30 16:09:52,755 [Worker-66: Building workspace] INFO  o.e.m.c.i.embedder.EclipseLogger - skip non existing resourceDirectory D:\Java\Eclipse\DatConverter\converter.dat\src\test\resources
2019-03-30 16:09:54,551 [Worker-66: Building workspace] INFO  o.e.m.c.i.embedder.EclipseLogger - Using 'UTF-8' encoding to copy filtered resources.
2019-03-30 16:09:54,553 [Worker-66: Building workspace] INFO  o.e.m.c.i.embedder.EclipseLogger - skip non existing resourceDirectory D:\Java\Eclipse\DatConverter\converter.dat\src\main\resources
2019-03-30 16:09:54,554 [Worker-66: Building workspace] INFO  o.e.m.c.i.embedder.EclipseLogger - Using 'UTF-8' encoding to copy filtered resources.
2019-03-30 16:09:54,555 [Worker-66: Building workspace] INFO  o.e.m.c.i.embedder.EclipseLogger - skip non existing resourceDirectory D:\Java\Eclipse\DatConverter\converter.dat\src\test\resources
2019-03-30 16:10:12,344 [Worker-66: Building workspace] INFO  o.e.m.c.i.embedder.EclipseLogger - Using 'UTF-8' encoding to copy filtered resources.
2019-03-30 16:10:12,345 [Worker-66: Building workspace] INFO  o.e.m.c.i.embedder.EclipseLogger - skip non existing resourceDirectory D:\Java\Eclipse\DatConverter\converter.dat\src\main\resources
2019-03-30 16:10:12,346 [Worker-66: Building workspace] INFO  o.e.m.c.i.embedder.EclipseLogger - Using 'UTF-8' encoding to copy filtered resources.
2019-03-30 16:10:12,347 [Worker-66: Building workspace] INFO  o.e.m.c.i.embedder.EclipseLogger - skip non existing resourceDirectory D:\Java\Eclipse\DatConverter\converter.dat\src\test\resources
2019-03-30 16:10:41,508 [Worker-71: Launching App] INFO  o.e.m.c.i.embedder.EclipseLogger - Using 'UTF-8' encoding to copy filtered resources.
2019-03-30 16:10:41,509 [Worker-71: Launching App] INFO  o.e.m.c.i.embedder.EclipseLogger - skip non existing resourceDirectory D:\Java\Eclipse\DatConverter\converter.dat\src\main\resources
2019-03-30 16:10:41,511 [Worker-71: Launching App] INFO  o.e.m.c.i.embedder.EclipseLogger - Using 'UTF-8' encoding to copy filtered resources.
2019-03-30 16:10:41,512 [Worker-71: Launching App] INFO  o.e.m.c.i.embedder.EclipseLogger - skip non existing resourceDirectory D:\Java\Eclipse\DatConverter\converter.dat\src\test\resources
2019-03-30 16:12:03,153 [Worker-69: Launching App] INFO  o.e.m.c.i.embedder.EclipseLogger - Using 'UTF-8' encoding to copy filtered resources.
2019-03-30 16:12:03,153 [Worker-69: Launching App] INFO  o.e.m.c.i.embedder.EclipseLogger - skip non existing resourceDirectory D:\Java\Eclipse\DatConverter\converter.dat\src\main\resources
2019-03-30 16:12:03,155 [Worker-69: Launching App] INFO  o.e.m.c.i.embedder.EclipseLogger - Using 'UTF-8' encoding to copy filtered resources.
2019-03-30 16:12:03,155 [Worker-69: Launching App] INFO  o.e.m.c.i.embedder.EclipseLogger - skip non existing resourceDirectory D:\Java\Eclipse\DatConverter\converter.dat\src\test\resources
2019-03-30 16:12:14,013 [Worker-67: Building workspace] INFO  o.e.m.c.i.embedder.EclipseLogger - Using 'UTF-8' encoding to copy filtered resources.
2019-03-30 16:12:14,014 [Worker-67: Building workspace] INFO  o.e.m.c.i.embedder.EclipseLogger - skip non existing resourceDirectory D:\Java\Eclipse\DatConverter\converter.dat\src\main\resources
2019-03-30 16:12:14,015 [Worker-67: Building workspace] INFO  o.e.m.c.i.embedder.EclipseLogger - Using 'UTF-8' encoding to copy filtered resources.
2019-03-30 16:12:14,016 [Worker-67: Building workspace] INFO  o.e.m.c.i.embedder.EclipseLogger - skip non existing resourceDirectory D:\Java\Eclipse\DatConverter\converter.dat\src\test\resources
2019-03-30 16:12:22,479 [Worker-66: Building workspace] INFO  o.e.m.c.i.embedder.EclipseLogger - Using 'UTF-8' encoding to copy filtered resources.
2019-03-30 16:12:22,480 [Worker-66: Building workspace] INFO  o.e.m.c.i.embedder.EclipseLogger - skip non existing resourceDirectory D:\Java\Eclipse\DatConverter\converter.dat\src\main\resources
2019-03-30 16:12:22,481 [Worker-66: Building workspace] INFO  o.e.m.c.i.embedder.EclipseLogger - Using 'UTF-8' encoding to copy filtered resources.
2019-03-30 16:12:22,482 [Worker-66: Building workspace] INFO  o.e.m.c.i.embedder.EclipseLogger - skip non existing resourceDirectory D:\Java\Eclipse\DatConverter\converter.dat\src\test\resources
2019-03-30 16:12:29,766 [Worker-66: Building workspace] INFO  o.e.m.c.i.embedder.EclipseLogger - Using 'UTF-8' encoding to copy filtered resources.
2019-03-30 16:12:29,767 [Worker-66: Building workspace] INFO  o.e.m.c.i.embedder.EclipseLogger - skip non existing resourceDirectory D:\Java\Eclipse\DatConverter\converter.dat\src\main\resources
2019-03-30 16:12:29,767 [Worker-66: Building workspace] INFO  o.e.m.c.i.embedder.EclipseLogger - Using 'UTF-8' encoding to copy filtered resources.
2019-03-30 16:12:29,768 [Worker-66: Building workspace] INFO  o.e.m.c.i.embedder.EclipseLogger - skip non existing resourceDirectory D:\Java\Eclipse\DatConverter\converter.dat\src\test\resources
2019-03-30 16:12:35,861 [Worker-64: Building workspace] INFO  o.e.m.c.i.embedder.EclipseLogger - Using 'UTF-8' encoding to copy filtered resources.
2019-03-30 16:12:35,861 [Worker-64: Building workspace] INFO  o.e.m.c.i.embedder.EclipseLogger - skip non existing resourceDirectory D:\Java\Eclipse\DatConverter\converter.dat\src\main\resources
2019-03-30 16:12:35,862 [Worker-64: Building workspace] INFO  o.e.m.c.i.embedder.EclipseLogger - Using 'UTF-8' encoding to copy filtered resources.
2019-03-30 16:12:35,863 [Worker-64: Building workspace] INFO  o.e.m.c.i.embedder.EclipseLogger - skip non existing resourceDirectory D:\Java\Eclipse\DatConverter\converter.dat\src\test\resources
2019-03-30 16:12:43,534 [Worker-64: Building workspace] INFO  o.e.m.c.i.embedder.EclipseLogger - Using 'UTF-8' encoding to copy filtered resources.
2019-03-30 16:12:43,534 [Worker-64: Building workspace] INFO  o.e.m.c.i.embedder.EclipseLogger - skip non existing resourceDirectory D:\Java\Eclipse\DatConverter\converter.dat\src\main\resources
2019-03-30 16:12:43,536 [Worker-64: Building workspace] INFO  o.e.m.c.i.embedder.EclipseLogger - Using 'UTF-8' encoding to copy filtered resources.
2019-03-30 16:12:43,536 [Worker-64: Building workspace] INFO  o.e.m.c.i.embedder.EclipseLogger - skip non existing resourceDirectory D:\Java\Eclipse\DatConverter\converter.dat\src\test\resources
2019-03-30 16:12:46,605 [Worker-70: Building workspace] INFO  o.e.m.c.i.embedder.EclipseLogger - Using 'UTF-8' encoding to copy filtered resources.
2019-03-30 16:12:46,606 [Worker-70: Building workspace] INFO  o.e.m.c.i.embedder.EclipseLogger - skip non existing resourceDirectory D:\Java\Eclipse\DatConverter\converter.dat\src\main\resources
2019-03-30 16:12:46,608 [Worker-70: Building workspace] INFO  o.e.m.c.i.embedder.EclipseLogger - Using 'UTF-8' encoding to copy filtered resources.
2019-03-30 16:12:46,609 [Worker-70: Building workspace] INFO  o.e.m.c.i.embedder.EclipseLogger - skip non existing resourceDirectory D:\Java\Eclipse\DatConverter\converter.dat\src\test\resources
2019-03-30 16:12:54,690 [Worker-70: Building workspace] INFO  o.e.m.c.i.embedder.EclipseLogger - Using 'UTF-8' encoding to copy filtered resources.
2019-03-30 16:12:54,691 [Worker-70: Building workspace] INFO  o.e.m.c.i.embedder.EclipseLogger - skip non existing resourceDirectory D:\Java\Eclipse\DatConverter\converter.dat\src\main\resources
2019-03-30 16:12:54,692 [Worker-70: Building workspace] INFO  o.e.m.c.i.embedder.EclipseLogger - Using 'UTF-8' encoding to copy filtered resources.
2019-03-30 16:12:54,692 [Worker-70: Building workspace] INFO  o.e.m.c.i.embedder.EclipseLogger - skip non existing resourceDirectory D:\Java\Eclipse\DatConverter\converter.dat\src\test\resources
2019-03-30 16:12:59,968 [Worker-65: Building workspace] INFO  o.e.m.c.i.embedder.EclipseLogger - Using 'UTF-8' encoding to copy filtered resources.
2019-03-30 16:12:59,968 [Worker-65: Building workspace] INFO  o.e.m.c.i.embedder.EclipseLogger - skip non existing resourceDirectory D:\Java\Eclipse\DatConverter\converter.dat\src\main\resources
2019-03-30 16:12:59,969 [Worker-65: Building workspace] INFO  o.e.m.c.i.embedder.EclipseLogger - Using 'UTF-8' encoding to copy filtered resources.
2019-03-30 16:12:59,970 [Worker-65: Building workspace] INFO  o.e.m.c.i.embedder.EclipseLogger - skip non existing resourceDirectory D:\Java\Eclipse\DatConverter\converter.dat\src\test\resources
2019-03-30 16:13:07,416 [Worker-71: Building workspace] INFO  o.e.m.c.i.embedder.EclipseLogger - Using 'UTF-8' encoding to copy filtered resources.
2019-03-30 16:13:07,417 [Worker-71: Building workspace] INFO  o.e.m.c.i.embedder.EclipseLogger - skip non existing resourceDirectory D:\Java\Eclipse\DatConverter\converter.dat\src\main\resources
2019-03-30 16:13:07,418 [Worker-71: Building workspace] INFO  o.e.m.c.i.embedder.EclipseLogger - Using 'UTF-8' encoding to copy filtered resources.
2019-03-30 16:13:07,419 [Worker-71: Building workspace] INFO  o.e.m.c.i.embedder.EclipseLogger - skip non existing resourceDirectory D:\Java\Eclipse\DatConverter\converter.dat\src\test\resources
2019-03-30 16:13:41,782 [Worker-71: Launching App] INFO  o.e.m.c.i.embedder.EclipseLogger - Using 'UTF-8' encoding to copy filtered resources.
2019-03-30 16:13:41,782 [Worker-71: Launching App] INFO  o.e.m.c.i.embedder.EclipseLogger - skip non existing resourceDirectory D:\Java\Eclipse\DatConverter\converter.dat\src\main\resources
2019-03-30 16:13:41,783 [Worker-71: Launching App] INFO  o.e.m.c.i.embedder.EclipseLogger - Using 'UTF-8' encoding to copy filtered resources.
2019-03-30 16:13:41,784 [Worker-71: Launching App] INFO  o.e.m.c.i.embedder.EclipseLogger - skip non existing resourceDirectory D:\Java\Eclipse\DatConverter\converter.dat\src\test\resources
2019-03-30 16:14:06,313 [Worker-65: Launching App] INFO  o.e.m.c.i.embedder.EclipseLogger - Using 'UTF-8' encoding to copy filtered resources.
2019-03-30 16:14:06,314 [Worker-65: Launching App] INFO  o.e.m.c.i.embedder.EclipseLogger - skip non existing resourceDirectory D:\Java\Eclipse\DatConverter\converter.dat\src\main\resources
2019-03-30 16:14:06,316 [Worker-65: Launching App] INFO  o.e.m.c.i.embedder.EclipseLogger - Using 'UTF-8' encoding to copy filtered resources.
2019-03-30 16:14:06,316 [Worker-65: Launching App] INFO  o.e.m.c.i.embedder.EclipseLogger - skip non existing resourceDirectory D:\Java\Eclipse\DatConverter\converter.dat\src\test\resources
2019-03-30 16:14:27,718 [Worker-65: Building workspace] INFO  o.e.m.c.i.embedder.EclipseLogger - Using 'UTF-8' encoding to copy filtered resources.
2019-03-30 16:14:27,719 [Worker-65: Building workspace] INFO  o.e.m.c.i.embedder.EclipseLogger - skip non existing resourceDirectory D:\Java\Eclipse\DatConverter\converter.dat\src\main\resources
2019-03-30 16:14:27,720 [Worker-65: Building workspace] INFO  o.e.m.c.i.embedder.EclipseLogger - Using 'UTF-8' encoding to copy filtered resources.
2019-03-30 16:14:27,720 [Worker-65: Building workspace] INFO  o.e.m.c.i.embedder.EclipseLogger - skip non existing resourceDirectory D:\Java\Eclipse\DatConverter\converter.dat\src\test\resources
2019-03-30 16:14:53,167 [Worker-70: Building workspace] INFO  o.e.m.c.i.embedder.EclipseLogger - Using 'UTF-8' encoding to copy filtered resources.
2019-03-30 16:14:53,167 [Worker-70: Building workspace] INFO  o.e.m.c.i.embedder.EclipseLogger - skip non existing resourceDirectory D:\Java\Eclipse\DatConverter\converter.dat\src\main\resources
2019-03-30 16:14:53,169 [Worker-70: Building workspace] INFO  o.e.m.c.i.embedder.EclipseLogger - Using 'UTF-8' encoding to copy filtered resources.
2019-03-30 16:14:53,169 [Worker-70: Building workspace] INFO  o.e.m.c.i.embedder.EclipseLogger - skip non existing resourceDirectory D:\Java\Eclipse\DatConverter\converter.dat\src\test\resources
2019-03-30 16:15:12,559 [Worker-65: Building workspace] INFO  o.e.m.c.i.embedder.EclipseLogger - Using 'UTF-8' encoding to copy filtered resources.
2019-03-30 16:15:12,560 [Worker-65: Building workspace] INFO  o.e.m.c.i.embedder.EclipseLogger - skip non existing resourceDirectory D:\Java\Eclipse\DatConverter\converter.dat\src\main\resources
2019-03-30 16:15:12,561 [Worker-65: Building workspace] INFO  o.e.m.c.i.embedder.EclipseLogger - Using 'UTF-8' encoding to copy filtered resources.
2019-03-30 16:15:12,562 [Worker-65: Building workspace] INFO  o.e.m.c.i.embedder.EclipseLogger - skip non existing resourceDirectory D:\Java\Eclipse\DatConverter\converter.dat\src\test\resources
2019-03-30 16:15:18,226 [Worker-72: Building workspace] INFO  o.e.m.c.i.embedder.EclipseLogger - Using 'UTF-8' encoding to copy filtered resources.
2019-03-30 16:15:18,227 [Worker-72: Building workspace] INFO  o.e.m.c.i.embedder.EclipseLogger - skip non existing resourceDirectory D:\Java\Eclipse\DatConverter\converter.dat\src\main\resources
2019-03-30 16:15:18,229 [Worker-72: Building workspace] INFO  o.e.m.c.i.embedder.EclipseLogger - Using 'UTF-8' encoding to copy filtered resources.
2019-03-30 16:15:18,229 [Worker-72: Building workspace] INFO  o.e.m.c.i.embedder.EclipseLogger - skip non existing resourceDirectory D:\Java\Eclipse\DatConverter\converter.dat\src\test\resources
2019-03-30 16:15:54,417 [Worker-69: Building workspace] INFO  o.e.m.c.i.embedder.EclipseLogger - Using 'UTF-8' encoding to copy filtered resources.
2019-03-30 16:15:54,418 [Worker-69: Building workspace] INFO  o.e.m.c.i.embedder.EclipseLogger - skip non existing resourceDirectory D:\Java\Eclipse\DatConverter\converter.dat\src\main\resources
2019-03-30 16:15:54,419 [Worker-69: Building workspace] INFO  o.e.m.c.i.embedder.EclipseLogger - Using 'UTF-8' encoding to copy filtered resources.
2019-03-30 16:15:54,419 [Worker-69: Building workspace] INFO  o.e.m.c.i.embedder.EclipseLogger - skip non existing resourceDirectory D:\Java\Eclipse\DatConverter\converter.dat\src\test\resources
2019-03-30 16:16:08,155 [Worker-64: Building workspace] INFO  o.e.m.c.i.embedder.EclipseLogger - Using 'UTF-8' encoding to copy filtered resources.
2019-03-30 16:16:08,156 [Worker-64: Building workspace] INFO  o.e.m.c.i.embedder.EclipseLogger - skip non existing resourceDirectory D:\Java\Eclipse\DatConverter\converter.dat\src\main\resources
2019-03-30 16:16:08,157 [Worker-64: Building workspace] INFO  o.e.m.c.i.embedder.EclipseLogger - Using 'UTF-8' encoding to copy filtered resources.
2019-03-30 16:16:08,158 [Worker-64: Building workspace] INFO  o.e.m.c.i.embedder.EclipseLogger - skip non existing resourceDirectory D:\Java\Eclipse\DatConverter\converter.dat\src\test\resources
2019-03-30 16:16:28,004 [Worker-70: Building workspace] INFO  o.e.m.c.i.embedder.EclipseLogger - Using 'UTF-8' encoding to copy filtered resources.
2019-03-30 16:16:28,005 [Worker-70: Building workspace] INFO  o.e.m.c.i.embedder.EclipseLogger - skip non existing resourceDirectory D:\Java\Eclipse\DatConverter\converter.dat\src\main\resources
2019-03-30 16:16:28,006 [Worker-70: Building workspace] INFO  o.e.m.c.i.embedder.EclipseLogger - Using 'UTF-8' encoding to copy filtered resources.
2019-03-30 16:16:28,006 [Worker-70: Building workspace] INFO  o.e.m.c.i.embedder.EclipseLogger - skip non existing resourceDirectory D:\Java\Eclipse\DatConverter\converter.dat\src\test\resources
2019-03-30 16:16:32,350 [Worker-65: Building workspace] INFO  o.e.m.c.i.embedder.EclipseLogger - Using 'UTF-8' encoding to copy filtered resources.
2019-03-30 16:16:32,351 [Worker-65: Building workspace] INFO  o.e.m.c.i.embedder.EclipseLogger - skip non existing resourceDirectory D:\Java\Eclipse\DatConverter\converter.dat\src\main\resources
2019-03-30 16:16:32,352 [Worker-65: Building workspace] INFO  o.e.m.c.i.embedder.EclipseLogger - Using 'UTF-8' encoding to copy filtered resources.
2019-03-30 16:16:32,352 [Worker-65: Building workspace] INFO  o.e.m.c.i.embedder.EclipseLogger - skip non existing resourceDirectory D:\Java\Eclipse\DatConverter\converter.dat\src\test\resources
2019-03-30 16:16:44,040 [Worker-66: Building workspace] INFO  o.e.m.c.i.embedder.EclipseLogger - Using 'UTF-8' encoding to copy filtered resources.
2019-03-30 16:16:44,040 [Worker-66: Building workspace] INFO  o.e.m.c.i.embedder.EclipseLogger - skip non existing resourceDirectory D:\Java\Eclipse\DatConverter\converter.dat\src\main\resources
2019-03-30 16:16:44,041 [Worker-66: Building workspace] INFO  o.e.m.c.i.embedder.EclipseLogger - Using 'UTF-8' encoding to copy filtered resources.
2019-03-30 16:16:44,042 [Worker-66: Building workspace] INFO  o.e.m.c.i.embedder.EclipseLogger - skip non existing resourceDirectory D:\Java\Eclipse\DatConverter\converter.dat\src\test\resources
2019-03-30 16:16:51,922 [Worker-70: Building workspace] INFO  o.e.m.c.i.embedder.EclipseLogger - Using 'UTF-8' encoding to copy filtered resources.
2019-03-30 16:16:51,923 [Worker-70: Building workspace] INFO  o.e.m.c.i.embedder.EclipseLogger - skip non existing resourceDirectory D:\Java\Eclipse\DatConverter\converter.dat\src\main\resources
2019-03-30 16:16:51,924 [Worker-70: Building workspace] INFO  o.e.m.c.i.embedder.EclipseLogger - Using 'UTF-8' encoding to copy filtered resources.
2019-03-30 16:16:51,924 [Worker-70: Building workspace] INFO  o.e.m.c.i.embedder.EclipseLogger - skip non existing resourceDirectory D:\Java\Eclipse\DatConverter\converter.dat\src\test\resources
2019-03-30 16:16:57,841 [Worker-66: Building workspace] INFO  o.e.m.c.i.embedder.EclipseLogger - Using 'UTF-8' encoding to copy filtered resources.
2019-03-30 16:16:57,842 [Worker-66: Building workspace] INFO  o.e.m.c.i.embedder.EclipseLogger - skip non existing resourceDirectory D:\Java\Eclipse\DatConverter\converter.dat\src\main\resources
2019-03-30 16:16:57,843 [Worker-66: Building workspace] INFO  o.e.m.c.i.embedder.EclipseLogger - Using 'UTF-8' encoding to copy filtered resources.
2019-03-30 16:16:57,843 [Worker-66: Building workspace] INFO  o.e.m.c.i.embedder.EclipseLogger - skip non existing resourceDirectory D:\Java\Eclipse\DatConverter\converter.dat\src\test\resources
2019-03-30 16:17:19,223 [Worker-71: Building workspace] INFO  o.e.m.c.i.embedder.EclipseLogger - Using 'UTF-8' encoding to copy filtered resources.
2019-03-30 16:17:19,223 [Worker-71: Building workspace] INFO  o.e.m.c.i.embedder.EclipseLogger - skip non existing resourceDirectory D:\Java\Eclipse\DatConverter\converter.dat\src\main\resources
2019-03-30 16:17:19,225 [Worker-71: Building workspace] INFO  o.e.m.c.i.embedder.EclipseLogger - Using 'UTF-8' encoding to copy filtered resources.
2019-03-30 16:17:19,225 [Worker-71: Building workspace] INFO  o.e.m.c.i.embedder.EclipseLogger - skip non existing resourceDirectory D:\Java\Eclipse\DatConverter\converter.dat\src\test\resources
2019-03-30 16:17:28,641 [Worker-67: Launching App] INFO  o.e.m.c.i.embedder.EclipseLogger - Using 'UTF-8' encoding to copy filtered resources.
2019-03-30 16:17:28,641 [Worker-67: Launching App] INFO  o.e.m.c.i.embedder.EclipseLogger - skip non existing resourceDirectory D:\Java\Eclipse\DatConverter\converter.dat\src\main\resources
2019-03-30 16:17:28,643 [Worker-67: Launching App] INFO  o.e.m.c.i.embedder.EclipseLogger - Using 'UTF-8' encoding to copy filtered resources.
2019-03-30 16:17:28,644 [Worker-67: Launching App] INFO  o.e.m.c.i.embedder.EclipseLogger - skip non existing resourceDirectory D:\Java\Eclipse\DatConverter\converter.dat\src\test\resources
2019-03-30 16:17:45,059 [Worker-71: Building workspace] INFO  o.e.m.c.i.embedder.EclipseLogger - Using 'UTF-8' encoding to copy filtered resources.
2019-03-30 16:17:45,061 [Worker-71: Building workspace] INFO  o.e.m.c.i.embedder.EclipseLogger - skip non existing resourceDirectory D:\Java\Eclipse\DatConverter\converter.dat\src\main\resources
2019-03-30 16:17:45,063 [Worker-71: Building workspace] INFO  o.e.m.c.i.embedder.EclipseLogger - Using 'UTF-8' encoding to copy filtered resources.
2019-03-30 16:17:45,064 [Worker-71: Building workspace] INFO  o.e.m.c.i.embedder.EclipseLogger - skip non existing resourceDirectory D:\Java\Eclipse\DatConverter\converter.dat\src\test\resources
2019-03-30 16:18:32,439 [Worker-70: Launching App] INFO  o.e.m.c.i.embedder.EclipseLogger - Using 'UTF-8' encoding to copy filtered resources.
2019-03-30 16:18:32,439 [Worker-70: Launching App] INFO  o.e.m.c.i.embedder.EclipseLogger - skip non existing resourceDirectory D:\Java\Eclipse\DatConverter\converter.dat\src\main\resources
2019-03-30 16:18:32,440 [Worker-70: Launching App] INFO  o.e.m.c.i.embedder.EclipseLogger - Using 'UTF-8' encoding to copy filtered resources.
2019-03-30 16:18:32,441 [Worker-70: Launching App] INFO  o.e.m.c.i.embedder.EclipseLogger - skip non existing resourceDirectory D:\Java\Eclipse\DatConverter\converter.dat\src\test\resources
2019-03-30 16:18:55,789 [Worker-67: Building workspace] INFO  o.e.m.c.i.embedder.EclipseLogger - Using 'UTF-8' encoding to copy filtered resources.
2019-03-30 16:18:55,790 [Worker-67: Building workspace] INFO  o.e.m.c.i.embedder.EclipseLogger - skip non existing resourceDirectory D:\Java\Eclipse\DatConverter\converter.dat\src\main\resources
2019-03-30 16:18:55,791 [Worker-67: Building workspace] INFO  o.e.m.c.i.embedder.EclipseLogger - Using 'UTF-8' encoding to copy filtered resources.
2019-03-30 16:18:55,791 [Worker-67: Building workspace] INFO  o.e.m.c.i.embedder.EclipseLogger - skip non existing resourceDirectory D:\Java\Eclipse\DatConverter\converter.dat\src\test\resources
2019-03-30 16:19:23,134 [Worker-65: Building workspace] INFO  o.e.m.c.i.embedder.EclipseLogger - Using 'UTF-8' encoding to copy filtered resources.
2019-03-30 16:19:23,135 [Worker-65: Building workspace] INFO  o.e.m.c.i.embedder.EclipseLogger - skip non existing resourceDirectory D:\Java\Eclipse\DatConverter\converter.dat\src\main\resources
2019-03-30 16:19:23,136 [Worker-65: Building workspace] INFO  o.e.m.c.i.embedder.EclipseLogger - Using 'UTF-8' encoding to copy filtered resources.
2019-03-30 16:19:23,136 [Worker-65: Building workspace] INFO  o.e.m.c.i.embedder.EclipseLogger - skip non existing resourceDirectory D:\Java\Eclipse\DatConverter\converter.dat\src\test\resources
2019-03-30 16:19:28,483 [Worker-65: Building workspace] INFO  o.e.m.c.i.embedder.EclipseLogger - Using 'UTF-8' encoding to copy filtered resources.
2019-03-30 16:19:28,484 [Worker-65: Building workspace] INFO  o.e.m.c.i.embedder.EclipseLogger - skip non existing resourceDirectory D:\Java\Eclipse\DatConverter\converter.dat\src\main\resources
2019-03-30 16:19:28,485 [Worker-65: Building workspace] INFO  o.e.m.c.i.embedder.EclipseLogger - Using 'UTF-8' encoding to copy filtered resources.
2019-03-30 16:19:28,486 [Worker-65: Building workspace] INFO  o.e.m.c.i.embedder.EclipseLogger - skip non existing resourceDirectory D:\Java\Eclipse\DatConverter\converter.dat\src\test\resources
2019-03-30 16:21:00,770 [Worker-72: Building workspace] INFO  o.e.m.c.i.embedder.EclipseLogger - Using 'UTF-8' encoding to copy filtered resources.
2019-03-30 16:21:00,771 [Worker-72: Building workspace] INFO  o.e.m.c.i.embedder.EclipseLogger - skip non existing resourceDirectory D:\Java\Eclipse\DatConverter\converter.dat\src\main\resources
2019-03-30 16:21:00,772 [Worker-72: Building workspace] INFO  o.e.m.c.i.embedder.EclipseLogger - Using 'UTF-8' encoding to copy filtered resources.
2019-03-30 16:21:00,772 [Worker-72: Building workspace] INFO  o.e.m.c.i.embedder.EclipseLogger - skip non existing resourceDirectory D:\Java\Eclipse\DatConverter\converter.dat\src\test\resources
2019-03-30 16:21:24,863 [Worker-71: Building workspace] INFO  o.e.m.c.i.embedder.EclipseLogger - Using 'UTF-8' encoding to copy filtered resources.
2019-03-30 16:21:24,863 [Worker-71: Building workspace] INFO  o.e.m.c.i.embedder.EclipseLogger - skip non existing resourceDirectory D:\Java\Eclipse\DatConverter\converter.dat\src\main\resources
2019-03-30 16:21:24,865 [Worker-71: Building workspace] INFO  o.e.m.c.i.embedder.EclipseLogger - Using 'UTF-8' encoding to copy filtered resources.
2019-03-30 16:21:24,865 [Worker-71: Building workspace] INFO  o.e.m.c.i.embedder.EclipseLogger - skip non existing resourceDirectory D:\Java\Eclipse\DatConverter\converter.dat\src\test\resources
2019-03-30 16:23:30,080 [Worker-66: Building workspace] INFO  o.e.m.c.i.embedder.EclipseLogger - Using 'UTF-8' encoding to copy filtered resources.
2019-03-30 16:23:30,081 [Worker-66: Building workspace] INFO  o.e.m.c.i.embedder.EclipseLogger - skip non existing resourceDirectory D:\Java\Eclipse\DatConverter\converter.dat\src\main\resources
2019-03-30 16:23:30,082 [Worker-66: Building workspace] INFO  o.e.m.c.i.embedder.EclipseLogger - Using 'UTF-8' encoding to copy filtered resources.
2019-03-30 16:23:30,082 [Worker-66: Building workspace] INFO  o.e.m.c.i.embedder.EclipseLogger - skip non existing resourceDirectory D:\Java\Eclipse\DatConverter\converter.dat\src\test\resources
2019-03-30 16:24:01,239 [Worker-72: Building workspace] INFO  o.e.m.c.i.embedder.EclipseLogger - Using 'UTF-8' encoding to copy filtered resources.
2019-03-30 16:24:01,240 [Worker-72: Building workspace] INFO  o.e.m.c.i.embedder.EclipseLogger - skip non existing resourceDirectory D:\Java\Eclipse\DatConverter\converter.dat\src\main\resources
2019-03-30 16:24:01,241 [Worker-72: Building workspace] INFO  o.e.m.c.i.embedder.EclipseLogger - Using 'UTF-8' encoding to copy filtered resources.
2019-03-30 16:24:01,241 [Worker-72: Building workspace] INFO  o.e.m.c.i.embedder.EclipseLogger - skip non existing resourceDirectory D:\Java\Eclipse\DatConverter\converter.dat\src\test\resources
2019-03-30 16:24:33,730 [Worker-72: Building workspace] INFO  o.e.m.c.i.embedder.EclipseLogger - Using 'UTF-8' encoding to copy filtered resources.
2019-03-30 16:24:33,730 [Worker-72: Building workspace] INFO  o.e.m.c.i.embedder.EclipseLogger - skip non existing resourceDirectory D:\Java\Eclipse\DatConverter\converter.dat\src\main\resources
2019-03-30 16:24:33,732 [Worker-72: Building workspace] INFO  o.e.m.c.i.embedder.EclipseLogger - Using 'UTF-8' encoding to copy filtered resources.
2019-03-30 16:24:33,732 [Worker-72: Building workspace] INFO  o.e.m.c.i.embedder.EclipseLogger - skip non existing resourceDirectory D:\Java\Eclipse\DatConverter\converter.dat\src\test\resources
2019-03-30 16:26:08,019 [Worker-67: Building workspace] INFO  o.e.m.c.i.embedder.EclipseLogger - Using 'UTF-8' encoding to copy filtered resources.
2019-03-30 16:26:08,019 [Worker-67: Building workspace] INFO  o.e.m.c.i.embedder.EclipseLogger - skip non existing resourceDirectory D:\Java\Eclipse\DatConverter\converter.dat\src\main\resources
2019-03-30 16:26:08,021 [Worker-67: Building workspace] INFO  o.e.m.c.i.embedder.EclipseLogger - Using 'UTF-8' encoding to copy filtered resources.
2019-03-30 16:26:08,021 [Worker-67: Building workspace] INFO  o.e.m.c.i.embedder.EclipseLogger - skip non existing resourceDirectory D:\Java\Eclipse\DatConverter\converter.dat\src\test\resources
2019-03-30 16:26:19,767 [Worker-71: Building workspace] INFO  o.e.m.c.i.embedder.EclipseLogger - Using 'UTF-8' encoding to copy filtered resources.
2019-03-30 16:26:19,768 [Worker-71: Building workspace] INFO  o.e.m.c.i.embedder.EclipseLogger - skip non existing resourceDirectory D:\Java\Eclipse\DatConverter\converter.dat\src\main\resources
2019-03-30 16:26:19,769 [Worker-71: Building workspace] INFO  o.e.m.c.i.embedder.EclipseLogger - Using 'UTF-8' encoding to copy filtered resources.
2019-03-30 16:26:19,769 [Worker-71: Building workspace] INFO  o.e.m.c.i.embedder.EclipseLogger - skip non existing resourceDirectory D:\Java\Eclipse\DatConverter\converter.dat\src\test\resources
2019-03-30 16:26:53,913 [Worker-71: Building workspace] INFO  o.e.m.c.i.embedder.EclipseLogger - Using 'UTF-8' encoding to copy filtered resources.
2019-03-30 16:26:53,913 [Worker-71: Building workspace] INFO  o.e.m.c.i.embedder.EclipseLogger - skip non existing resourceDirectory D:\Java\Eclipse\DatConverter\converter.dat\src\main\resources
2019-03-30 16:26:53,915 [Worker-71: Building workspace] INFO  o.e.m.c.i.embedder.EclipseLogger - Using 'UTF-8' encoding to copy filtered resources.
2019-03-30 16:26:53,915 [Worker-71: Building workspace] INFO  o.e.m.c.i.embedder.EclipseLogger - skip non existing resourceDirectory D:\Java\Eclipse\DatConverter\converter.dat\src\test\resources
2019-03-30 16:27:29,148 [Worker-73: Building workspace] INFO  o.e.m.c.i.embedder.EclipseLogger - Using 'UTF-8' encoding to copy filtered resources.
2019-03-30 16:27:29,149 [Worker-73: Building workspace] INFO  o.e.m.c.i.embedder.EclipseLogger - skip non existing resourceDirectory D:\Java\Eclipse\DatConverter\converter.dat\src\main\resources
2019-03-30 16:27:29,150 [Worker-73: Building workspace] INFO  o.e.m.c.i.embedder.EclipseLogger - Using 'UTF-8' encoding to copy filtered resources.
2019-03-30 16:27:29,151 [Worker-73: Building workspace] INFO  o.e.m.c.i.embedder.EclipseLogger - skip non existing resourceDirectory D:\Java\Eclipse\DatConverter\converter.dat\src\test\resources
2019-03-30 16:27:33,754 [Worker-66: Building workspace] INFO  o.e.m.c.i.embedder.EclipseLogger - Using 'UTF-8' encoding to copy filtered resources.
2019-03-30 16:27:33,755 [Worker-66: Building workspace] INFO  o.e.m.c.i.embedder.EclipseLogger - skip non existing resourceDirectory D:\Java\Eclipse\DatConverter\converter.dat\src\main\resources
2019-03-30 16:27:33,756 [Worker-66: Building workspace] INFO  o.e.m.c.i.embedder.EclipseLogger - Using 'UTF-8' encoding to copy filtered resources.
2019-03-30 16:27:33,756 [Worker-66: Building workspace] INFO  o.e.m.c.i.embedder.EclipseLogger - skip non existing resourceDirectory D:\Java\Eclipse\DatConverter\converter.dat\src\test\resources
2019-03-30 16:28:41,977 [Worker-76: Building workspace] INFO  o.e.m.c.i.embedder.EclipseLogger - Using 'UTF-8' encoding to copy filtered resources.
2019-03-30 16:28:41,977 [Worker-76: Building workspace] INFO  o.e.m.c.i.embedder.EclipseLogger - skip non existing resourceDirectory D:\Java\Eclipse\DatConverter\converter.dat\src\main\resources
2019-03-30 16:28:41,979 [Worker-76: Building workspace] INFO  o.e.m.c.i.embedder.EclipseLogger - Using 'UTF-8' encoding to copy filtered resources.
2019-03-30 16:28:41,980 [Worker-76: Building workspace] INFO  o.e.m.c.i.embedder.EclipseLogger - skip non existing resourceDirectory D:\Java\Eclipse\DatConverter\converter.dat\src\test\resources
2019-03-30 16:30:06,317 [Worker-67: Building workspace] INFO  o.e.m.c.i.embedder.EclipseLogger - Using 'UTF-8' encoding to copy filtered resources.
2019-03-30 16:30:06,318 [Worker-67: Building workspace] INFO  o.e.m.c.i.embedder.EclipseLogger - skip non existing resourceDirectory D:\Java\Eclipse\DatConverter\converter.dat\src\main\resources
2019-03-30 16:30:06,319 [Worker-67: Building workspace] INFO  o.e.m.c.i.embedder.EclipseLogger - Using 'UTF-8' encoding to copy filtered resources.
2019-03-30 16:30:06,319 [Worker-67: Building workspace] INFO  o.e.m.c.i.embedder.EclipseLogger - skip non existing resourceDirectory D:\Java\Eclipse\DatConverter\converter.dat\src\test\resources
2019-03-30 16:30:16,320 [Worker-74: Building workspace] INFO  o.e.m.c.i.embedder.EclipseLogger - Using 'UTF-8' encoding to copy filtered resources.
2019-03-30 16:30:16,321 [Worker-74: Building workspace] INFO  o.e.m.c.i.embedder.EclipseLogger - skip non existing resourceDirectory D:\Java\Eclipse\DatConverter\converter.dat\src\main\resources
2019-03-30 16:30:16,322 [Worker-74: Building workspace] INFO  o.e.m.c.i.embedder.EclipseLogger - Using 'UTF-8' encoding to copy filtered resources.
2019-03-30 16:30:16,323 [Worker-74: Building workspace] INFO  o.e.m.c.i.embedder.EclipseLogger - skip non existing resourceDirectory D:\Java\Eclipse\DatConverter\converter.dat\src\test\resources
2019-03-30 16:30:23,584 [Worker-74: Building workspace] INFO  o.e.m.c.i.embedder.EclipseLogger - Using 'UTF-8' encoding to copy filtered resources.
2019-03-30 16:30:23,584 [Worker-74: Building workspace] INFO  o.e.m.c.i.embedder.EclipseLogger - skip non existing resourceDirectory D:\Java\Eclipse\DatConverter\converter.dat\src\main\resources
2019-03-30 16:30:23,585 [Worker-74: Building workspace] INFO  o.e.m.c.i.embedder.EclipseLogger - Using 'UTF-8' encoding to copy filtered resources.
2019-03-30 16:30:23,586 [Worker-74: Building workspace] INFO  o.e.m.c.i.embedder.EclipseLogger - skip non existing resourceDirectory D:\Java\Eclipse\DatConverter\converter.dat\src\test\resources
2019-03-30 16:30:33,531 [Worker-76: Building workspace] INFO  o.e.m.c.i.embedder.EclipseLogger - Using 'UTF-8' encoding to copy filtered resources.
2019-03-30 16:30:33,532 [Worker-76: Building workspace] INFO  o.e.m.c.i.embedder.EclipseLogger - skip non existing resourceDirectory D:\Java\Eclipse\DatConverter\converter.dat\src\main\resources
2019-03-30 16:30:33,533 [Worker-76: Building workspace] INFO  o.e.m.c.i.embedder.EclipseLogger - Using 'UTF-8' encoding to copy filtered resources.
2019-03-30 16:30:33,534 [Worker-76: Building workspace] INFO  o.e.m.c.i.embedder.EclipseLogger - skip non existing resourceDirectory D:\Java\Eclipse\DatConverter\converter.dat\src\test\resources
2019-03-30 16:31:07,825 [Worker-73: Launching App] INFO  o.e.m.c.i.embedder.EclipseLogger - Using 'UTF-8' encoding to copy filtered resources.
2019-03-30 16:31:07,826 [Worker-73: Launching App] INFO  o.e.m.c.i.embedder.EclipseLogger - skip non existing resourceDirectory D:\Java\Eclipse\DatConverter\converter.dat\src\main\resources
2019-03-30 16:31:07,827 [Worker-73: Launching App] INFO  o.e.m.c.i.embedder.EclipseLogger - Using 'UTF-8' encoding to copy filtered resources.
2019-03-30 16:31:07,827 [Worker-73: Launching App] INFO  o.e.m.c.i.embedder.EclipseLogger - skip non existing resourceDirectory D:\Java\Eclipse\DatConverter\converter.dat\src\test\resources
2019-03-30 16:32:04,210 [Worker-67: Building workspace] INFO  o.e.m.c.i.embedder.EclipseLogger - Using 'UTF-8' encoding to copy filtered resources.
2019-03-30 16:32:04,211 [Worker-67: Building workspace] INFO  o.e.m.c.i.embedder.EclipseLogger - skip non existing resourceDirectory D:\Java\Eclipse\DatConverter\converter.dat\src\main\resources
2019-03-30 16:32:04,212 [Worker-67: Building workspace] INFO  o.e.m.c.i.embedder.EclipseLogger - Using 'UTF-8' encoding to copy filtered resources.
2019-03-30 16:32:04,213 [Worker-67: Building workspace] INFO  o.e.m.c.i.embedder.EclipseLogger - skip non existing resourceDirectory D:\Java\Eclipse\DatConverter\converter.dat\src\test\resources
2019-03-30 16:32:15,812 [Worker-76: Building workspace] INFO  o.e.m.c.i.embedder.EclipseLogger - Using 'UTF-8' encoding to copy filtered resources.
2019-03-30 16:32:15,812 [Worker-76: Building workspace] INFO  o.e.m.c.i.embedder.EclipseLogger - skip non existing resourceDirectory D:\Java\Eclipse\DatConverter\converter.dat\src\main\resources
2019-03-30 16:32:15,813 [Worker-76: Building workspace] INFO  o.e.m.c.i.embedder.EclipseLogger - Using 'UTF-8' encoding to copy filtered resources.
2019-03-30 16:32:15,814 [Worker-76: Building workspace] INFO  o.e.m.c.i.embedder.EclipseLogger - skip non existing resourceDirectory D:\Java\Eclipse\DatConverter\converter.dat\src\test\resources
2019-03-30 16:32:27,643 [Worker-73: Building workspace] INFO  o.e.m.c.i.embedder.EclipseLogger - Using 'UTF-8' encoding to copy filtered resources.
2019-03-30 16:32:27,643 [Worker-73: Building workspace] INFO  o.e.m.c.i.embedder.EclipseLogger - skip non existing resourceDirectory D:\Java\Eclipse\DatConverter\converter.dat\src\main\resources
2019-03-30 16:32:27,644 [Worker-73: Building workspace] INFO  o.e.m.c.i.embedder.EclipseLogger - Using 'UTF-8' encoding to copy filtered resources.
2019-03-30 16:32:27,645 [Worker-73: Building workspace] INFO  o.e.m.c.i.embedder.EclipseLogger - skip non existing resourceDirectory D:\Java\Eclipse\DatConverter\converter.dat\src\test\resources
2019-03-30 16:32:50,625 [Worker-76: Building workspace] INFO  o.e.m.c.i.embedder.EclipseLogger - Using 'UTF-8' encoding to copy filtered resources.
2019-03-30 16:32:50,626 [Worker-76: Building workspace] INFO  o.e.m.c.i.embedder.EclipseLogger - skip non existing resourceDirectory D:\Java\Eclipse\DatConverter\converter.dat\src\main\resources
2019-03-30 16:32:50,628 [Worker-76: Building workspace] INFO  o.e.m.c.i.embedder.EclipseLogger - Using 'UTF-8' encoding to copy filtered resources.
2019-03-30 16:32:50,628 [Worker-76: Building workspace] INFO  o.e.m.c.i.embedder.EclipseLogger - skip non existing resourceDirectory D:\Java\Eclipse\DatConverter\converter.dat\src\test\resources
2019-03-30 16:33:05,127 [Worker-77: Building workspace] INFO  o.e.m.c.i.embedder.EclipseLogger - Using 'UTF-8' encoding to copy filtered resources.
2019-03-30 16:33:05,127 [Worker-77: Building workspace] INFO  o.e.m.c.i.embedder.EclipseLogger - skip non existing resourceDirectory D:\Java\Eclipse\DatConverter\converter.dat\src\main\resources
2019-03-30 16:33:05,129 [Worker-77: Building workspace] INFO  o.e.m.c.i.embedder.EclipseLogger - Using 'UTF-8' encoding to copy filtered resources.
2019-03-30 16:33:05,130 [Worker-77: Building workspace] INFO  o.e.m.c.i.embedder.EclipseLogger - skip non existing resourceDirectory D:\Java\Eclipse\DatConverter\converter.dat\src\test\resources
2019-03-30 16:34:13,529 [Worker-73: Building workspace] INFO  o.e.m.c.i.embedder.EclipseLogger - Using 'UTF-8' encoding to copy filtered resources.
2019-03-30 16:34:13,530 [Worker-73: Building workspace] INFO  o.e.m.c.i.embedder.EclipseLogger - skip non existing resourceDirectory D:\Java\Eclipse\DatConverter\converter.dat\src\main\resources
2019-03-30 16:34:13,531 [Worker-73: Building workspace] INFO  o.e.m.c.i.embedder.EclipseLogger - Using 'UTF-8' encoding to copy filtered resources.
2019-03-30 16:34:13,531 [Worker-73: Building workspace] INFO  o.e.m.c.i.embedder.EclipseLogger - skip non existing resourceDirectory D:\Java\Eclipse\DatConverter\converter.dat\src\test\resources
2019-03-30 16:35:18,635 [Worker-0: Loading available Gradle versions] INFO  o.e.b.c.i.u.g.PublishedGradleVersions - Gradle version information cache is up-to-date. Trying to read.
2019-03-30 16:36:23,648 [Worker-5: Loading available Gradle versions] INFO  o.e.b.c.i.u.g.PublishedGradleVersions - Gradle version information cache is up-to-date. Trying to read.
2019-03-30 16:39:44,356 [Worker-12: Creating maven-archetype-quickstart] INFO  o.e.m.c.i.p.ProjectConfigurationManager - Collecting project info '/pom.xml' D:\Java\Eclipse\DatConverter\dat\pom.xml
2019-03-30 16:39:45,931 [Worker-12: Creating maven-archetype-quickstart] INFO  o.e.m.c.i.l.LifecycleMappingFactory - Using org.eclipse.m2e.jdt.JarLifecycleMapping lifecycle mapping for MavenProject: info.aaemu.converter:dat:0.0.1-SNAPSHOT @ D:\Java\Eclipse\DatConverter\dat\pom.xml.
2019-03-30 16:39:46,784 [Worker-12: Creating maven-archetype-quickstart] INFO  o.e.m.j.i.AbstractJavaProjectConfigurator - Adding source folder /dat/src/main/java
2019-03-30 16:39:46,791 [Worker-12: Creating maven-archetype-quickstart] INFO  o.e.m.j.i.AbstractJavaProjectConfigurator - Adding source folder /dat/src/test/java
2019-03-30 16:39:46,936 [Worker-12: Creating maven-archetype-quickstart] INFO  o.e.m.c.i.p.ProjectConfigurationManager - Imported and configured 1 project(s) in 2 sec
2019-03-30 16:39:48,399 [Worker-9: Building workspace] INFO  o.e.m.c.i.embedder.EclipseLogger - Using 'UTF-8' encoding to copy filtered resources.
2019-03-30 16:39:48,399 [Worker-9: Building workspace] INFO  o.e.m.c.i.embedder.EclipseLogger - skip non existing resourceDirectory D:\Java\Eclipse\DatConverter\dat\src\main\resources
2019-03-30 16:39:48,407 [Worker-9: Building workspace] INFO  o.e.m.c.i.embedder.EclipseLogger - Using 'UTF-8' encoding to copy filtered resources.
2019-03-30 16:39:48,408 [Worker-9: Building workspace] INFO  o.e.m.c.i.embedder.EclipseLogger - skip non existing resourceDirectory D:\Java\Eclipse\DatConverter\dat\src\test\resources
2019-03-30 16:40:23,998 [Worker-11: Building workspace] INFO  o.e.m.c.i.l.LifecycleMappingFactory - Using org.eclipse.m2e.jdt.JarLifecycleMapping lifecycle mapping for MavenProject: info.aaemu.converter:dat:0.0.1-SNAPSHOT @ D:\Java\Eclipse\DatConverter\dat\pom.xml.
2019-03-30 16:40:24,513 [Worker-11: Building workspace] INFO  o.e.m.c.i.embedder.EclipseLogger - Using 'UTF-8' encoding to copy filtered resources.
2019-03-30 16:40:24,514 [Worker-11: Building workspace] INFO  o.e.m.c.i.embedder.EclipseLogger - skip non existing resourceDirectory D:\Java\Eclipse\DatConverter\dat\src\main\resources
2019-03-30 16:40:24,518 [Worker-11: Building workspace] INFO  o.e.m.c.i.embedder.EclipseLogger - Using 'UTF-8' encoding to copy filtered resources.
2019-03-30 16:40:24,518 [Worker-11: Building workspace] INFO  o.e.m.c.i.embedder.EclipseLogger - skip non existing resourceDirectory D:\Java\Eclipse\DatConverter\dat\src\test\resources
2019-03-30 16:40:26,598 [Worker-2: Building workspace] INFO  o.e.m.c.i.embedder.EclipseLogger - Using 'UTF-8' encoding to copy filtered resources.
2019-03-30 16:40:26,598 [Worker-2: Building workspace] INFO  o.e.m.c.i.embedder.EclipseLogger - skip non existing resourceDirectory D:\Java\Eclipse\DatConverter\dat\src\main\resources
2019-03-30 16:40:26,601 [Worker-2: Building workspace] INFO  o.e.m.c.i.embedder.EclipseLogger - Using 'UTF-8' encoding to copy filtered resources.
2019-03-30 16:40:26,601 [Worker-2: Building workspace] INFO  o.e.m.c.i.embedder.EclipseLogger - skip non existing resourceDirectory D:\Java\Eclipse\DatConverter\dat\src\test\resources
2019-03-30 16:41:58,365 [Worker-14: Launching App (1)] INFO  o.e.m.c.i.embedder.EclipseLogger - Using 'UTF-8' encoding to copy filtered resources.
2019-03-30 16:41:58,367 [Worker-14: Launching App (1)] INFO  o.e.m.c.i.embedder.EclipseLogger - skip non existing resourceDirectory D:\Java\Eclipse\DatConverter\dat\src\main\resources
2019-03-30 16:41:58,370 [Worker-14: Launching App (1)] INFO  o.e.m.c.i.embedder.EclipseLogger - Using 'UTF-8' encoding to copy filtered resources.
2019-03-30 16:41:58,371 [Worker-14: Launching App (1)] INFO  o.e.m.c.i.embedder.EclipseLogger - skip non existing resourceDirectory D:\Java\Eclipse\DatConverter\dat\src\test\resources
2019-03-30 16:42:46,225 [Worker-11: Building workspace] INFO  o.e.m.c.i.embedder.EclipseLogger - Using 'UTF-8' encoding to copy filtered resources.
2019-03-30 16:42:46,226 [Worker-11: Building workspace] INFO  o.e.m.c.i.embedder.EclipseLogger - skip non existing resourceDirectory D:\Java\Eclipse\DatConverter\dat\src\main\resources
2019-03-30 16:42:46,229 [Worker-11: Building workspace] INFO  o.e.m.c.i.embedder.EclipseLogger - Using 'UTF-8' encoding to copy filtered resources.
2019-03-30 16:42:46,230 [Worker-11: Building workspace] INFO  o.e.m.c.i.embedder.EclipseLogger - skip non existing resourceDirectory D:\Java\Eclipse\DatConverter\dat\src\test\resources
2019-03-30 16:42:55,138 [Worker-2: Building workspace] INFO  o.e.m.c.i.embedder.EclipseLogger - Using 'UTF-8' encoding to copy filtered resources.
2019-03-30 16:42:55,139 [Worker-2: Building workspace] INFO  o.e.m.c.i.embedder.EclipseLogger - skip non existing resourceDirectory D:\Java\Eclipse\DatConverter\dat\src\main\resources
2019-03-30 16:42:55,142 [Worker-2: Building workspace] INFO  o.e.m.c.i.embedder.EclipseLogger - Using 'UTF-8' encoding to copy filtered resources.
2019-03-30 16:42:55,143 [Worker-2: Building workspace] INFO  o.e.m.c.i.embedder.EclipseLogger - skip non existing resourceDirectory D:\Java\Eclipse\DatConverter\dat\src\test\resources
2019-03-30 16:43:59,193 [Worker-14: Launching App (1)] INFO  o.e.m.c.i.embedder.EclipseLogger - Using 'UTF-8' encoding to copy filtered resources.
2019-03-30 16:43:59,194 [Worker-14: Launching App (1)] INFO  o.e.m.c.i.embedder.EclipseLogger - skip non existing resourceDirectory D:\Java\Eclipse\DatConverter\dat\src\main\resources
2019-03-30 16:43:59,196 [Worker-14: Launching App (1)] INFO  o.e.m.c.i.embedder.EclipseLogger - Using 'UTF-8' encoding to copy filtered resources.
2019-03-30 16:43:59,197 [Worker-14: Launching App (1)] INFO  o.e.m.c.i.embedder.EclipseLogger - skip non existing resourceDirectory D:\Java\Eclipse\DatConverter\dat\src\test\resources
2019-03-30 16:44:25,890 [Worker-2: Launching App (1)] INFO  o.e.m.c.i.embedder.EclipseLogger - Using 'UTF-8' encoding to copy filtered resources.
2019-03-30 16:44:25,891 [Worker-2: Launching App (1)] INFO  o.e.m.c.i.embedder.EclipseLogger - skip non existing resourceDirectory D:\Java\Eclipse\DatConverter\dat\src\main\resources
2019-03-30 16:44:25,895 [Worker-2: Launching App (1)] INFO  o.e.m.c.i.embedder.EclipseLogger - Using 'UTF-8' encoding to copy filtered resources.
2019-03-30 16:44:25,896 [Worker-2: Launching App (1)] INFO  o.e.m.c.i.embedder.EclipseLogger - skip non existing resourceDirectory D:\Java\Eclipse\DatConverter\dat\src\test\resources
2019-03-30 16:45:32,869 [Worker-11: Launching App (1)] INFO  o.e.m.c.i.embedder.EclipseLogger - Using 'UTF-8' encoding to copy filtered resources.
2019-03-30 16:45:32,870 [Worker-11: Launching App (1)] INFO  o.e.m.c.i.embedder.EclipseLogger - skip non existing resourceDirectory D:\Java\Eclipse\DatConverter\dat\src\main\resources
2019-03-30 16:45:32,875 [Worker-11: Launching App (1)] INFO  o.e.m.c.i.embedder.EclipseLogger - Using 'UTF-8' encoding to copy filtered resources.
2019-03-30 16:45:32,876 [Worker-11: Launching App (1)] INFO  o.e.m.c.i.embedder.EclipseLogger - skip non existing resourceDirectory D:\Java\Eclipse\DatConverter\dat\src\test\resources
2019-03-30 16:45:48,381 [Worker-13: Launching App (1)] INFO  o.e.m.c.i.embedder.EclipseLogger - Using 'UTF-8' encoding to copy filtered resources.
2019-03-30 16:45:48,382 [Worker-13: Launching App (1)] INFO  o.e.m.c.i.embedder.EclipseLogger - skip non existing resourceDirectory D:\Java\Eclipse\DatConverter\dat\src\main\resources
2019-03-30 16:45:48,385 [Worker-13: Launching App (1)] INFO  o.e.m.c.i.embedder.EclipseLogger - Using 'UTF-8' encoding to copy filtered resources.
2019-03-30 16:45:48,386 [Worker-13: Launching App (1)] INFO  o.e.m.c.i.embedder.EclipseLogger - skip non existing resourceDirectory D:\Java\Eclipse\DatConverter\dat\src\test\resources
2019-03-30 16:46:10,330 [Worker-11: Launching App (1)] INFO  o.e.m.c.i.embedder.EclipseLogger - Using 'UTF-8' encoding to copy filtered resources.
2019-03-30 16:46:10,331 [Worker-11: Launching App (1)] INFO  o.e.m.c.i.embedder.EclipseLogger - skip non existing resourceDirectory D:\Java\Eclipse\DatConverter\dat\src\main\resources
2019-03-30 16:46:10,333 [Worker-11: Launching App (1)] INFO  o.e.m.c.i.embedder.EclipseLogger - Using 'UTF-8' encoding to copy filtered resources.
2019-03-30 16:46:10,333 [Worker-11: Launching App (1)] INFO  o.e.m.c.i.embedder.EclipseLogger - skip non existing resourceDirectory D:\Java\Eclipse\DatConverter\dat\src\test\resources
2019-03-30 16:46:29,973 [Worker-2: Launching App (1)] INFO  o.e.m.c.i.embedder.EclipseLogger - Using 'UTF-8' encoding to copy filtered resources.
2019-03-30 16:46:29,974 [Worker-2: Launching App (1)] INFO  o.e.m.c.i.embedder.EclipseLogger - skip non existing resourceDirectory D:\Java\Eclipse\DatConverter\dat\src\main\resources
2019-03-30 16:46:29,977 [Worker-2: Launching App (1)] INFO  o.e.m.c.i.embedder.EclipseLogger - Using 'UTF-8' encoding to copy filtered resources.
2019-03-30 16:46:29,978 [Worker-2: Launching App (1)] INFO  o.e.m.c.i.embedder.EclipseLogger - skip non existing resourceDirectory D:\Java\Eclipse\DatConverter\dat\src\test\resources
2019-03-30 16:46:50,997 [Worker-13: Launching App (1)] INFO  o.e.m.c.i.embedder.EclipseLogger - Using 'UTF-8' encoding to copy filtered resources.
2019-03-30 16:46:50,998 [Worker-13: Launching App (1)] INFO  o.e.m.c.i.embedder.EclipseLogger - skip non existing resourceDirectory D:\Java\Eclipse\DatConverter\dat\src\main\resources
2019-03-30 16:46:51,001 [Worker-13: Launching App (1)] INFO  o.e.m.c.i.embedder.EclipseLogger - Using 'UTF-8' encoding to copy filtered resources.
2019-03-30 16:46:51,002 [Worker-13: Launching App (1)] INFO  o.e.m.c.i.embedder.EclipseLogger - skip non existing resourceDirectory D:\Java\Eclipse\DatConverter\dat\src\test\resources
2019-03-30 16:48:28,830 [Worker-9: Building workspace] INFO  o.e.m.c.i.embedder.EclipseLogger - Using 'UTF-8' encoding to copy filtered resources.
2019-03-30 16:48:28,831 [Worker-9: Building workspace] INFO  o.e.m.c.i.embedder.EclipseLogger - skip non existing resourceDirectory D:\Java\Eclipse\DatConverter\dat\src\main\resources
2019-03-30 16:48:28,834 [Worker-9: Building workspace] INFO  o.e.m.c.i.embedder.EclipseLogger - Using 'UTF-8' encoding to copy filtered resources.
2019-03-30 16:48:28,835 [Worker-9: Building workspace] INFO  o.e.m.c.i.embedder.EclipseLogger - skip non existing resourceDirectory D:\Java\Eclipse\DatConverter\dat\src\test\resources
2019-03-30 16:54:00,271 [Worker-14: Building workspace] INFO  o.e.m.c.i.embedder.EclipseLogger - Using 'UTF-8' encoding to copy filtered resources.
2019-03-30 16:54:00,272 [Worker-14: Building workspace] INFO  o.e.m.c.i.embedder.EclipseLogger - skip non existing resourceDirectory D:\Java\Eclipse\DatConverter\dat\src\main\resources
2019-03-30 16:54:00,274 [Worker-14: Building workspace] INFO  o.e.m.c.i.embedder.EclipseLogger - Using 'UTF-8' encoding to copy filtered resources.
2019-03-30 16:54:00,275 [Worker-14: Building workspace] INFO  o.e.m.c.i.embedder.EclipseLogger - skip non existing resourceDirectory D:\Java\Eclipse\DatConverter\dat\src\test\resources
2019-03-30 16:54:25,867 [Worker-14: Building workspace] INFO  o.e.m.c.i.embedder.EclipseLogger - Using 'UTF-8' encoding to copy filtered resources.
2019-03-30 16:54:25,868 [Worker-14: Building workspace] INFO  o.e.m.c.i.embedder.EclipseLogger - skip non existing resourceDirectory D:\Java\Eclipse\DatConverter\dat\src\main\resources
2019-03-30 16:54:25,871 [Worker-14: Building workspace] INFO  o.e.m.c.i.embedder.EclipseLogger - Using 'UTF-8' encoding to copy filtered resources.
2019-03-30 16:54:25,872 [Worker-14: Building workspace] INFO  o.e.m.c.i.embedder.EclipseLogger - skip non existing resourceDirectory D:\Java\Eclipse\DatConverter\dat\src\test\resources
2019-03-30 16:54:29,238 [Worker-19: Building workspace] INFO  o.e.m.c.i.embedder.EclipseLogger - Using 'UTF-8' encoding to copy filtered resources.
2019-03-30 16:54:29,239 [Worker-19: Building workspace] INFO  o.e.m.c.i.embedder.EclipseLogger - skip non existing resourceDirectory D:\Java\Eclipse\DatConverter\dat\src\main\resources
2019-03-30 16:54:29,243 [Worker-19: Building workspace] INFO  o.e.m.c.i.embedder.EclipseLogger - Using 'UTF-8' encoding to copy filtered resources.
2019-03-30 16:54:29,244 [Worker-19: Building workspace] INFO  o.e.m.c.i.embedder.EclipseLogger - skip non existing resourceDirectory D:\Java\Eclipse\DatConverter\dat\src\test\resources
2019-03-30 16:55:02,050 [Worker-17: Building workspace] INFO  o.e.m.c.i.embedder.EclipseLogger - Using 'UTF-8' encoding to copy filtered resources.
2019-03-30 16:55:02,050 [Worker-17: Building workspace] INFO  o.e.m.c.i.embedder.EclipseLogger - skip non existing resourceDirectory D:\Java\Eclipse\DatConverter\dat\src\main\resources
2019-03-30 16:55:02,053 [Worker-17: Building workspace] INFO  o.e.m.c.i.embedder.EclipseLogger - Using 'UTF-8' encoding to copy filtered resources.
2019-03-30 16:55:02,053 [Worker-17: Building workspace] INFO  o.e.m.c.i.embedder.EclipseLogger - skip non existing resourceDirectory D:\Java\Eclipse\DatConverter\dat\src\test\resources
2019-03-30 16:55:05,679 [Worker-17: Building workspace] INFO  o.e.m.c.i.embedder.EclipseLogger - Using 'UTF-8' encoding to copy filtered resources.
2019-03-30 16:55:05,680 [Worker-17: Building workspace] INFO  o.e.m.c.i.embedder.EclipseLogger - skip non existing resourceDirectory D:\Java\Eclipse\DatConverter\dat\src\main\resources
2019-03-30 16:55:05,683 [Worker-17: Building workspace] INFO  o.e.m.c.i.embedder.EclipseLogger - Using 'UTF-8' encoding to copy filtered resources.
2019-03-30 16:55:05,684 [Worker-17: Building workspace] INFO  o.e.m.c.i.embedder.EclipseLogger - skip non existing resourceDirectory D:\Java\Eclipse\DatConverter\dat\src\test\resources
2019-03-30 16:55:09,156 [Worker-18: Building workspace] INFO  o.e.m.c.i.embedder.EclipseLogger - Using 'UTF-8' encoding to copy filtered resources.
2019-03-30 16:55:09,157 [Worker-18: Building workspace] INFO  o.e.m.c.i.embedder.EclipseLogger - skip non existing resourceDirectory D:\Java\Eclipse\DatConverter\dat\src\main\resources
2019-03-30 16:55:09,160 [Worker-18: Building workspace] INFO  o.e.m.c.i.embedder.EclipseLogger - Using 'UTF-8' encoding to copy filtered resources.
2019-03-30 16:55:09,160 [Worker-18: Building workspace] INFO  o.e.m.c.i.embedder.EclipseLogger - skip non existing resourceDirectory D:\Java\Eclipse\DatConverter\dat\src\test\resources
2019-03-30 16:55:42,182 [Worker-19: Building workspace] INFO  o.e.m.c.i.embedder.EclipseLogger - Using 'UTF-8' encoding to copy filtered resources.
2019-03-30 16:55:42,183 [Worker-19: Building workspace] INFO  o.e.m.c.i.embedder.EclipseLogger - skip non existing resourceDirectory D:\Java\Eclipse\DatConverter\dat\src\main\resources
2019-03-30 16:55:42,186 [Worker-19: Building workspace] INFO  o.e.m.c.i.embedder.EclipseLogger - Using 'UTF-8' encoding to copy filtered resources.
2019-03-30 16:55:42,187 [Worker-19: Building workspace] INFO  o.e.m.c.i.embedder.EclipseLogger - skip non existing resourceDirectory D:\Java\Eclipse\DatConverter\dat\src\test\resources
2019-03-30 16:56:08,342 [Worker-19: Building workspace] INFO  o.e.m.c.i.embedder.EclipseLogger - Using 'UTF-8' encoding to copy filtered resources.
2019-03-30 16:56:08,343 [Worker-19: Building workspace] INFO  o.e.m.c.i.embedder.EclipseLogger - skip non existing resourceDirectory D:\Java\Eclipse\DatConverter\dat\src\main\resources
2019-03-30 16:56:08,346 [Worker-19: Building workspace] INFO  o.e.m.c.i.embedder.EclipseLogger - Using 'UTF-8' encoding to copy filtered resources.
2019-03-30 16:56:08,347 [Worker-19: Building workspace] INFO  o.e.m.c.i.embedder.EclipseLogger - skip non existing resourceDirectory D:\Java\Eclipse\DatConverter\dat\src\test\resources
2019-03-30 16:56:47,481 [Worker-19: Building workspace] INFO  o.e.m.c.i.embedder.EclipseLogger - Using 'UTF-8' encoding to copy filtered resources.
2019-03-30 16:56:47,482 [Worker-19: Building workspace] INFO  o.e.m.c.i.embedder.EclipseLogger - skip non existing resourceDirectory D:\Java\Eclipse\DatConverter\dat\src\main\resources
2019-03-30 16:56:47,484 [Worker-19: Building workspace] INFO  o.e.m.c.i.embedder.EclipseLogger - Using 'UTF-8' encoding to copy filtered resources.
2019-03-30 16:56:47,485 [Worker-19: Building workspace] INFO  o.e.m.c.i.embedder.EclipseLogger - skip non existing resourceDirectory D:\Java\Eclipse\DatConverter\dat\src\test\resources
2019-03-30 16:57:11,569 [Worker-18: Building workspace] INFO  o.e.m.c.i.embedder.EclipseLogger - Using 'UTF-8' encoding to copy filtered resources.
2019-03-30 16:57:11,571 [Worker-18: Building workspace] INFO  o.e.m.c.i.embedder.EclipseLogger - skip non existing resourceDirectory D:\Java\Eclipse\DatConverter\dat\src\main\resources
2019-03-30 16:57:11,574 [Worker-18: Building workspace] INFO  o.e.m.c.i.embedder.EclipseLogger - Using 'UTF-8' encoding to copy filtered resources.
2019-03-30 16:57:11,574 [Worker-18: Building workspace] INFO  o.e.m.c.i.embedder.EclipseLogger - skip non existing resourceDirectory D:\Java\Eclipse\DatConverter\dat\src\test\resources
2019-03-30 16:57:25,583 [Worker-18: Building workspace] INFO  o.e.m.c.i.embedder.EclipseLogger - Using 'UTF-8' encoding to copy filtered resources.
2019-03-30 16:57:25,583 [Worker-18: Building workspace] INFO  o.e.m.c.i.embedder.EclipseLogger - skip non existing resourceDirectory D:\Java\Eclipse\DatConverter\dat\src\main\resources
2019-03-30 16:57:25,585 [Worker-18: Building workspace] INFO  o.e.m.c.i.embedder.EclipseLogger - Using 'UTF-8' encoding to copy filtered resources.
2019-03-30 16:57:25,586 [Worker-18: Building workspace] INFO  o.e.m.c.i.embedder.EclipseLogger - skip non existing resourceDirectory D:\Java\Eclipse\DatConverter\dat\src\test\resources
2019-03-30 16:57:36,492 [Worker-17: Building workspace] INFO  o.e.m.c.i.embedder.EclipseLogger - Using 'UTF-8' encoding to copy filtered resources.
2019-03-30 16:57:36,493 [Worker-17: Building workspace] INFO  o.e.m.c.i.embedder.EclipseLogger - skip non existing resourceDirectory D:\Java\Eclipse\DatConverter\dat\src\main\resources
2019-03-30 16:57:36,495 [Worker-17: Building workspace] INFO  o.e.m.c.i.embedder.EclipseLogger - Using 'UTF-8' encoding to copy filtered resources.
2019-03-30 16:57:36,496 [Worker-17: Building workspace] INFO  o.e.m.c.i.embedder.EclipseLogger - skip non existing resourceDirectory D:\Java\Eclipse\DatConverter\dat\src\test\resources
2019-03-30 16:57:52,095 [Worker-18: Building workspace] INFO  o.e.m.c.i.embedder.EclipseLogger - Using 'UTF-8' encoding to copy filtered resources.
2019-03-30 16:57:52,095 [Worker-18: Building workspace] INFO  o.e.m.c.i.embedder.EclipseLogger - skip non existing resourceDirectory D:\Java\Eclipse\DatConverter\dat\src\main\resources
2019-03-30 16:57:52,098 [Worker-18: Building workspace] INFO  o.e.m.c.i.embedder.EclipseLogger - Using 'UTF-8' encoding to copy filtered resources.
2019-03-30 16:57:52,098 [Worker-18: Building workspace] INFO  o.e.m.c.i.embedder.EclipseLogger - skip non existing resourceDirectory D:\Java\Eclipse\DatConverter\dat\src\test\resources
2019-03-30 16:58:15,485 [Worker-19: Building workspace] INFO  o.e.m.c.i.embedder.EclipseLogger - Using 'UTF-8' encoding to copy filtered resources.
2019-03-30 16:58:15,485 [Worker-19: Building workspace] INFO  o.e.m.c.i.embedder.EclipseLogger - skip non existing resourceDirectory D:\Java\Eclipse\DatConverter\dat\src\main\resources
2019-03-30 16:58:15,487 [Worker-19: Building workspace] INFO  o.e.m.c.i.embedder.EclipseLogger - Using 'UTF-8' encoding to copy filtered resources.
2019-03-30 16:58:15,488 [Worker-19: Building workspace] INFO  o.e.m.c.i.embedder.EclipseLogger - skip non existing resourceDirectory D:\Java\Eclipse\DatConverter\dat\src\test\resources
2019-03-30 16:58:19,594 [Worker-18: Launching App (1)] INFO  o.e.m.c.i.embedder.EclipseLogger - Using 'UTF-8' encoding to copy filtered resources.
2019-03-30 16:58:19,595 [Worker-18: Launching App (1)] INFO  o.e.m.c.i.embedder.EclipseLogger - skip non existing resourceDirectory D:\Java\Eclipse\DatConverter\dat\src\main\resources
2019-03-30 16:58:19,597 [Worker-18: Launching App (1)] INFO  o.e.m.c.i.embedder.EclipseLogger - Using 'UTF-8' encoding to copy filtered resources.
2019-03-30 16:58:19,598 [Worker-18: Launching App (1)] INFO  o.e.m.c.i.embedder.EclipseLogger - skip non existing resourceDirectory D:\Java\Eclipse\DatConverter\dat\src\test\resources
2019-03-30 16:59:36,676 [Worker-19: Building workspace] INFO  o.e.m.c.i.embedder.EclipseLogger - Using 'UTF-8' encoding to copy filtered resources.
2019-03-30 16:59:36,676 [Worker-19: Building workspace] INFO  o.e.m.c.i.embedder.EclipseLogger - skip non existing resourceDirectory D:\Java\Eclipse\DatConverter\dat\src\main\resources
2019-03-30 16:59:36,678 [Worker-19: Building workspace] INFO  o.e.m.c.i.embedder.EclipseLogger - Using 'UTF-8' encoding to copy filtered resources.
2019-03-30 16:59:36,679 [Worker-19: Building workspace] INFO  o.e.m.c.i.embedder.EclipseLogger - skip non existing resourceDirectory D:\Java\Eclipse\DatConverter\dat\src\test\resources
2019-03-30 17:00:22,161 [Worker-14: Building workspace] INFO  o.e.m.c.i.embedder.EclipseLogger - Using 'UTF-8' encoding to copy filtered resources.
2019-03-30 17:00:22,162 [Worker-14: Building workspace] INFO  o.e.m.c.i.embedder.EclipseLogger - skip non existing resourceDirectory D:\Java\Eclipse\DatConverter\dat\src\main\resources
2019-03-30 17:00:22,164 [Worker-14: Building workspace] INFO  o.e.m.c.i.embedder.EclipseLogger - Using 'UTF-8' encoding to copy filtered resources.
2019-03-30 17:00:22,164 [Worker-14: Building workspace] INFO  o.e.m.c.i.embedder.EclipseLogger - skip non existing resourceDirectory D:\Java\Eclipse\DatConverter\dat\src\test\resources
2019-03-30 17:00:24,626 [Worker-18: Building workspace] INFO  o.e.m.c.i.embedder.EclipseLogger - Using 'UTF-8' encoding to copy filtered resources.
2019-03-30 17:00:24,627 [Worker-18: Building workspace] INFO  o.e.m.c.i.embedder.EclipseLogger - skip non existing resourceDirectory D:\Java\Eclipse\DatConverter\dat\src\main\resources
2019-03-30 17:00:24,629 [Worker-18: Building workspace] INFO  o.e.m.c.i.embedder.EclipseLogger - Using 'UTF-8' encoding to copy filtered resources.
2019-03-30 17:00:24,629 [Worker-18: Building workspace] INFO  o.e.m.c.i.embedder.EclipseLogger - skip non existing resourceDirectory D:\Java\Eclipse\DatConverter\dat\src\test\resources
2019-03-30 17:00:29,392 [Worker-14: Building workspace] INFO  o.e.m.c.i.embedder.EclipseLogger - Using 'UTF-8' encoding to copy filtered resources.
2019-03-30 17:00:29,393 [Worker-14: Building workspace] INFO  o.e.m.c.i.embedder.EclipseLogger - skip non existing resourceDirectory D:\Java\Eclipse\DatConverter\dat\src\main\resources
2019-03-30 17:00:29,395 [Worker-14: Building workspace] INFO  o.e.m.c.i.embedder.EclipseLogger - Using 'UTF-8' encoding to copy filtered resources.
2019-03-30 17:00:29,396 [Worker-14: Building workspace] INFO  o.e.m.c.i.embedder.EclipseLogger - skip non existing resourceDirectory D:\Java\Eclipse\DatConverter\dat\src\test\resources
2019-03-30 17:00:43,237 [Worker-19: Building workspace] INFO  o.e.m.c.i.embedder.EclipseLogger - Using 'UTF-8' encoding to copy filtered resources.
2019-03-30 17:00:43,238 [Worker-19: Building workspace] INFO  o.e.m.c.i.embedder.EclipseLogger - skip non existing resourceDirectory D:\Java\Eclipse\DatConverter\dat\src\main\resources
2019-03-30 17:00:43,239 [Worker-19: Building workspace] INFO  o.e.m.c.i.embedder.EclipseLogger - Using 'UTF-8' encoding to copy filtered resources.
2019-03-30 17:00:43,240 [Worker-19: Building workspace] INFO  o.e.m.c.i.embedder.EclipseLogger - skip non existing resourceDirectory D:\Java\Eclipse\DatConverter\dat\src\test\resources
2019-03-30 17:00:50,767 [Worker-16: Launching App (1)] INFO  o.e.m.c.i.embedder.EclipseLogger - Using 'UTF-8' encoding to copy filtered resources.
2019-03-30 17:00:50,768 [Worker-16: Launching App (1)] INFO  o.e.m.c.i.embedder.EclipseLogger - skip non existing resourceDirectory D:\Java\Eclipse\DatConverter\dat\src\main\resources
2019-03-30 17:00:50,771 [Worker-16: Launching App (1)] INFO  o.e.m.c.i.embedder.EclipseLogger - Using 'UTF-8' encoding to copy filtered resources.
2019-03-30 17:00:50,771 [Worker-16: Launching App (1)] INFO  o.e.m.c.i.embedder.EclipseLogger - skip non existing resourceDirectory D:\Java\Eclipse\DatConverter\dat\src\test\resources
2019-03-30 17:01:00,987 [Worker-20: Building workspace] INFO  o.e.m.c.i.embedder.EclipseLogger - Using 'UTF-8' encoding to copy filtered resources.
2019-03-30 17:01:00,988 [Worker-20: Building workspace] INFO  o.e.m.c.i.embedder.EclipseLogger - skip non existing resourceDirectory D:\Java\Eclipse\DatConverter\dat\src\main\resources
2019-03-30 17:01:00,990 [Worker-20: Building workspace] INFO  o.e.m.c.i.embedder.EclipseLogger - Using 'UTF-8' encoding to copy filtered resources.
2019-03-30 17:01:00,991 [Worker-20: Building workspace] INFO  o.e.m.c.i.embedder.EclipseLogger - skip non existing resourceDirectory D:\Java\Eclipse\DatConverter\dat\src\test\resources
2019-03-30 17:01:19,480 [Worker-16: Building workspace] INFO  o.e.m.c.i.embedder.EclipseLogger - Using 'UTF-8' encoding to copy filtered resources.
2019-03-30 17:01:19,481 [Worker-16: Building workspace] INFO  o.e.m.c.i.embedder.EclipseLogger - skip non existing resourceDirectory D:\Java\Eclipse\DatConverter\dat\src\main\resources
2019-03-30 17:01:19,483 [Worker-16: Building workspace] INFO  o.e.m.c.i.embedder.EclipseLogger - Using 'UTF-8' encoding to copy filtered resources.
2019-03-30 17:01:19,484 [Worker-16: Building workspace] INFO  o.e.m.c.i.embedder.EclipseLogger - skip non existing resourceDirectory D:\Java\Eclipse\DatConverter\dat\src\test\resources
2019-03-30 17:01:25,999 [Worker-14: Launching App (1)] INFO  o.e.m.c.i.embedder.EclipseLogger - Using 'UTF-8' encoding to copy filtered resources.
2019-03-30 17:01:25,999 [Worker-14: Launching App (1)] INFO  o.e.m.c.i.embedder.EclipseLogger - skip non existing resourceDirectory D:\Java\Eclipse\DatConverter\dat\src\main\resources
2019-03-30 17:01:26,001 [Worker-14: Launching App (1)] INFO  o.e.m.c.i.embedder.EclipseLogger - Using 'UTF-8' encoding to copy filtered resources.
2019-03-30 17:01:26,001 [Worker-14: Launching App (1)] INFO  o.e.m.c.i.embedder.EclipseLogger - skip non existing resourceDirectory D:\Java\Eclipse\DatConverter\dat\src\test\resources
2019-03-30 17:01:37,064 [Worker-19: Launching App (1)] INFO  o.e.m.c.i.embedder.EclipseLogger - Using 'UTF-8' encoding to copy filtered resources.
2019-03-30 17:01:37,064 [Worker-19: Launching App (1)] INFO  o.e.m.c.i.embedder.EclipseLogger - skip non existing resourceDirectory D:\Java\Eclipse\DatConverter\dat\src\main\resources
2019-03-30 17:01:37,066 [Worker-19: Launching App (1)] INFO  o.e.m.c.i.embedder.EclipseLogger - Using 'UTF-8' encoding to copy filtered resources.
2019-03-30 17:01:37,066 [Worker-19: Launching App (1)] INFO  o.e.m.c.i.embedder.EclipseLogger - skip non existing resourceDirectory D:\Java\Eclipse\DatConverter\dat\src\test\resources
2019-03-30 17:01:48,989 [Worker-20: Launching App (1)] INFO  o.e.m.c.i.embedder.EclipseLogger - Using 'UTF-8' encoding to copy filtered resources.
2019-03-30 17:01:48,989 [Worker-20: Launching App (1)] INFO  o.e.m.c.i.embedder.EclipseLogger - skip non existing resourceDirectory D:\Java\Eclipse\DatConverter\dat\src\main\resources
2019-03-30 17:01:48,992 [Worker-20: Launching App (1)] INFO  o.e.m.c.i.embedder.EclipseLogger - Using 'UTF-8' encoding to copy filtered resources.
2019-03-30 17:01:48,992 [Worker-20: Launching App (1)] INFO  o.e.m.c.i.embedder.EclipseLogger - skip non existing resourceDirectory D:\Java\Eclipse\DatConverter\dat\src\test\resources
2019-03-30 17:02:14,505 [Worker-18: Building workspace] INFO  o.e.m.c.i.embedder.EclipseLogger - Using 'UTF-8' encoding to copy filtered resources.
2019-03-30 17:02:14,506 [Worker-18: Building workspace] INFO  o.e.m.c.i.embedder.EclipseLogger - skip non existing resourceDirectory D:\Java\Eclipse\DatConverter\dat\src\main\resources
2019-03-30 17:02:14,508 [Worker-18: Building workspace] INFO  o.e.m.c.i.embedder.EclipseLogger - Using 'UTF-8' encoding to copy filtered resources.
2019-03-30 17:02:14,509 [Worker-18: Building workspace] INFO  o.e.m.c.i.embedder.EclipseLogger - skip non existing resourceDirectory D:\Java\Eclipse\DatConverter\dat\src\test\resources
2019-03-30 17:02:22,697 [Worker-19: Building workspace] INFO  o.e.m.c.i.embedder.EclipseLogger - Using 'UTF-8' encoding to copy filtered resources.
2019-03-30 17:02:22,698 [Worker-19: Building workspace] INFO  o.e.m.c.i.embedder.EclipseLogger - skip non existing resourceDirectory D:\Java\Eclipse\DatConverter\dat\src\main\resources
2019-03-30 17:02:22,700 [Worker-19: Building workspace] INFO  o.e.m.c.i.embedder.EclipseLogger - Using 'UTF-8' encoding to copy filtered resources.
2019-03-30 17:02:22,701 [Worker-19: Building workspace] INFO  o.e.m.c.i.embedder.EclipseLogger - skip non existing resourceDirectory D:\Java\Eclipse\DatConverter\dat\src\test\resources
2019-03-30 17:02:41,499 [Worker-19: Building workspace] INFO  o.e.m.c.i.embedder.EclipseLogger - Using 'UTF-8' encoding to copy filtered resources.
2019-03-30 17:02:41,500 [Worker-19: Building workspace] INFO  o.e.m.c.i.embedder.EclipseLogger - skip non existing resourceDirectory D:\Java\Eclipse\DatConverter\dat\src\main\resources
2019-03-30 17:02:41,502 [Worker-19: Building workspace] INFO  o.e.m.c.i.embedder.EclipseLogger - Using 'UTF-8' encoding to copy filtered resources.
2019-03-30 17:02:41,502 [Worker-19: Building workspace] INFO  o.e.m.c.i.embedder.EclipseLogger - skip non existing resourceDirectory D:\Java\Eclipse\DatConverter\dat\src\test\resources
2019-03-30 17:02:49,091 [Worker-17: Building workspace] INFO  o.e.m.c.i.embedder.EclipseLogger - Using 'UTF-8' encoding to copy filtered resources.
2019-03-30 17:02:49,092 [Worker-17: Building workspace] INFO  o.e.m.c.i.embedder.EclipseLogger - skip non existing resourceDirectory D:\Java\Eclipse\DatConverter\dat\src\main\resources
2019-03-30 17:02:49,094 [Worker-17: Building workspace] INFO  o.e.m.c.i.embedder.EclipseLogger - Using 'UTF-8' encoding to copy filtered resources.
2019-03-30 17:02:49,095 [Worker-17: Building workspace] INFO  o.e.m.c.i.embedder.EclipseLogger - skip non existing resourceDirectory D:\Java\Eclipse\DatConverter\dat\src\test\resources
2019-03-30 17:03:05,233 [Worker-22: Building workspace] INFO  o.e.m.c.i.embedder.EclipseLogger - Using 'UTF-8' encoding to copy filtered resources.
2019-03-30 17:03:05,234 [Worker-22: Building workspace] INFO  o.e.m.c.i.embedder.EclipseLogger - skip non existing resourceDirectory D:\Java\Eclipse\DatConverter\dat\src\main\resources
2019-03-30 17:03:05,236 [Worker-22: Building workspace] INFO  o.e.m.c.i.embedder.EclipseLogger - Using 'UTF-8' encoding to copy filtered resources.
2019-03-30 17:03:05,237 [Worker-22: Building workspace] INFO  o.e.m.c.i.embedder.EclipseLogger - skip non existing resourceDirectory D:\Java\Eclipse\DatConverter\dat\src\test\resources
2019-03-30 17:03:29,223 [Worker-20: Building workspace] INFO  o.e.m.c.i.embedder.EclipseLogger - Using 'UTF-8' encoding to copy filtered resources.
2019-03-30 17:03:29,225 [Worker-20: Building workspace] INFO  o.e.m.c.i.embedder.EclipseLogger - skip non existing resourceDirectory D:\Java\Eclipse\DatConverter\dat\src\main\resources
2019-03-30 17:03:29,227 [Worker-20: Building workspace] INFO  o.e.m.c.i.embedder.EclipseLogger - Using 'UTF-8' encoding to copy filtered resources.
2019-03-30 17:03:29,228 [Worker-20: Building workspace] INFO  o.e.m.c.i.embedder.EclipseLogger - skip non existing resourceDirectory D:\Java\Eclipse\DatConverter\dat\src\test\resources
2019-03-30 17:04:03,722 [Worker-14: Launching App (1)] INFO  o.e.m.c.i.embedder.EclipseLogger - Using 'UTF-8' encoding to copy filtered resources.
2019-03-30 17:04:03,723 [Worker-14: Launching App (1)] INFO  o.e.m.c.i.embedder.EclipseLogger - skip non existing resourceDirectory D:\Java\Eclipse\DatConverter\dat\src\main\resources
2019-03-30 17:04:03,724 [Worker-14: Launching App (1)] INFO  o.e.m.c.i.embedder.EclipseLogger - Using 'UTF-8' encoding to copy filtered resources.
2019-03-30 17:04:03,725 [Worker-14: Launching App (1)] INFO  o.e.m.c.i.embedder.EclipseLogger - skip non existing resourceDirectory D:\Java\Eclipse\DatConverter\dat\src\test\resources
2019-03-30 17:04:09,541 [Worker-18: Launching App (1)] INFO  o.e.m.c.i.embedder.EclipseLogger - Using 'UTF-8' encoding to copy filtered resources.
2019-03-30 17:04:09,541 [Worker-18: Launching App (1)] INFO  o.e.m.c.i.embedder.EclipseLogger - skip non existing resourceDirectory D:\Java\Eclipse\DatConverter\dat\src\main\resources
2019-03-30 17:04:09,543 [Worker-18: Launching App (1)] INFO  o.e.m.c.i.embedder.EclipseLogger - Using 'UTF-8' encoding to copy filtered resources.
2019-03-30 17:04:09,544 [Worker-18: Launching App (1)] INFO  o.e.m.c.i.embedder.EclipseLogger - skip non existing resourceDirectory D:\Java\Eclipse\DatConverter\dat\src\test\resources
2019-03-30 17:05:46,769 [Worker-21: Launching App (1)] INFO  o.e.m.c.i.embedder.EclipseLogger - Using 'UTF-8' encoding to copy filtered resources.
2019-03-30 17:05:46,770 [Worker-21: Launching App (1)] INFO  o.e.m.c.i.embedder.EclipseLogger - skip non existing resourceDirectory D:\Java\Eclipse\DatConverter\dat\src\main\resources
2019-03-30 17:05:46,772 [Worker-21: Launching App (1)] INFO  o.e.m.c.i.embedder.EclipseLogger - Using 'UTF-8' encoding to copy filtered resources.
2019-03-30 17:05:46,772 [Worker-21: Launching App (1)] INFO  o.e.m.c.i.embedder.EclipseLogger - skip non existing resourceDirectory D:\Java\Eclipse\DatConverter\dat\src\test\resources
2019-03-30 17:05:54,074 [Worker-20: Launching App (1)] INFO  o.e.m.c.i.embedder.EclipseLogger - Using 'UTF-8' encoding to copy filtered resources.
2019-03-30 17:05:54,075 [Worker-20: Launching App (1)] INFO  o.e.m.c.i.embedder.EclipseLogger - skip non existing resourceDirectory D:\Java\Eclipse\DatConverter\dat\src\main\resources
2019-03-30 17:05:54,077 [Worker-20: Launching App (1)] INFO  o.e.m.c.i.embedder.EclipseLogger - Using 'UTF-8' encoding to copy filtered resources.
2019-03-30 17:05:54,078 [Worker-20: Launching App (1)] INFO  o.e.m.c.i.embedder.EclipseLogger - skip non existing resourceDirectory D:\Java\Eclipse\DatConverter\dat\src\test\resources
2019-03-30 17:05:58,575 [Worker-21: Building workspace] INFO  o.e.m.c.i.embedder.EclipseLogger - Using 'UTF-8' encoding to copy filtered resources.
2019-03-30 17:05:58,577 [Worker-21: Building workspace] INFO  o.e.m.c.i.embedder.EclipseLogger - skip non existing resourceDirectory D:\Java\Eclipse\DatConverter\dat\src\main\resources
2019-03-30 17:05:58,579 [Worker-21: Building workspace] INFO  o.e.m.c.i.embedder.EclipseLogger - Using 'UTF-8' encoding to copy filtered resources.
2019-03-30 17:05:58,579 [Worker-21: Building workspace] INFO  o.e.m.c.i.embedder.EclipseLogger - skip non existing resourceDirectory D:\Java\Eclipse\DatConverter\dat\src\test\resources
2019-03-30 17:09:03,723 [Worker-22: Building workspace] INFO  o.e.m.c.i.embedder.EclipseLogger - Using 'UTF-8' encoding to copy filtered resources.
2019-03-30 17:09:03,724 [Worker-22: Building workspace] INFO  o.e.m.c.i.embedder.EclipseLogger - skip non existing resourceDirectory D:\Java\Eclipse\DatConverter\dat\src\main\resources
2019-03-30 17:09:03,727 [Worker-22: Building workspace] INFO  o.e.m.c.i.embedder.EclipseLogger - Using 'UTF-8' encoding to copy filtered resources.
2019-03-30 17:09:03,728 [Worker-22: Building workspace] INFO  o.e.m.c.i.embedder.EclipseLogger - skip non existing resourceDirectory D:\Java\Eclipse\DatConverter\dat\src\test\resources
2019-03-30 17:09:08,754 [Worker-21: Building workspace] INFO  o.e.m.c.i.embedder.EclipseLogger - Using 'UTF-8' encoding to copy filtered resources.
2019-03-30 17:09:08,755 [Worker-21: Building workspace] INFO  o.e.m.c.i.embedder.EclipseLogger - skip non existing resourceDirectory D:\Java\Eclipse\DatConverter\dat\src\main\resources
2019-03-30 17:09:08,757 [Worker-21: Building workspace] INFO  o.e.m.c.i.embedder.EclipseLogger - Using 'UTF-8' encoding to copy filtered resources.
2019-03-30 17:09:08,758 [Worker-21: Building workspace] INFO  o.e.m.c.i.embedder.EclipseLogger - skip non existing resourceDirectory D:\Java\Eclipse\DatConverter\dat\src\test\resources
2019-03-30 17:09:22,037 [Worker-21: Building workspace] INFO  o.e.m.c.i.embedder.EclipseLogger - Using 'UTF-8' encoding to copy filtered resources.
2019-03-30 17:09:22,038 [Worker-21: Building workspace] INFO  o.e.m.c.i.embedder.EclipseLogger - skip non existing resourceDirectory D:\Java\Eclipse\DatConverter\dat\src\main\resources
2019-03-30 17:09:22,040 [Worker-21: Building workspace] INFO  o.e.m.c.i.embedder.EclipseLogger - Using 'UTF-8' encoding to copy filtered resources.
2019-03-30 17:09:22,040 [Worker-21: Building workspace] INFO  o.e.m.c.i.embedder.EclipseLogger - skip non existing resourceDirectory D:\Java\Eclipse\DatConverter\dat\src\test\resources
2019-03-30 17:13:07,877 [Worker-6: Loading available Gradle versions] INFO  o.e.b.c.i.u.g.PublishedGradleVersions - Gradle version information cache is up-to-date. Trying to read.
2019-03-30 17:13:12,152 [Worker-0: Updating Maven Dependencies] INFO  o.e.m.c.i.l.LifecycleMappingFactory - Using org.eclipse.m2e.jdt.JarLifecycleMapping lifecycle mapping for MavenProject: info.aaemu.converter:dat:0.0.1-SNAPSHOT @ D:\Java\Eclipse\DatConverter\dat\pom.xml.
2019-03-30 17:13:14,539 [Worker-16: Building workspace] INFO  o.e.m.c.i.embedder.EclipseLogger - Using 'UTF-8' encoding to copy filtered resources.
2019-03-30 17:13:14,539 [Worker-16: Building workspace] INFO  o.e.m.c.i.embedder.EclipseLogger - skip non existing resourceDirectory D:\Java\Eclipse\DatConverter\dat\src\main\resources
2019-03-30 17:13:14,544 [Worker-16: Building workspace] INFO  o.e.m.c.i.embedder.EclipseLogger - Using 'UTF-8' encoding to copy filtered resources.
2019-03-30 17:13:14,545 [Worker-16: Building workspace] INFO  o.e.m.c.i.embedder.EclipseLogger - skip non existing resourceDirectory D:\Java\Eclipse\DatConverter\dat\src\test\resources
2019-03-30 17:13:41,489 [Worker-10: Building workspace] INFO  o.e.m.c.i.embedder.EclipseLogger - Using 'UTF-8' encoding to copy filtered resources.
2019-03-30 17:13:41,490 [Worker-10: Building workspace] INFO  o.e.m.c.i.embedder.EclipseLogger - skip non existing resourceDirectory D:\Java\Eclipse\DatConverter\dat\src\main\resources
2019-03-30 17:13:41,493 [Worker-10: Building workspace] INFO  o.e.m.c.i.embedder.EclipseLogger - Using 'UTF-8' encoding to copy filtered resources.
2019-03-30 17:13:41,493 [Worker-10: Building workspace] INFO  o.e.m.c.i.embedder.EclipseLogger - skip non existing resourceDirectory D:\Java\Eclipse\DatConverter\dat\src\test\resources
